date,AAPL_monthly
2015/4/1 00:00,-6.896551724
2015/4/2 00:00,-29.62962963
2015/4/3 00:00,-57.89473684
2015/4/4 00:00,-25
2015/4/5 00:00,366.6666667
2015/4/6 00:00,14.28571429
2015/4/7 00:00,-6.25
2015/4/8 00:00,-3.333333333
2015/4/9 00:00,31.03448276
2015/4/10 00:00,-71.05263158
2015/4/11 00:00,-9.090909091
2015/4/12 00:00,260
2015/4/13 00:00,-8.333333333
2015/4/14 00:00,-9.090909091
2015/4/15 00:00,3.333333333
2015/4/16 00:00,-3.225806452
2015/4/17 00:00,-66.66666667
2015/4/18 00:00,-40
2015/4/19 00:00,516.6666667
2015/4/20 00:00,-16.21621622
2015/4/21 00:00,0
2015/4/22 00:00,25.80645161
2015/4/23 00:00,12.82051282
2015/4/24 00:00,-63.63636364
2015/4/25 00:00,-31.25
2015/4/26 00:00,763.6363636
2015/4/27 00:00,5.263157895
2015/4/28 00:00,-49
2015/4/29 00:00,-13.7254902
2015/4/30 00:00,-70
2015/5/1 00:00,-70
2015/5/2 00:00,-46.66666667
2015/5/3 00:00,381.25
2015/5/4 00:00,0
2015/5/5 00:00,-2.597402597
2015/5/6 00:00,-2.666666667
2015/5/7 00:00,9.589041096
2015/5/8 00:00,-70
2015/5/9 00:00,-33.33333333
2015/5/10 00:00,312.5
2015/5/11 00:00,-1.515151515
2015/5/12 00:00,-6.153846154
2015/5/13 00:00,16.39344262
2015/5/14 00:00,-1.408450704
2015/5/15 00:00,-75.71428571
2015/5/16 00:00,5.882352941
2015/5/17 00:00,255.5555556
2015/5/18 00:00,15.625
2015/5/19 00:00,-16.21621622
2015/5/20 00:00,-3.225806452
2015/5/21 00:00,11.66666667
2015/5/22 00:00,-70.14925373
2015/5/23 00:00,-35
2015/5/24 00:00,46.15384615
2015/5/25 00:00,257.8947368
2015/5/26 00:00,2.941176471
2015/5/27 00:00,-5.714285714
2015/5/28 00:00,-10.60606061
2015/5/29 00:00,-71.18644068
2015/5/30 00:00,-17.64705882
2015/5/31 00:00,-7.142857143
2015/6/1 00:00,-7.142857143
2015/6/2 00:00,7.692307692
2015/6/3 00:00,0
2015/6/4 00:00,0
2015/6/5 00:00,-64.28571429
2015/6/6 00:00,-50
2015/6/7 00:00,560
2015/6/8 00:00,-12.12121212
2015/6/9 00:00,0
2015/6/10 00:00,-10.34482759
2015/6/11 00:00,-7.692307692
2015/6/12 00:00,-62.5
2015/6/13 00:00,-33.33333333
2015/6/14 00:00,316.6666667
2015/6/15 00:00,4
2015/6/16 00:00,-11.53846154
2015/6/17 00:00,8.695652174
2015/6/18 00:00,-4
2015/6/19 00:00,-75
2015/6/20 00:00,0
2015/6/21 00:00,300
2015/6/22 00:00,0
2015/6/23 00:00,12.5
2015/6/24 00:00,0
2015/6/25 00:00,-22.22222222
2015/6/26 00:00,-66.66666667
2015/6/27 00:00,-14.28571429
2015/6/28 00:00,400
2015/6/29 00:00,-3.333333333
2015/6/30 00:00,-14.81481481
2015/7/1 00:00,-14.81481481
2015/7/2 00:00,-52.17391304
2015/7/3 00:00,-72.72727273
2015/7/4 00:00,33.33333333
2015/7/5 00:00,500
2015/7/6 00:00,20.83333333
2015/7/7 00:00,0
2015/7/8 00:00,10.34482759
2015/7/9 00:00,9.375
2015/7/10 00:00,-74.28571429
2015/7/11 00:00,-33.33333333
2015/7/12 00:00,400
2015/7/13 00:00,6.666666667
2015/7/14 00:00,-15.625
2015/7/15 00:00,14.81481481
2015/7/16 00:00,19.35483871
2015/7/17 00:00,-64.86486486
2015/7/18 00:00,-38.46153846
2015/7/19 00:00,400
2015/7/20 00:00,135
2015/7/21 00:00,6.382978723
2015/7/22 00:00,-52
2015/7/23 00:00,-25
2015/7/24 00:00,-69.44444444
2015/7/25 00:00,-45.45454545
2015/7/26 00:00,466.6666667
2015/7/27 00:00,-14.70588235
2015/7/28 00:00,-3.448275862
2015/7/29 00:00,0
2015/7/30 00:00,-3.571428571
2015/7/31 00:00,-30
2015/8/1 00:00,-30
2015/8/2 00:00,400
2015/8/3 00:00,51.42857143
2015/8/4 00:00,3.773584906
2015/8/5 00:00,-18.18181818
2015/8/6 00:00,-13.33333333
2015/8/7 00:00,-71.79487179
2015/8/8 00:00,-18.18181818
2015/8/9 00:00,322.2222222
2015/8/10 00:00,23.68421053
2015/8/11 00:00,2.127659574
2015/8/12 00:00,-14.58333333
2015/8/13 00:00,-14.63414634
2015/8/14 00:00,-71.42857143
2015/8/15 00:00,-30
2015/8/16 00:00,357.1428571
2015/8/17 00:00,-12.5
2015/8/18 00:00,3.571428571
2015/8/19 00:00,6.896551724
2015/8/20 00:00,67.74193548
2015/8/21 00:00,-57.69230769
2015/8/22 00:00,-45.45454545
2015/8/23 00:00,733.3333333
2015/8/24 00:00,-11
2015/8/25 00:00,-28.08988764
2015/8/26 00:00,-6.25
2015/8/27 00:00,-20
2015/8/28 00:00,-79.16666667
2015/8/29 00:00,-20
2015/8/30 00:00,387.5
2015/8/31 00:00,-4.081632653
2015/9/1 00:00,-4.081632653
2015/9/2 00:00,-4.255319149
2015/9/3 00:00,-22.22222222
2015/9/4 00:00,-65.71428571
2015/9/5 00:00,-41.66666667
2015/9/6 00:00,71.42857143
2015/9/7 00:00,291.6666667
2015/9/8 00:00,87.23404255
2015/9/9 00:00,-28.40909091
2015/9/10 00:00,-28.57142857
2015/9/11 00:00,-68.88888889
2015/9/12 00:00,-35.71428571
2015/9/13 00:00,422.2222222
2015/9/14 00:00,-8.510638298
2015/9/15 00:00,-6.976744186
2015/9/16 00:00,7.5
2015/9/17 00:00,-6.976744186
2015/9/18 00:00,-77.5
2015/9/19 00:00,-22.22222222
2015/9/20 00:00,442.8571429
2015/9/21 00:00,-7.894736842
2015/9/22 00:00,-11.42857143
2015/9/23 00:00,-3.225806452
2015/9/24 00:00,10
2015/9/25 00:00,-66.66666667
2015/9/26 00:00,-18.18181818
2015/9/27 00:00,300
2015/9/28 00:00,11.11111111
2015/9/29 00:00,-5
2015/9/30 00:00,-8.571428571
2015/10/1 00:00,-8.571428571
2015/10/2 00:00,-71.875
2015/10/3 00:00,-22.22222222
2015/10/4 00:00,385.7142857
2015/10/5 00:00,-11.76470588
2015/10/6 00:00,0
2015/10/7 00:00,3.333333333
2015/10/8 00:00,-9.677419355
2015/10/9 00:00,-71.42857143
2015/10/10 00:00,-37.5
2015/10/11 00:00,460
2015/10/12 00:00,17.85714286
2015/10/13 00:00,-6.060606061
2015/10/14 00:00,-3.225806452
2015/10/15 00:00,-3.333333333
2015/10/16 00:00,-75.86206897
2015/10/17 00:00,-14.28571429
2015/10/18 00:00,333.3333333
2015/10/19 00:00,19.23076923
2015/10/20 00:00,0
2015/10/21 00:00,9.677419355
2015/10/22 00:00,26.47058824
2015/10/23 00:00,-67.44186047
2015/10/24 00:00,-28.57142857
2015/10/25 00:00,310
2015/10/26 00:00,143.902439
2015/10/27 00:00,-20
2015/10/28 00:00,-40
2015/10/29 00:00,-10.41666667
2015/10/30 00:00,-74.41860465
2015/10/31 00:00,506.6666667
2015/11/1 00:00,506.6666667
2015/11/2 00:00,6.593406593
2015/11/3 00:00,1.030927835
2015/11/4 00:00,-10.20408163
2015/11/5 00:00,-4.545454545
2015/11/6 00:00,-70.23809524
2015/11/7 00:00,-20
2015/11/8 00:00,270
2015/11/9 00:00,35.13513514
2015/11/10 00:00,-17
2015/11/11 00:00,-13.25301205
2015/11/12 00:00,2.777777778
2015/11/13 00:00,-70.27027027
2015/11/14 00:00,-40.90909091
2015/11/15 00:00,415.3846154
2015/11/16 00:00,0
2015/11/17 00:00,20.89552239
2015/11/18 00:00,2.469135802
2015/11/19 00:00,-4.819277108
2015/11/20 00:00,-69.62025316
2015/11/21 00:00,-33.33333333
2015/11/22 00:00,312.5
2015/11/23 00:00,7.575757576
2015/11/24 00:00,-11.26760563
2015/11/25 00:00,-68.25396825
2015/11/26 00:00,105
2015/11/27 00:00,-48.7804878
2015/11/28 00:00,-47.61904762
2015/11/29 00:00,454.5454545
2015/11/30 00:00,0
2015/12/1 00:00,0
2015/12/2 00:00,9.090909091
2015/12/3 00:00,-12.5
2015/12/4 00:00,-66.66666667
2015/12/5 00:00,-28.57142857
2015/12/6 00:00,340
2015/12/7 00:00,-4.545454545
2015/12/8 00:00,4.761904762
2015/12/9 00:00,-4.545454545
2015/12/10 00:00,9.523809524
2015/12/11 00:00,-69.56521739
2015/12/12 00:00,-42.85714286
2015/12/13 00:00,475
2015/12/14 00:00,21.73913043
2015/12/15 00:00,7.142857143
2015/12/16 00:00,-10
2015/12/17 00:00,11.11111111
2015/12/18 00:00,-70
2015/12/19 00:00,-33.33333333
2015/12/20 00:00,333.3333333
2015/12/21 00:00,0
2015/12/22 00:00,-23.07692308
2015/12/23 00:00,-10
2015/12/24 00:00,-61.11111111
2015/12/25 00:00,-28.57142857
2015/12/26 00:00,0
2015/12/27 00:00,340
2015/12/28 00:00,0
2015/12/29 00:00,-13.63636364
2015/12/30 00:00,26.31578947
2015/12/31 00:00,-25
2016/1/1 00:00,-25
2016/1/2 00:00,0
2016/1/3 00:00,483.3333333
2016/1/4 00:00,11.42857143
2016/1/5 00:00,25.64102564
2016/1/6 00:00,22.44897959
2016/1/7 00:00,-8.333333333
2016/1/8 00:00,-80
2016/1/9 00:00,-36.36363636
2016/1/10 00:00,471.4285714
2016/1/11 00:00,5
2016/1/12 00:00,-4.761904762
2016/1/13 00:00,-10
2016/1/14 00:00,19.44444444
2016/1/15 00:00,-74.41860465
2016/1/16 00:00,-45.45454545
2016/1/17 00:00,133.3333333
2016/1/18 00:00,135.7142857
2016/1/19 00:00,27.27272727
2016/1/20 00:00,-11.9047619
2016/1/21 00:00,13.51351351
2016/1/22 00:00,-73.80952381
2016/1/23 00:00,-45.45454545
2016/1/24 00:00,550
2016/1/25 00:00,133.3333333
2016/1/26 00:00,9.89010989
2016/1/27 00:00,-44
2016/1/28 00:00,-19.64285714
2016/1/29 00:00,-68.88888889
2016/1/30 00:00,-42.85714286
2016/1/31 00:00,13.23529412
2016/2/1 00:00,13.23529412
2016/2/2 00:00,-3.896103896
2016/2/3 00:00,-4.054054054
2016/2/4 00:00,-5.633802817
2016/2/5 00:00,-71.64179104
2016/2/6 00:00,-42.10526316
2016/2/7 00:00,536.3636364
2016/2/8 00:00,2.857142857
2016/2/9 00:00,-18.05555556
2016/2/10 00:00,3.389830508
2016/2/11 00:00,0
2016/2/12 00:00,-68.85245902
2016/2/13 00:00,-42.10526316
2016/2/14 00:00,172.7272727
2016/2/15 00:00,106.6666667
2016/2/16 00:00,12.90322581
2016/2/17 00:00,-10
2016/2/18 00:00,-14.28571429
2016/2/19 00:00,-70.37037037
2016/2/20 00:00,-50
2016/2/21 00:00,675
2016/2/22 00:00,-11.29032258
2016/2/23 00:00,0
2016/2/24 00:00,7.272727273
2016/2/25 00:00,-1.694915254
2016/2/26 00:00,-74.13793103
2016/2/27 00:00,-40
2016/2/28 00:00,455.5555556
2016/2/29 00:00,-10.34482759
2016/3/1 00:00,-10.34482759
2016/3/2 00:00,7.692307692
2016/3/3 00:00,-7.142857143
2016/3/4 00:00,-69.23076923
2016/3/5 00:00,-37.5
2016/3/6 00:00,440
2016/3/7 00:00,-11.11111111
2016/3/8 00:00,-4.166666667
2016/3/9 00:00,-8.695652174
2016/3/10 00:00,4.761904762
2016/3/11 00:00,-72.72727273
2016/3/12 00:00,-50
2016/3/13 00:00,600
2016/3/14 00:00,33.33333333
2016/3/15 00:00,-7.142857143
2016/3/16 00:00,-3.846153846
2016/3/17 00:00,4
2016/3/18 00:00,-76.92307692
2016/3/19 00:00,-16.66666667
2016/3/20 00:00,760
2016/3/21 00:00,-20.93023256
2016/3/22 00:00,-20.58823529
2016/3/23 00:00,-11.11111111
2016/3/24 00:00,-45.83333333
2016/3/25 00:00,-53.84615385
2016/3/26 00:00,-33.33333333
2016/3/27 00:00,425
2016/3/28 00:00,33.33333333
2016/3/29 00:00,17.85714286
2016/3/30 00:00,-15.15151515
2016/3/31 00:00,-70.83333333
2016/4/1 00:00,-70.83333333
2016/4/2 00:00,-57.14285714
2016/4/3 00:00,766.6666667
2016/4/4 00:00,3.846153846
2016/4/5 00:00,-3.703703704
2016/4/6 00:00,-15.38461538
2016/4/7 00:00,0
2016/4/8 00:00,-72.72727273
2016/4/9 00:00,-33.33333333
2016/4/10 00:00,500
2016/4/11 00:00,-4.166666667
2016/4/12 00:00,17.39130435
2016/4/13 00:00,-14.81481481
2016/4/14 00:00,4.347826087
2016/4/15 00:00,-70.83333333
2016/4/16 00:00,-42.85714286
2016/4/17 00:00,525
2016/4/18 00:00,0
2016/4/19 00:00,-8
2016/4/20 00:00,0
2016/4/21 00:00,-4.347826087
2016/4/22 00:00,-72.72727273
2016/4/23 00:00,-33.33333333
2016/4/24 00:00,550
2016/4/25 00:00,200
2016/4/26 00:00,28.20512821
2016/4/27 00:00,-47
2016/4/28 00:00,-9.433962264
2016/4/29 00:00,-77.08333333
2016/4/30 00:00,400
2016/5/1 00:00,400
2016/5/2 00:00,14.28571429
2016/5/3 00:00,-20
2016/5/4 00:00,-14.0625
2016/5/5 00:00,-3.636363636
2016/5/6 00:00,-71.69811321
2016/5/7 00:00,-40
2016/5/8 00:00,466.6666667
2016/5/9 00:00,11.76470588
2016/5/10 00:00,-10.52631579
2016/5/11 00:00,31.37254902
2016/5/12 00:00,-4.47761194
2016/5/13 00:00,-73.4375
2016/5/14 00:00,-41.17647059
2016/5/15 00:00,900
2016/5/16 00:00,-23
2016/5/17 00:00,-25.97402597
2016/5/18 00:00,-3.50877193
2016/5/19 00:00,1.818181818
2016/5/20 00:00,-71.42857143
2016/5/21 00:00,-37.5
2016/5/22 00:00,410
2016/5/23 00:00,23.52941176
2016/5/24 00:00,11.11111111
2016/5/25 00:00,-7.142857143
2016/5/26 00:00,-4.615384615
2016/5/27 00:00,-75.80645161
2016/5/28 00:00,-40
2016/5/29 00:00,44.44444444
2016/5/30 00:00,315.3846154
2016/5/31 00:00,0
2016/6/1 00:00,0
2016/6/2 00:00,3.333333333
2016/6/3 00:00,-77.41935484
2016/6/4 00:00,-14.28571429
2016/6/5 00:00,383.3333333
2016/6/6 00:00,6.896551724
2016/6/7 00:00,-12.90322581
2016/6/8 00:00,3.703703704
2016/6/9 00:00,-14.28571429
2016/6/10 00:00,-66.66666667
2016/6/11 00:00,-37.5
2016/6/12 00:00,540
2016/6/13 00:00,-15.625
2016/6/14 00:00,-7.407407407
2016/6/15 00:00,0
2016/6/16 00:00,16
2016/6/17 00:00,-72.4137931
2016/6/18 00:00,-50
2016/6/19 00:00,525
2016/6/20 00:00,-4
2016/6/21 00:00,-8.333333333
2016/6/22 00:00,22.72727273
2016/6/23 00:00,96.2962963
2016/6/24 00:00,-81.13207547
2016/6/25 00:00,-60
2016/6/26 00:00,800
2016/6/27 00:00,-13.88888889
2016/6/28 00:00,-3.225806452
2016/6/29 00:00,-10
2016/6/30 00:00,-77.77777778
2016/7/1 00:00,-77.77777778
2016/7/2 00:00,-33.33333333
2016/7/3 00:00,50
2016/7/4 00:00,283.3333333
2016/7/5 00:00,8.695652174
2016/7/6 00:00,-8
2016/7/7 00:00,13.04347826
2016/7/8 00:00,-73.07692308
2016/7/9 00:00,-42.85714286
2016/7/10 00:00,550
2016/7/11 00:00,3.846153846
2016/7/12 00:00,-14.81481481
2016/7/13 00:00,4.347826087
2016/7/14 00:00,16.66666667
2016/7/15 00:00,-78.57142857
2016/7/16 00:00,-33.33333333
2016/7/17 00:00,625
2016/7/18 00:00,-3.448275862
2016/7/19 00:00,7.142857143
2016/7/20 00:00,-3.333333333
2016/7/21 00:00,0
2016/7/22 00:00,-72.4137931
2016/7/23 00:00,-25
2016/7/24 00:00,416.6666667
2016/7/25 00:00,151.6129032
2016/7/26 00:00,28.20512821
2016/7/27 00:00,-49
2016/7/28 00:00,-31.37254902
2016/7/29 00:00,-71.42857143
2016/7/30 00:00,-60
2016/7/31 00:00,13.04347826
2016/8/1 00:00,13.04347826
2016/8/2 00:00,-9.615384615
2016/8/3 00:00,-6.382978723
2016/8/4 00:00,9.090909091
2016/8/5 00:00,-70.83333333
2016/8/6 00:00,-28.57142857
2016/8/7 00:00,400
2016/8/8 00:00,4
2016/8/9 00:00,-7.692307692
2016/8/10 00:00,-14.58333333
2016/8/11 00:00,-4.87804878
2016/8/12 00:00,-76.92307692
2016/8/13 00:00,-44.44444444
2016/8/14 00:00,880
2016/8/15 00:00,6.12244898
2016/8/16 00:00,-21.15384615
2016/8/17 00:00,-14.63414634
2016/8/18 00:00,-14.28571429
2016/8/19 00:00,-56.66666667
2016/8/20 00:00,-30.76923077
2016/8/21 00:00,311.1111111
2016/8/22 00:00,8.108108108
2016/8/23 00:00,-5
2016/8/24 00:00,-5.263157895
2016/8/25 00:00,-8.333333333
2016/8/26 00:00,-69.6969697
2016/8/27 00:00,-20
2016/8/28 00:00,362.5
2016/8/29 00:00,91.89189189
2016/8/30 00:00,-43.66197183
2016/8/31 00:00,6.451612903
2016/9/1 00:00,6.451612903
2016/9/2 00:00,-78.78787879
2016/9/3 00:00,-28.57142857
2016/9/4 00:00,80
2016/9/5 00:00,266.6666667
2016/9/6 00:00,157.5757576
2016/9/7 00:00,-18.82352941
2016/9/8 00:00,-26.08695652
2016/9/9 00:00,-70.58823529
2016/9/10 00:00,-46.66666667
2016/9/11 00:00,425
2016/9/12 00:00,26.19047619
2016/9/13 00:00,24.52830189
2016/9/14 00:00,9.090909091
2016/9/15 00:00,-4.166666667
2016/9/16 00:00,-75.36231884
2016/9/17 00:00,-52.94117647
2016/9/18 00:00,500
2016/9/19 00:00,-22.91666667
2016/9/20 00:00,18.91891892
2016/9/21 00:00,-6.818181818
2016/9/22 00:00,12.19512195
2016/9/23 00:00,-76.08695652
2016/9/24 00:00,-27.27272727
2016/9/25 00:00,375
2016/9/26 00:00,-2.631578947
2016/9/27 00:00,-2.702702703
2016/9/28 00:00,-2.777777778
2016/9/29 00:00,-14.28571429
2016/9/30 00:00,14.28571429
2016/10/1 00:00,14.28571429
2016/10/2 00:00,262.5
2016/10/3 00:00,6.896551724
2016/10/4 00:00,0
2016/10/5 00:00,3.225806452
2016/10/6 00:00,-12.5
2016/10/7 00:00,-78.57142857
2016/10/8 00:00,-16.66666667
2016/10/9 00:00,640
2016/10/10 00:00,48.64864865
2016/10/11 00:00,-16.36363636
2016/10/12 00:00,-8.695652174
2016/10/13 00:00,-19.04761905
2016/10/14 00:00,-67.64705882
2016/10/15 00:00,-45.45454545
2016/10/16 00:00,466.6666667
2016/10/17 00:00,11.76470588
2016/10/18 00:00,-2.631578947
2016/10/19 00:00,-10.81081081
2016/10/20 00:00,-9.090909091
2016/10/21 00:00,-73.33333333
2016/10/22 00:00,-25
2016/10/23 00:00,516.6666667
2016/10/24 00:00,170.2702703
2016/10/25 00:00,0
2016/10/26 00:00,-41
2016/10/27 00:00,-20.33898305
2016/10/28 00:00,-76.59574468
2016/10/29 00:00,-36.36363636
2016/10/30 00:00,385.7142857
2016/10/31 00:00,-2
2016/11/1 00:00,-2
2016/11/2 00:00,-10.20408163
2016/11/3 00:00,-2.272727273
2016/11/4 00:00,-74.41860465
2016/11/5 00:00,-27.27272727
2016/11/6 00:00,525
2016/11/7 00:00,-10
2016/11/8 00:00,122.2222222
2016/11/9 00:00,-29
2016/11/10 00:00,-28.16901408
2016/11/11 00:00,-76.47058824
2016/11/12 00:00,-25
2016/11/13 00:00,555.5555556
2016/11/14 00:00,-11.86440678
2016/11/15 00:00,-1.923076923
2016/11/16 00:00,-3.921568627
2016/11/17 00:00,-12.24489796
2016/11/18 00:00,-72.09302326
2016/11/19 00:00,-25
2016/11/20 00:00,388.8888889
2016/11/21 00:00,6.818181818
2016/11/22 00:00,-17.0212766
2016/11/23 00:00,-58.97435897
2016/11/24 00:00,87.5
2016/11/25 00:00,-66.66666667
2016/11/26 00:00,10
2016/11/27 00:00,209.0909091
2016/11/28 00:00,26.47058824
2016/11/29 00:00,-11.62790698
2016/11/30 00:00,0
2016/12/1 00:00,0
2016/12/2 00:00,-70
2016/12/3 00:00,-16.66666667
2016/12/4 00:00,320
2016/12/5 00:00,4.761904762
2016/12/6 00:00,13.63636364
2016/12/7 00:00,4
2016/12/8 00:00,0
2016/12/9 00:00,-65.38461538
2016/12/10 00:00,-55.55555556
2016/12/11 00:00,525
2016/12/12 00:00,16
2016/12/13 00:00,0
2016/12/14 00:00,0
2016/12/15 00:00,-10.34482759
2016/12/16 00:00,-73.07692308
2016/12/17 00:00,-42.85714286
2016/12/18 00:00,525
2016/12/19 00:00,-4
2016/12/20 00:00,-4.166666667
2016/12/21 00:00,-4.347826087
2016/12/22 00:00,-18.18181818
2016/12/23 00:00,-61.11111111
2016/12/24 00:00,-57.14285714
2016/12/25 00:00,200
2016/12/26 00:00,133.3333333
2016/12/27 00:00,-9.523809524
2016/12/28 00:00,5.263157895
2016/12/29 00:00,0
2016/12/30 00:00,-60
2016/12/31 00:00,133.3333333
2017/1/1 00:00,133.3333333
2017/1/2 00:00,171.4285714
2017/1/3 00:00,0
2017/1/4 00:00,0
2017/1/5 00:00,26.31578947
2017/1/6 00:00,-70.83333333
2017/1/7 00:00,-42.85714286
2017/1/8 00:00,450
2017/1/9 00:00,13.63636364
2017/1/10 00:00,-12
2017/1/11 00:00,-4.545454545
2017/1/12 00:00,-19.04761905
2017/1/13 00:00,-64.70588235
2017/1/14 00:00,-33.33333333
2017/1/15 00:00,125
2017/1/16 00:00,133.3333333
2017/1/17 00:00,14.28571429
2017/1/18 00:00,-16.66666667
2017/1/19 00:00,10
2017/1/20 00:00,-81.81818182
2017/1/21 00:00,25
2017/1/22 00:00,320
2017/1/23 00:00,0
2017/1/24 00:00,23.80952381
2017/1/25 00:00,-3.846153846
2017/1/26 00:00,-16
2017/1/27 00:00,-52.38095238
2017/1/28 00:00,-30
2017/1/29 00:00,285.7142857
2017/1/30 00:00,207.4074074
2017/1/31 00:00,-53
2017/2/1 00:00,-53
2017/2/2 00:00,-31.91489362
2017/2/3 00:00,-71.875
2017/2/4 00:00,-33.33333333
2017/2/5 00:00,316.6666667
2017/2/6 00:00,16
2017/2/7 00:00,-10.34482759
2017/2/8 00:00,3.846153846
2017/2/9 00:00,3.703703704
2017/2/10 00:00,-67.85714286
2017/2/11 00:00,-44.44444444
2017/2/12 00:00,540
2017/2/13 00:00,12.5
2017/2/14 00:00,0
2017/2/15 00:00,-11.11111111
2017/2/16 00:00,-15.625
2017/2/17 00:00,-70.37037037
2017/2/18 00:00,-50
2017/2/19 00:00,175
2017/2/20 00:00,154.5454545
2017/2/21 00:00,-3.571428571
2017/2/22 00:00,0
2017/2/23 00:00,-7.407407407
2017/2/24 00:00,-68
2017/2/25 00:00,-50
2017/2/26 00:00,500
2017/2/27 00:00,12.5
2017/2/28 00:00,-10
2017/3/1 00:00,-10
2017/3/2 00:00,-13.33333333
2017/3/3 00:00,-78.20512821
2017/3/4 00:00,-47.05882353
2017/3/5 00:00,600
2017/3/6 00:00,0
2017/3/7 00:00,-7.936507937
2017/3/8 00:00,0
2017/3/9 00:00,5.172413793
2017/3/10 00:00,-70.49180328
2017/3/11 00:00,-44.44444444
2017/3/12 00:00,420
2017/3/13 00:00,5.769230769
2017/3/14 00:00,29.09090909
2017/3/15 00:00,-16.90140845
2017/3/16 00:00,-1.694915254
2017/3/17 00:00,-74.13793103
2017/3/18 00:00,-20
2017/3/19 00:00,450
2017/3/20 00:00,37.87878788
2017/3/21 00:00,-21.97802198
2017/3/22 00:00,-9.85915493
2017/3/23 00:00,-6.25
2017/3/24 00:00,-75
2017/3/25 00:00,-13.33333333
2017/3/26 00:00,384.6153846
2017/3/27 00:00,15.87301587
2017/3/28 00:00,5.479452055
2017/3/29 00:00,-6.493506494
2017/3/30 00:00,-13.88888889
2017/3/31 00:00,-28.57142857
2017/4/1 00:00,-28.57142857
2017/4/2 00:00,440
2017/4/3 00:00,0
2017/4/4 00:00,11.11111111
2017/4/5 00:00,-16.66666667
2017/4/6 00:00,4
2017/4/7 00:00,-73.07692308
2017/4/8 00:00,-71.42857143
2017/4/9 00:00,950
2017/4/10 00:00,23.80952381
2017/4/11 00:00,-15.38461538
2017/4/12 00:00,-4.545454545
2017/4/13 00:00,-33.33333333
2017/4/14 00:00,-64.28571429
2017/4/15 00:00,0
2017/4/16 00:00,420
2017/4/17 00:00,-7.692307692
2017/4/18 00:00,-12.5
2017/4/19 00:00,23.80952381
2017/4/20 00:00,-7.692307692
2017/4/21 00:00,-75
2017/4/22 00:00,-50
2017/4/23 00:00,800
2017/4/24 00:00,7.407407407
2017/4/25 00:00,-10.34482759
2017/4/26 00:00,0
2017/4/27 00:00,0
2017/4/28 00:00,-76.92307692
2017/4/29 00:00,16.66666667
2017/4/30 00:00,138.0952381
2017/5/1 00:00,138.0952381
2017/5/2 00:00,-18
2017/5/3 00:00,-52.43902439
2017/5/4 00:00,-7.692307692
2017/5/5 00:00,-66.66666667
2017/5/6 00:00,-50
2017/5/7 00:00,700
2017/5/8 00:00,8.333333333
2017/5/9 00:00,-19.23076923
2017/5/10 00:00,-21.42857143
2017/5/11 00:00,18.18181818
2017/5/12 00:00,-66.66666667
2017/5/13 00:00,-53.84615385
2017/5/14 00:00,516.6666667
2017/5/15 00:00,-8.108108108
2017/5/16 00:00,17.64705882
2017/5/17 00:00,-10
2017/5/18 00:00,-5.555555556
2017/5/19 00:00,-76.47058824
2017/5/20 00:00,-25
2017/5/21 00:00,400
2017/5/22 00:00,-3.333333333
2017/5/23 00:00,3.448275862
2017/5/24 00:00,-3.333333333
2017/5/25 00:00,-13.79310345
2017/5/26 00:00,-60
2017/5/27 00:00,-50
2017/5/28 00:00,20
2017/5/29 00:00,333.3333333
2017/5/30 00:00,-15.38461538
2017/5/31 00:00,22.91666667
2017/6/1 00:00,22.91666667
2017/6/2 00:00,-72.88135593
2017/6/3 00:00,-37.5
2017/6/4 00:00,890
2017/6/5 00:00,-18.18181818
2017/6/6 00:00,-28.39506173
2017/6/7 00:00,1.724137931
2017/6/8 00:00,33.89830508
2017/6/9 00:00,-64.55696203
2017/6/10 00:00,-53.57142857
2017/6/11 00:00,669.2307692
2017/6/12 00:00,-13
2017/6/13 00:00,-13.79310345
2017/6/14 00:00,-1.333333333
2017/6/15 00:00,-12.16216216
2017/6/16 00:00,-72.30769231
2017/6/17 00:00,-50
2017/6/18 00:00,755.5555556
2017/6/19 00:00,-12.98701299
2017/6/20 00:00,-22.3880597
2017/6/21 00:00,9.615384615
2017/6/22 00:00,-17.54385965
2017/6/23 00:00,-72.34042553
2017/6/24 00:00,-23.07692308
2017/6/25 00:00,410
2017/6/26 00:00,3.921568627
2017/6/27 00:00,9.433962264
2017/6/28 00:00,-8.620689655
2017/6/29 00:00,-3.773584906
2017/6/30 00:00,-50
2017/7/1 00:00,-50
2017/7/2 00:00,633.3333333
2017/7/3 00:00,-22.72727273
2017/7/4 00:00,35.29411765
2017/7/5 00:00,0
2017/7/6 00:00,-13.04347826
2017/7/7 00:00,-70
2017/7/8 00:00,-16.66666667
2017/7/9 00:00,320
2017/7/10 00:00,-4.761904762
2017/7/11 00:00,15
2017/7/12 00:00,-8.695652174
2017/7/13 00:00,0
2017/7/14 00:00,-66.66666667
2017/7/15 00:00,-42.85714286
2017/7/16 00:00,500
2017/7/17 00:00,8.333333333
2017/7/18 00:00,3.846153846
2017/7/19 00:00,-14.81481481
2017/7/20 00:00,-8.695652174
2017/7/21 00:00,-76.19047619
2017/7/22 00:00,-40
2017/7/23 00:00,733.3333333
2017/7/24 00:00,20
2017/7/25 00:00,-16.66666667
2017/7/26 00:00,32
2017/7/27 00:00,-18.18181818
2017/7/28 00:00,-74.07407407
2017/7/29 00:00,-42.85714286
2017/7/30 00:00,625
2017/7/31 00:00,25
2017/8/1 00:00,25
2017/8/2 00:00,-59
2017/8/3 00:00,-14.63414634
2017/8/4 00:00,-77.14285714
2017/8/5 00:00,-25
2017/8/6 00:00,400
2017/8/7 00:00,13.33333333
2017/8/8 00:00,-5.882352941
2017/8/9 00:00,-3.125
2017/8/10 00:00,3.225806452
2017/8/11 00:00,-78.125
2017/8/12 00:00,-42.85714286
2017/8/13 00:00,625
2017/8/14 00:00,13.79310345
2017/8/15 00:00,-6.060606061
2017/8/16 00:00,-9.677419355
2017/8/17 00:00,-10.71428571
2017/8/18 00:00,-72
2017/8/19 00:00,-42.85714286
2017/8/20 00:00,425
2017/8/21 00:00,9.523809524
2017/8/22 00:00,4.347826087
2017/8/23 00:00,-4.166666667
2017/8/24 00:00,0
2017/8/25 00:00,-69.56521739
2017/8/26 00:00,-57.14285714
2017/8/27 00:00,733.3333333
2017/8/28 00:00,20
2017/8/29 00:00,-6.666666667
2017/8/30 00:00,14.28571429
2017/8/31 00:00,-71.875
2017/9/1 00:00,-71.875
2017/9/2 00:00,-44.44444444
2017/9/3 00:00,40
2017/9/4 00:00,314.2857143
2017/9/5 00:00,0
2017/9/6 00:00,-6.896551724
2017/9/7 00:00,-7.407407407
2017/9/8 00:00,-76
2017/9/9 00:00,-16.66666667
2017/9/10 00:00,620
2017/9/11 00:00,177.7777778
2017/9/12 00:00,-36
2017/9/13 00:00,-35.9375
2017/9/14 00:00,-7.317073171
2017/9/15 00:00,-78.94736842
2017/9/16 00:00,-12.5
2017/9/17 00:00,371.4285714
2017/9/18 00:00,-9.090909091
2017/9/19 00:00,30
2017/9/20 00:00,-15.38461538
2017/9/21 00:00,18.18181818
2017/9/22 00:00,-74.35897436
2017/9/23 00:00,-20
2017/9/24 00:00,375
2017/9/25 00:00,-2.631578947
2017/9/26 00:00,-2.702702703
2017/9/27 00:00,-16.66666667
2017/9/28 00:00,-16.66666667
2017/9/29 00:00,-76
2017/9/30 00:00,420
2017/10/1 00:00,420
2017/10/2 00:00,0
2017/10/3 00:00,-7.692307692
2017/10/4 00:00,16.66666667
2017/10/5 00:00,-25
2017/10/6 00:00,-66.66666667
2017/10/7 00:00,-28.57142857
2017/10/8 00:00,400
2017/10/9 00:00,8
2017/10/10 00:00,-11.11111111
2017/10/11 00:00,4.166666667
2017/10/12 00:00,-4
2017/10/13 00:00,-70.83333333
2017/10/14 00:00,-28.57142857
2017/10/15 00:00,440
2017/10/16 00:00,11.11111111
2017/10/17 00:00,-3.333333333
2017/10/18 00:00,24.13793103
2017/10/19 00:00,-13.88888889
2017/10/20 00:00,-74.19354839
2017/10/21 00:00,-50
2017/10/22 00:00,600
2017/10/23 00:00,0
2017/10/24 00:00,-10.71428571
2017/10/25 00:00,16
2017/10/26 00:00,65.51724138
2017/10/27 00:00,-70.83333333
2017/10/28 00:00,-50
2017/10/29 00:00,557.1428571
2017/10/30 00:00,0
2017/10/31 00:00,80
2017/11/1 00:00,80
2017/11/2 00:00,11.11111111
2017/11/3 00:00,-82
2017/11/4 00:00,-38.88888889
2017/11/5 00:00,300
2017/11/6 00:00,0
2017/11/7 00:00,-9.090909091
2017/11/8 00:00,0
2017/11/9 00:00,-20
2017/11/10 00:00,-71.875
2017/11/11 00:00,-33.33333333
2017/11/12 00:00,400
2017/11/13 00:00,0
2017/11/14 00:00,6.666666667
2017/11/15 00:00,3.125
2017/11/16 00:00,-12.12121212
2017/11/17 00:00,-79.31034483
2017/11/18 00:00,0
2017/11/19 00:00,350
2017/11/20 00:00,3.703703704
2017/11/21 00:00,0
2017/11/22 00:00,-64.28571429
2017/11/23 00:00,70
2017/11/24 00:00,-47.05882353
2017/11/25 00:00,-44.44444444
2017/11/26 00:00,400
2017/11/27 00:00,12
2017/11/28 00:00,39.28571429
2017/11/29 00:00,-5.128205128
2017/11/30 00:00,-69.84126984
2017/12/1 00:00,-69.84126984
2017/12/2 00:00,-42.10526316
2017/12/3 00:00,518.1818182
2017/12/4 00:00,-10.29411765
2017/12/5 00:00,-8.196721311
2017/12/6 00:00,7.142857143
2017/12/7 00:00,-3.333333333
2017/12/8 00:00,-70.68965517
2017/12/9 00:00,-41.17647059
2017/12/10 00:00,480
2017/12/11 00:00,-8.620689655
2017/12/12 00:00,-5.660377358
2017/12/13 00:00,2
2017/12/14 00:00,-3.921568627
2017/12/15 00:00,-63.26530612
2017/12/16 00:00,-33.33333333
2017/12/17 00:00,375
2017/12/18 00:00,8.771929825
2017/12/19 00:00,-14.51612903
2017/12/20 00:00,24.52830189
2017/12/21 00:00,-16.66666667
2017/12/22 00:00,-63.63636364
2017/12/23 00:00,-45
2017/12/24 00:00,0
2017/12/25 00:00,490.9090909
2017/12/26 00:00,3.076923077
2017/12/27 00:00,-17.91044776
2017/12/28 00:00,3.636363636
2017/12/29 00:00,-73.68421053
2017/12/30 00:00,-20
2017/12/31 00:00,316.6666667
2018/1/1 00:00,316.6666667
2018/1/2 00:00,16
2018/1/3 00:00,-10.34482759
2018/1/4 00:00,11.53846154
2018/1/5 00:00,-68.96551724
2018/1/6 00:00,-33.33333333
2018/1/7 00:00,333.3333333
2018/1/8 00:00,11.53846154
2018/1/9 00:00,-10.34482759
2018/1/10 00:00,0
2018/1/11 00:00,11.53846154
2018/1/12 00:00,-72.4137931
2018/1/13 00:00,-37.5
2018/1/14 00:00,100
2018/1/15 00:00,190
2018/1/16 00:00,24.13793103
2018/1/17 00:00,5.555555556
2018/1/18 00:00,-23.68421053
2018/1/19 00:00,-72.4137931
2018/1/20 00:00,-37.5
2018/1/21 00:00,400
2018/1/22 00:00,28
2018/1/23 00:00,-6.25
2018/1/24 00:00,10
2018/1/25 00:00,3.03030303
2018/1/26 00:00,-64.70588235
2018/1/27 00:00,-41.66666667
2018/1/28 00:00,457.1428571
2018/1/29 00:00,20.51282051
2018/1/30 00:00,-2.127659574
2018/1/31 00:00,16.27906977
2018/2/1 00:00,16.27906977
2018/2/2 00:00,-82
2018/2/3 00:00,-50
2018/2/4 00:00,455.5555556
2018/2/5 00:00,36
2018/2/6 00:00,-36.76470588
2018/2/7 00:00,-2.325581395
2018/2/8 00:00,7.142857143
2018/2/9 00:00,-73.33333333
2018/2/10 00:00,-41.66666667
2018/2/11 00:00,442.8571429
2018/2/12 00:00,-2.631578947
2018/2/13 00:00,-5.405405405
2018/2/14 00:00,28.57142857
2018/2/15 00:00,-13.33333333
2018/2/16 00:00,-71.79487179
2018/2/17 00:00,-54.54545455
2018/2/18 00:00,160
2018/2/19 00:00,138.4615385
2018/2/20 00:00,0
2018/2/21 00:00,-9.677419355
2018/2/22 00:00,-3.571428571
2018/2/23 00:00,-70.37037037
2018/2/24 00:00,-37.5
2018/2/25 00:00,580
2018/2/26 00:00,2.941176471
2018/2/27 00:00,-2.857142857
2018/2/28 00:00,14.66666667
2018/3/1 00:00,14.66666667
2018/3/2 00:00,-80.23255814
2018/3/3 00:00,-17.64705882
2018/3/4 00:00,371.4285714
2018/3/5 00:00,-1.515151515
2018/3/6 00:00,20
2018/3/7 00:00,-7.692307692
2018/3/8 00:00,12.5
2018/3/9 00:00,-74.07407407
2018/3/10 00:00,-23.80952381
2018/3/11 00:00,387.5
2018/3/12 00:00,-1.282051282
2018/3/13 00:00,-14.28571429
2018/3/14 00:00,-4.545454545
2018/3/15 00:00,0
2018/3/16 00:00,-69.84126984
2018/3/17 00:00,-31.57894737
2018/3/18 00:00,492.3076923
2018/3/19 00:00,-9.090909091
2018/3/20 00:00,-4.285714286
2018/3/21 00:00,26.86567164
2018/3/22 00:00,-2.352941176
2018/3/23 00:00,-68.6746988
2018/3/24 00:00,-38.46153846
2018/3/25 00:00,450
2018/3/26 00:00,3.409090909
2018/3/27 00:00,2.197802198
2018/3/28 00:00,-18.27956989
2018/3/29 00:00,-47.36842105
2018/3/30 00:00,-65
2018/3/31 00:00,625
2018/4/1 00:00,625
2018/4/2 00:00,-6.896551724
2018/4/3 00:00,0
2018/4/4 00:00,3.703703704
2018/4/5 00:00,-3.571428571
2018/4/6 00:00,-74.07407407
2018/4/7 00:00,-28.57142857
2018/4/8 00:00,400
2018/4/9 00:00,8
2018/4/10 00:00,-7.407407407
2018/4/11 00:00,-8
2018/4/12 00:00,4.347826087
2018/4/13 00:00,-66.66666667
2018/4/14 00:00,-50
2018/4/15 00:00,500
2018/4/16 00:00,8.333333333
2018/4/17 00:00,-3.846153846
2018/4/18 00:00,20
2018/4/19 00:00,20
2018/4/20 00:00,-77.77777778
2018/4/21 00:00,-25
2018/4/22 00:00,416.6666667
2018/4/23 00:00,3.225806452
2018/4/24 00:00,-3.125
2018/4/25 00:00,0
2018/4/26 00:00,-6.451612903
2018/4/27 00:00,-68.96551724
2018/4/28 00:00,-44.44444444
2018/4/29 00:00,560
2018/4/30 00:00,-7
2018/5/1 00:00,-7
2018/5/2 00:00,-58.06451613
2018/5/3 00:00,56.41025641
2018/5/4 00:00,-73.7704918
2018/5/5 00:00,-50
2018/5/6 00:00,450
2018/5/7 00:00,-6.818181818
2018/5/8 00:00,-7.317073171
2018/5/9 00:00,7.894736842
2018/5/10 00:00,-2.43902439
2018/5/11 00:00,-75
2018/5/12 00:00,-40
2018/5/13 00:00,400
2018/5/14 00:00,-10
2018/5/15 00:00,3.703703704
2018/5/16 00:00,-10.71428571
2018/5/17 00:00,4
2018/5/18 00:00,-73.07692308
2018/5/19 00:00,-14.28571429
2018/5/20 00:00,350
2018/5/21 00:00,-7.407407407
2018/5/22 00:00,0
2018/5/23 00:00,12
2018/5/24 00:00,-25
2018/5/25 00:00,-71.42857143
2018/5/26 00:00,-16.66666667
2018/5/27 00:00,40
2018/5/28 00:00,242.8571429
2018/5/29 00:00,-4.166666667
2018/5/30 00:00,-4.347826087
2018/5/31 00:00,-68
2018/6/1 00:00,-68
2018/6/2 00:00,-37.5
2018/6/3 00:00,600
2018/6/4 00:00,2.857142857
2018/6/5 00:00,-19.44444444
2018/6/6 00:00,-6.896551724
2018/6/7 00:00,3.703703704
2018/6/8 00:00,-71.42857143
2018/6/9 00:00,-37.5
2018/6/10 00:00,380
2018/6/11 00:00,-4.166666667
2018/6/12 00:00,4.347826087
2018/6/13 00:00,4.166666667
2018/6/14 00:00,-12
2018/6/15 00:00,-72.72727273
2018/6/16 00:00,-33.33333333
2018/6/17 00:00,400
2018/6/18 00:00,30
2018/6/19 00:00,-7.692307692
2018/6/20 00:00,-8.333333333
2018/6/21 00:00,-9.090909091
2018/6/22 00:00,-75
2018/6/23 00:00,-20
2018/6/24 00:00,500
2018/6/25 00:00,-8.333333333
2018/6/26 00:00,-13.63636364
2018/6/27 00:00,10.52631579
2018/6/28 00:00,-4.761904762
2018/6/29 00:00,-70
2018/6/30 00:00,333.3333333
2018/7/1 00:00,333.3333333
2018/7/2 00:00,30.76923077
2018/7/3 00:00,-76.47058824
2018/7/4 00:00,225
2018/7/5 00:00,23.07692308
2018/7/6 00:00,-68.75
2018/7/7 00:00,-40
2018/7/8 00:00,466.6666667
2018/7/9 00:00,5.882352941
2018/7/10 00:00,-5.555555556
2018/7/11 00:00,-5.882352941
2018/7/12 00:00,12.5
2018/7/13 00:00,-72.22222222
2018/7/14 00:00,-40
2018/7/15 00:00,400
2018/7/16 00:00,20
2018/7/17 00:00,-5.555555556
2018/7/18 00:00,17.64705882
2018/7/19 00:00,-10
2018/7/20 00:00,-77.77777778
2018/7/21 00:00,-25
2018/7/22 00:00,466.6666667
2018/7/23 00:00,17.64705882
2018/7/24 00:00,5
2018/7/25 00:00,19.04761905
2018/7/26 00:00,-4
2018/7/27 00:00,-70.83333333
2018/7/28 00:00,-28.57142857
2018/7/29 00:00,380
2018/7/30 00:00,233.3333333
2018/7/31 00:00,-15
2018/8/1 00:00,-15
2018/8/2 00:00,-36.47058824
2018/8/3 00:00,-77.77777778
2018/8/4 00:00,-50
2018/8/5 00:00,400
2018/8/6 00:00,-3.333333333
2018/8/7 00:00,-17.24137931
2018/8/8 00:00,0
2018/8/9 00:00,-8.333333333
2018/8/10 00:00,-72.72727273
2018/8/11 00:00,-33.33333333
2018/8/12 00:00,450
2018/8/13 00:00,9.090909091
2018/8/14 00:00,-8.333333333
2018/8/15 00:00,22.72727273
2018/8/16 00:00,7.407407407
2018/8/17 00:00,-72.4137931
2018/8/18 00:00,-25
2018/8/19 00:00,283.3333333
2018/8/20 00:00,17.39130435
2018/8/21 00:00,-11.11111111
2018/8/22 00:00,-12.5
2018/8/23 00:00,0
2018/8/24 00:00,-71.42857143
2018/8/25 00:00,-66.66666667
2018/8/26 00:00,1050
2018/8/27 00:00,17.39130435
2018/8/28 00:00,7.407407407
2018/8/29 00:00,6.896551724
2018/8/30 00:00,-6.451612903
2018/8/31 00:00,-35.71428571
2018/9/1 00:00,-35.71428571
2018/9/2 00:00,88.88888889
2018/9/3 00:00,223.5294118
2018/9/4 00:00,-12.72727273
2018/9/5 00:00,-4.166666667
2018/9/6 00:00,4.347826087
2018/9/7 00:00,-72.91666667
2018/9/8 00:00,-23.07692308
2018/9/9 00:00,360
2018/9/10 00:00,21.73913043
2018/9/11 00:00,78.57142857
2018/9/12 00:00,-25
2018/9/13 00:00,-21.33333333
2018/9/14 00:00,-74.57627119
2018/9/15 00:00,-53.33333333
2018/9/16 00:00,614.2857143
2018/9/17 00:00,16
2018/9/18 00:00,-20.68965517
2018/9/19 00:00,0
2018/9/20 00:00,0
2018/9/21 00:00,-76.08695652
2018/9/22 00:00,-27.27272727
2018/9/23 00:00,450
2018/9/24 00:00,2.272727273
2018/9/25 00:00,-2.222222222
2018/9/26 00:00,9.090909091
2018/9/27 00:00,-2.083333333
2018/9/28 00:00,-74.46808511
2018/9/29 00:00,-33.33333333
2018/9/30 00:00,-7.692307692
2018/10/1 00:00,-7.692307692
2018/10/2 00:00,4.166666667
2018/10/3 00:00,12
2018/10/4 00:00,-3.571428571
2018/10/5 00:00,-77.77777778
2018/10/6 00:00,-33.33333333
2018/10/7 00:00,500
2018/10/8 00:00,-8.333333333
2018/10/9 00:00,36.36363636
2018/10/10 00:00,30
2018/10/11 00:00,-12.82051282
2018/10/12 00:00,-76.47058824
2018/10/13 00:00,-37.5
2018/10/14 00:00,480
2018/10/15 00:00,3.448275862
2018/10/16 00:00,-13.33333333
2018/10/17 00:00,-11.53846154
2018/10/18 00:00,4.347826087
2018/10/19 00:00,-70.83333333
2018/10/20 00:00,-28.57142857
2018/10/21 00:00,380
2018/10/22 00:00,4.166666667
2018/10/23 00:00,4
2018/10/24 00:00,19.23076923
2018/10/25 00:00,-3.225806452
2018/10/26 00:00,-76.66666667
2018/10/27 00:00,-42.85714286
2018/10/28 00:00,500
2018/10/29 00:00,45.83333333
2018/10/30 00:00,0
2018/10/31 00:00,6.382978723
2018/11/1 00:00,6.382978723
2018/11/2 00:00,-86
2018/11/3 00:00,-42.85714286
2018/11/4 00:00,512.5
2018/11/5 00:00,-24.48979592
2018/11/6 00:00,0
2018/11/7 00:00,-16.21621622
2018/11/8 00:00,-6.451612903
2018/11/9 00:00,-75.86206897
2018/11/10 00:00,-42.85714286
2018/11/11 00:00,825
2018/11/12 00:00,13.51351351
2018/11/13 00:00,9.523809524
2018/11/14 00:00,0
2018/11/15 00:00,-23.91304348
2018/11/16 00:00,-74.28571429
2018/11/17 00:00,-44.44444444
2018/11/18 00:00,720
2018/11/19 00:00,24.3902439
2018/11/20 00:00,-23.52941176
2018/11/21 00:00,-64.1025641
2018/11/22 00:00,85.71428571
2018/11/23 00:00,-61.53846154
2018/11/24 00:00,-30
2018/11/25 00:00,442.8571429
2018/11/26 00:00,10.52631579
2018/11/27 00:00,-7.142857143
2018/11/28 00:00,-10.25641026
2018/11/29 00:00,-14.28571429
2018/11/30 00:00,0
2018/12/1 00:00,0
2018/12/2 00:00,420
2018/12/3 00:00,-3.846153846
2018/12/4 00:00,-48
2018/12/5 00:00,84.61538462
2018/12/6 00:00,-8.333333333
2018/12/7 00:00,-72.72727273
2018/12/8 00:00,-33.33333333
2018/12/9 00:00,550
2018/12/10 00:00,-11.53846154
2018/12/11 00:00,-8.695652174
2018/12/12 00:00,-4.761904762
2018/12/13 00:00,0
2018/12/14 00:00,-65
2018/12/15 00:00,-28.57142857
2018/12/16 00:00,260
2018/12/17 00:00,11.11111111
2018/12/18 00:00,-5
2018/12/19 00:00,21.05263158
2018/12/20 00:00,17.39130435
2018/12/21 00:00,-66.66666667
2018/12/22 00:00,-55.55555556
2018/12/23 00:00,400
2018/12/24 00:00,-60
2018/12/25 00:00,212.5
2018/12/26 00:00,8
2018/12/27 00:00,-25.92592593
2018/12/28 00:00,-70
2018/12/29 00:00,-33.33333333
2018/12/30 00:00,375
2018/12/31 00:00,583.3333333
2019/1/1 00:00,583.3333333
2019/1/2 00:00,143.902439
2019/1/3 00:00,-43
2019/1/4 00:00,-77.19298246
2019/1/5 00:00,-53.84615385
2019/1/6 00:00,333.3333333
2019/1/7 00:00,0
2019/1/8 00:00,3.846153846
2019/1/9 00:00,-11.11111111
2019/1/10 00:00,-12.5
2019/1/11 00:00,-71.42857143
2019/1/12 00:00,-50
2019/1/13 00:00,466.6666667
2019/1/14 00:00,5.882352941
2019/1/15 00:00,11.11111111
2019/1/16 00:00,-10
2019/1/17 00:00,11.11111111
2019/1/18 00:00,-75
2019/1/19 00:00,-20
2019/1/20 00:00,125
2019/1/21 00:00,88.88888889
2019/1/22 00:00,-5.882352941
2019/1/23 00:00,0
2019/1/24 00:00,6.25
2019/1/25 00:00,-70.58823529
2019/1/26 00:00,-20
2019/1/27 00:00,375
2019/1/28 00:00,168.4210526
2019/1/29 00:00,9.803921569
2019/1/30 00:00,-44.64285714
2019/1/31 00:00,-74.24242424
2019/2/1 00:00,-74.24242424
2019/2/2 00:00,-41.17647059
2019/2/3 00:00,520
2019/2/4 00:00,14.51612903
2019/2/5 00:00,-18.30985915
2019/2/6 00:00,0
2019/2/7 00:00,-20.68965517
2019/2/8 00:00,-67.39130435
2019/2/9 00:00,-26.66666667
2019/2/10 00:00,300
2019/2/11 00:00,15.90909091
2019/2/12 00:00,-9.803921569
2019/2/13 00:00,-4.347826087
2019/2/14 00:00,11.36363636
2019/2/15 00:00,-75.51020408
2019/2/16 00:00,-41.66666667
2019/2/17 00:00,171.4285714
2019/2/18 00:00,110.5263158
2019/2/19 00:00,-2.5
2019/2/20 00:00,2.564102564
2019/2/21 00:00,-2.5
2019/2/22 00:00,-69.23076923
2019/2/23 00:00,-25
2019/2/24 00:00,411.1111111
2019/2/25 00:00,-13.04347826
2019/2/26 00:00,-7.5
2019/2/27 00:00,2.702702703
2019/2/28 00:00,-73.33333333
2019/3/1 00:00,-73.33333333
2019/3/2 00:00,-25
2019/3/3 00:00,450
2019/3/4 00:00,-9.090909091
2019/3/5 00:00,-3.333333333
2019/3/6 00:00,-3.448275862
2019/3/7 00:00,-14.28571429
2019/3/8 00:00,-70.83333333
2019/3/9 00:00,-14.28571429
2019/3/10 00:00,516.6666667
2019/3/11 00:00,2.702702703
2019/3/12 00:00,-5.263157895
2019/3/13 00:00,8.333333333
2019/3/14 00:00,-2.564102564
2019/3/15 00:00,-73.68421053
2019/3/16 00:00,-20
2019/3/17 00:00,387.5
2019/3/18 00:00,0
2019/3/19 00:00,-20.51282051
2019/3/20 00:00,80.64516129
2019/3/21 00:00,-10.71428571
2019/3/22 00:00,-78
2019/3/23 00:00,-36.36363636
2019/3/24 00:00,971.4285714
2019/3/25 00:00,-20
2019/3/26 00:00,-30
2019/3/27 00:00,-21.42857143
2019/3/28 00:00,15.15151515
2019/3/29 00:00,-73.68421053
2019/3/30 00:00,-30
2019/3/31 00:00,9.375
2019/4/1 00:00,9.375
2019/4/2 00:00,2.857142857
2019/4/3 00:00,-2.777777778
2019/4/4 00:00,-14.28571429
2019/4/5 00:00,-70
2019/4/6 00:00,-55.55555556
2019/4/7 00:00,775
2019/4/8 00:00,20
2019/4/9 00:00,-16.66666667
2019/4/10 00:00,0
2019/4/11 00:00,-2.857142857
2019/4/12 00:00,-73.52941176
2019/4/13 00:00,-22.22222222
2019/4/14 00:00,271.4285714
2019/4/15 00:00,38.46153846
2019/4/16 00:00,2.777777778
2019/4/17 00:00,-10.81081081
2019/4/18 00:00,-48.48484848
2019/4/19 00:00,-64.70588235
2019/4/20 00:00,0
2019/4/21 00:00,416.6666667
2019/4/22 00:00,12.90322581
2019/4/23 00:00,0
2019/4/24 00:00,8.571428571
2019/4/25 00:00,-13.15789474
2019/4/26 00:00,-75.75757576
2019/4/27 00:00,-37.5
2019/4/28 00:00,600
2019/4/29 00:00,151.4285714
2019/4/30 00:00,-52
2019/5/1 00:00,-52
2019/5/2 00:00,-22.91666667
2019/5/3 00:00,-72.97297297
2019/5/4 00:00,-40
2019/5/5 00:00,583.3333333
2019/5/6 00:00,-7.317073171
2019/5/7 00:00,-7.894736842
2019/5/8 00:00,-5.714285714
2019/5/9 00:00,9.090909091
2019/5/10 00:00,-75
2019/5/11 00:00,-55.55555556
2019/5/12 00:00,1225
2019/5/13 00:00,-16.98113208
2019/5/14 00:00,-22.72727273
2019/5/15 00:00,-8.823529412
2019/5/16 00:00,-12.90322581
2019/5/17 00:00,-66.66666667
2019/5/18 00:00,-55.55555556
2019/5/19 00:00,725
2019/5/20 00:00,-3.03030303
2019/5/21 00:00,-6.25
2019/5/22 00:00,6.666666667
2019/5/23 00:00,-9.375
2019/5/24 00:00,-72.4137931
2019/5/25 00:00,-50
2019/5/26 00:00,75
2019/5/27 00:00,300
2019/5/28 00:00,3.571428571
2019/5/29 00:00,-17.24137931
2019/5/30 00:00,25
2019/5/31 00:00,-33.33333333
2019/6/1 00:00,-33.33333333
2019/6/2 00:00,600
2019/6/3 00:00,0
2019/6/4 00:00,-9.523809524
2019/6/5 00:00,-10.52631579
2019/6/6 00:00,5.882352941
2019/6/7 00:00,-72.22222222
2019/6/8 00:00,-30
2019/6/9 00:00,385.7142857
2019/6/10 00:00,2.941176471
2019/6/11 00:00,-11.42857143
2019/6/12 00:00,0
2019/6/13 00:00,-6.451612903
2019/6/14 00:00,-79.31034483
2019/6/15 00:00,-33.33333333
2019/6/16 00:00,625
2019/6/17 00:00,20.68965517
2019/6/18 00:00,-2.857142857
2019/6/19 00:00,2.941176471
2019/6/20 00:00,-17.14285714
2019/6/21 00:00,-72.4137931
2019/6/22 00:00,-50
2019/6/23 00:00,550
2019/6/24 00:00,11.53846154
2019/6/25 00:00,3.448275862
2019/6/26 00:00,20
2019/6/27 00:00,5.555555556
2019/6/28 00:00,-81.57894737
2019/6/29 00:00,-28.57142857
2019/6/30 00:00,-13.51351351
2019/7/1 00:00,-13.51351351
2019/7/2 00:00,-6.25
2019/7/3 00:00,-63.33333333
2019/7/4 00:00,127.2727273
2019/7/5 00:00,-72
2019/7/6 00:00,-42.85714286
2019/7/7 00:00,875
2019/7/8 00:00,-15.38461538
2019/7/9 00:00,-12.12121212
2019/7/10 00:00,17.24137931
2019/7/11 00:00,-14.70588235
2019/7/12 00:00,-75.86206897
2019/7/13 00:00,-42.85714286
2019/7/14 00:00,600
2019/7/15 00:00,-3.571428571
2019/7/16 00:00,7.407407407
2019/7/17 00:00,3.448275862
2019/7/18 00:00,-16.66666667
2019/7/19 00:00,-68
2019/7/20 00:00,-50
2019/7/21 00:00,600
2019/7/22 00:00,28.57142857
2019/7/23 00:00,-16.66666667
2019/7/24 00:00,10
2019/7/25 00:00,0
2019/7/26 00:00,-75.75757576
2019/7/27 00:00,-25
2019/7/28 00:00,500
2019/7/29 00:00,133.3333333
2019/7/30 00:00,19.04761905
2019/7/31 00:00,-20.6185567
2019/8/1 00:00,-20.6185567
2019/8/2 00:00,-76.62337662
2019/8/3 00:00,-50
2019/8/4 00:00,833.3333333
2019/8/5 00:00,4.761904762
2019/8/6 00:00,-29.54545455
2019/8/7 00:00,1.612903226
2019/8/8 00:00,-15.87301587
2019/8/9 00:00,-73.58490566
2019/8/10 00:00,-21.42857143
2019/8/11 00:00,409.0909091
2019/8/12 00:00,51.78571429
2019/8/13 00:00,-1.176470588
2019/8/14 00:00,-15.47619048
2019/8/15 00:00,-21.12676056
2019/8/16 00:00,-67.85714286
2019/8/17 00:00,-44.44444444
2019/8/18 00:00,570
2019/8/19 00:00,0
2019/8/20 00:00,-2.985074627
2019/8/21 00:00,-10.76923077
2019/8/22 00:00,20.68965517
2019/8/23 00:00,-74.28571429
2019/8/24 00:00,-38.88888889
2019/8/25 00:00,454.5454545
2019/8/26 00:00,-3.278688525
2019/8/27 00:00,-18.6440678
2019/8/28 00:00,12.5
2019/8/29 00:00,-1.851851852
2019/8/30 00:00,-73.58490566
2019/8/31 00:00,200
2019/9/1 00:00,200
2019/9/2 00:00,166.6666667
2019/9/3 00:00,15.625
2019/9/4 00:00,5.405405405
2019/9/5 00:00,-7.692307692
2019/9/6 00:00,-75
2019/9/7 00:00,-44.44444444
2019/9/8 00:00,720
2019/9/9 00:00,65.85365854
2019/9/10 00:00,-5.882352941
2019/9/11 00:00,-4.6875
2019/9/12 00:00,-14.75409836
2019/9/13 00:00,-80.76923077
2019/9/14 00:00,-20
2019/9/15 00:00,400
2019/9/16 00:00,-2.5
2019/9/17 00:00,2.564102564
2019/9/18 00:00,-5
2019/9/19 00:00,0
2019/9/20 00:00,-71.05263158
2019/9/21 00:00,-36.36363636
2019/9/22 00:00,357.1428571
2019/9/23 00:00,6.25
2019/9/24 00:00,0
2019/9/25 00:00,-5.882352941
2019/9/26 00:00,-3.125
2019/9/27 00:00,-70.96774194
2019/9/28 00:00,-11.11111111
2019/9/29 00:00,350
2019/9/30 00:00,-2.272727273
2019/10/1 00:00,-2.272727273
2019/10/2 00:00,-11.62790698
2019/10/3 00:00,18.42105263
2019/10/4 00:00,-77.77777778
2019/10/5 00:00,-20
2019/10/6 00:00,400
2019/10/7 00:00,-5
2019/10/8 00:00,0
2019/10/9 00:00,13.15789474
2019/10/10 00:00,30.23255814
2019/10/11 00:00,-71.42857143
2019/10/12 00:00,-43.75
2019/10/13 00:00,311.1111111
2019/10/14 00:00,24.32432432
2019/10/15 00:00,-13.04347826
2019/10/16 00:00,-2.5
2019/10/17 00:00,-12.82051282
2019/10/18 00:00,-70.58823529
2019/10/19 00:00,-30
2019/10/20 00:00,500
2019/10/21 00:00,7.142857143
2019/10/22 00:00,2.222222222
2019/10/23 00:00,-4.347826087
2019/10/24 00:00,15.90909091
2019/10/25 00:00,-70.58823529
2019/10/26 00:00,-26.66666667
2019/10/27 00:00,381.8181818
2019/10/28 00:00,5.660377358
2019/10/29 00:00,78.57142857
2019/10/30 00:00,-8
2019/10/31 00:00,-72
2019/11/1 00:00,-72
2019/11/2 00:00,-35.71428571
2019/11/3 00:00,344.4444444
2019/11/4 00:00,-3.75
2019/11/5 00:00,-9.090909091
2019/11/6 00:00,5.714285714
2019/11/7 00:00,-5.405405405
2019/11/8 00:00,-74.28571429
2019/11/9 00:00,-50
2019/11/10 00:00,577.7777778
2019/11/11 00:00,16.39344262
2019/11/12 00:00,5.633802817
2019/11/13 00:00,-9.333333333
2019/11/14 00:00,7.352941176
2019/11/15 00:00,-65.75342466
2019/11/16 00:00,-36
2019/11/17 00:00,325
2019/11/18 00:00,4.411764706
2019/11/19 00:00,4.225352113
2019/11/20 00:00,-5.405405405
2019/11/21 00:00,-21.42857143
2019/11/22 00:00,-70.90909091
2019/11/23 00:00,-31.25
2019/11/24 00:00,436.3636364
2019/11/25 00:00,0
2019/11/26 00:00,3.389830508
2019/11/27 00:00,-60.6557377
2019/11/28 00:00,66.66666667
2019/11/29 00:00,-65
2019/11/30 00:00,525
2019/12/1 00:00,525
2019/12/2 00:00,12
2019/12/3 00:00,-10.71428571
2019/12/4 00:00,4
2019/12/5 00:00,15.38461538
2019/12/6 00:00,-73.33333333
2019/12/7 00:00,-25
2019/12/8 00:00,350
2019/12/9 00:00,0
2019/12/10 00:00,3.703703704
2019/12/11 00:00,10.71428571
2019/12/12 00:00,22.58064516
2019/12/13 00:00,-71.05263158
2019/12/14 00:00,-36.36363636
2019/12/15 00:00,400
2019/12/16 00:00,0
2019/12/17 00:00,-14.28571429
2019/12/18 00:00,3.333333333
2019/12/19 00:00,-6.451612903
2019/12/20 00:00,-72.4137931
2019/12/21 00:00,-50
2019/12/22 00:00,650
2019/12/23 00:00,-16.66666667
2019/12/24 00:00,-60
2019/12/25 00:00,210
2019/12/26 00:00,25.80645161
2019/12/27 00:00,-71.79487179
2019/12/28 00:00,-45.45454545
2019/12/29 00:00,433.3333333
2019/12/30 00:00,9.375
2019/12/31 00:00,380
2020/1/1 00:00,380
2020/1/2 00:00,0
2020/1/3 00:00,-75
2020/1/4 00:00,-33.33333333
2020/1/5 00:00,337.5
2020/1/6 00:00,0
2020/1/7 00:00,22.85714286
2020/1/8 00:00,13.95348837
2020/1/9 00:00,-8.163265306
2020/1/10 00:00,-68.88888889
2020/1/11 00:00,-50
2020/1/12 00:00,457.1428571
2020/1/13 00:00,10.25641026
2020/1/14 00:00,-4.651162791
2020/1/15 00:00,4.87804878
2020/1/16 00:00,-4.651162791
2020/1/17 00:00,-68.29268293
2020/1/18 00:00,-53.84615385
2020/1/19 00:00,166.6666667
2020/1/20 00:00,112.5
2020/1/21 00:00,8.823529412
2020/1/22 00:00,0
2020/1/23 00:00,5.405405405
2020/1/24 00:00,-71.79487179
2020/1/25 00:00,-27.27272727
2020/1/26 00:00,450
2020/1/27 00:00,115.9090909
2020/1/28 00:00,5.263157895
2020/1/29 00:00,-49
2020/1/30 00:00,-5.882352941
2020/1/31 00:00,-47.05882353
2020/2/1 00:00,-47.05882353
2020/2/2 00:00,500
2020/2/3 00:00,-11.11111111
2020/2/4 00:00,0
2020/2/5 00:00,-10.41666667
2020/2/6 00:00,-9.302325581
2020/2/7 00:00,-71.79487179
2020/2/8 00:00,-27.27272727
2020/2/9 00:00,387.5
2020/2/10 00:00,5.128205128
2020/2/11 00:00,4.87804878
2020/2/12 00:00,-2.325581395
2020/2/13 00:00,-14.28571429
2020/2/14 00:00,-75
2020/2/15 00:00,-22.22222222
2020/2/16 00:00,214.2857143
2020/2/17 00:00,240.9090909
2020/2/18 00:00,-37.33333333
2020/2/19 00:00,-14.89361702
2020/2/20 00:00,-5
2020/2/21 00:00,-63.15789474
2020/2/22 00:00,-50
2020/2/23 00:00,885.7142857
2020/2/24 00:00,0
2020/2/25 00:00,-14.49275362
2020/2/26 00:00,20.33898305
2020/2/27 00:00,40.84507042
2020/2/28 00:00,-76
2020/2/29 00:00,480
2020/3/1 00:00,480
2020/3/2 00:00,4.597701149
2020/3/3 00:00,-21.97802198
2020/3/4 00:00,-12.67605634
2020/3/5 00:00,3.225806452
2020/3/6 00:00,-75
2020/3/7 00:00,-25
2020/3/8 00:00,700
2020/3/9 00:00,-15.625
2020/3/10 00:00,-9.87654321
2020/3/11 00:00,36.98630137
2020/3/12 00:00,-1
2020/3/13 00:00,-70.70707071
2020/3/14 00:00,-31.03448276
2020/3/15 00:00,380
2020/3/16 00:00,-10.41666667
2020/3/17 00:00,1.162790698
2020/3/18 00:00,-13.79310345
2020/3/19 00:00,-8
2020/3/20 00:00,-66.66666667
2020/3/21 00:00,-34.7826087
2020/3/22 00:00,433.3333333
2020/3/23 00:00,-7.5
2020/3/24 00:00,6.756756757
2020/3/25 00:00,-20.25316456
2020/3/26 00:00,-12.6984127
2020/3/27 00:00,-72.72727273
2020/3/28 00:00,-26.66666667
2020/3/29 00:00,345.4545455
2020/3/30 00:00,-6.12244898
2020/3/31 00:00,-3.846153846
2020/4/1 00:00,-3.846153846
2020/4/2 00:00,-12
2020/4/3 00:00,-68.18181818
2020/4/4 00:00,-21.42857143
2020/4/5 00:00,445.4545455
2020/4/6 00:00,-11.66666667
2020/4/7 00:00,-3.773584906
2020/4/8 00:00,1.960784314
2020/4/9 00:00,-55.76923077
2020/4/10 00:00,-52.17391304
2020/4/11 00:00,-9.090909091
2020/4/12 00:00,320
2020/4/13 00:00,28.57142857
2020/4/14 00:00,1.851851852
2020/4/15 00:00,-3.636363636
2020/4/16 00:00,32.0754717
2020/4/17 00:00,-78.57142857
2020/4/18 00:00,-13.33333333
2020/4/19 00:00,269.2307692
2020/4/20 00:00,2.083333333
2020/4/21 00:00,-4.081632653
2020/4/22 00:00,-8.510638298
2020/4/23 00:00,2.325581395
2020/4/24 00:00,-72.72727273
2020/4/25 00:00,-16.66666667
2020/4/26 00:00,350
2020/4/27 00:00,2.222222222
2020/4/28 00:00,13.04347826
2020/4/29 00:00,92.30769231
2020/4/30 00:00,-80
2020/5/1 00:00,-80
2020/5/2 00:00,-40
2020/5/3 00:00,341.6666667
2020/5/4 00:00,1.886792453
2020/5/5 00:00,-1.851851852
2020/5/6 00:00,3.773584906
2020/5/7 00:00,-3.636363636
2020/5/8 00:00,-67.9245283
2020/5/9 00:00,-35.29411765
2020/5/10 00:00,436.3636364
2020/5/11 00:00,3.389830508
2020/5/12 00:00,0
2020/5/13 00:00,-14.75409836
2020/5/14 00:00,15.38461538
2020/5/15 00:00,-75
2020/5/16 00:00,-33.33333333
2020/5/17 00:00,440
2020/5/18 00:00,-11.11111111
2020/5/19 00:00,8.333333333
2020/5/20 00:00,-7.692307692
2020/5/21 00:00,-10.41666667
2020/5/22 00:00,-74.41860465
2020/5/23 00:00,-9.090909091
2020/5/24 00:00,30
2020/5/25 00:00,292.3076923
2020/5/26 00:00,-7.843137255
2020/5/27 00:00,-6.382978723
2020/5/28 00:00,-4.545454545
2020/5/29 00:00,-73.80952381
2020/5/30 00:00,-36.36363636
2020/5/31 00:00,11.11111111
2020/6/1 00:00,11.11111111
2020/6/2 00:00,-5
2020/6/3 00:00,-15.78947368
2020/6/4 00:00,43.75
2020/6/5 00:00,-73.91304348
2020/6/6 00:00,-16.66666667
2020/6/7 00:00,340
2020/6/8 00:00,13.63636364
2020/6/9 00:00,28
2020/6/10 00:00,6.25
2020/6/11 00:00,-23.52941176
2020/6/12 00:00,-76.92307692
2020/6/13 00:00,-33.33333333
2020/6/14 00:00,475
2020/6/15 00:00,-4.347826087
2020/6/16 00:00,13.63636364
2020/6/17 00:00,-12
2020/6/18 00:00,13.63636364
2020/6/19 00:00,-76
2020/6/20 00:00,-33.33333333
2020/6/21 00:00,625
2020/6/22 00:00,20.68965517
2020/6/23 00:00,-17.14285714
2020/6/24 00:00,-10.34482759
2020/6/25 00:00,-11.53846154
2020/6/26 00:00,-60.86956522
2020/6/27 00:00,-55.55555556
2020/6/28 00:00,475
2020/6/29 00:00,0
2020/6/30 00:00,5.263157895
2020/7/1 00:00,5.263157895
2020/7/2 00:00,-60
2020/7/3 00:00,-62.5
2020/7/4 00:00,0
2020/7/5 00:00,633.3333333
2020/7/6 00:00,9.090909091
2020/7/7 00:00,-4.166666667
2020/7/8 00:00,4.347826087
2020/7/9 00:00,0
2020/7/10 00:00,-70.83333333
2020/7/11 00:00,-57.14285714
2020/7/12 00:00,900
2020/7/13 00:00,-16.66666667
2020/7/14 00:00,16
2020/7/15 00:00,-20.68965517
2020/7/16 00:00,-8.695652174
2020/7/17 00:00,-71.42857143
2020/7/18 00:00,-33.33333333
2020/7/19 00:00,475
2020/7/20 00:00,8.695652174
2020/7/21 00:00,-16
2020/7/22 00:00,42.85714286
2020/7/23 00:00,3.333333333
2020/7/24 00:00,-80.64516129
2020/7/25 00:00,-33.33333333
2020/7/26 00:00,475
2020/7/27 00:00,4.347826087
2020/7/28 00:00,-4.166666667
2020/7/29 00:00,152.173913
2020/7/30 00:00,51.72413793
2020/7/31 00:00,-42.85714286
2020/8/1 00:00,-42.85714286
2020/8/2 00:00,350
2020/8/3 00:00,-20.37037037
2020/8/4 00:00,-16.27906977
2020/8/5 00:00,11.11111111
2020/8/6 00:00,-5
2020/8/7 00:00,-73.68421053
2020/8/8 00:00,-30
2020/8/9 00:00,414.2857143
2020/8/10 00:00,13.88888889
2020/8/11 00:00,-9.756097561
2020/8/12 00:00,18.91891892
2020/8/13 00:00,-13.63636364
2020/8/14 00:00,-76.31578947
2020/8/15 00:00,-22.22222222
2020/8/16 00:00,385.7142857
2020/8/17 00:00,0
2020/8/18 00:00,32.35294118
2020/8/19 00:00,-4.444444444
2020/8/20 00:00,41.86046512
2020/8/21 00:00,-70.49180328
2020/8/22 00:00,-38.88888889
2020/8/23 00:00,527.2727273
2020/8/24 00:00,-11.5942029
2020/8/25 00:00,-13.1147541
2020/8/26 00:00,-5.660377358
2020/8/27 00:00,0
2020/8/28 00:00,-66
2020/8/29 00:00,-5.882352941
2020/8/30 00:00,525
2020/8/31 00:00,-9.89010989
2020/9/1 00:00,-9.89010989
2020/9/2 00:00,8.536585366
2020/9/3 00:00,12.35955056
2020/9/4 00:00,-81
2020/9/5 00:00,-47.36842105
2020/9/6 00:00,70
2020/9/7 00:00,405.8823529
2020/9/8 00:00,-6.976744186
2020/9/9 00:00,-16.25
2020/9/10 00:00,-10.44776119
2020/9/11 00:00,-76.66666667
2020/9/12 00:00,-42.85714286
2020/9/13 00:00,662.5
2020/9/14 00:00,21.31147541
2020/9/15 00:00,-18.91891892
2020/9/16 00:00,-6.666666667
2020/9/17 00:00,1.785714286
2020/9/18 00:00,-75.43859649
2020/9/19 00:00,-35.71428571
2020/9/20 00:00,566.6666667
2020/9/21 00:00,-3.333333333
2020/9/22 00:00,-5.172413793
2020/9/23 00:00,-7.272727273
2020/9/24 00:00,-7.843137255
2020/9/25 00:00,-74.46808511
2020/9/26 00:00,-41.66666667
2020/9/27 00:00,514.2857143
2020/9/28 00:00,-6.976744186
2020/9/29 00:00,-2.5
2020/9/30 00:00,20.40816327
2020/10/1 00:00,20.40816327
2020/10/2 00:00,-81.3559322
2020/10/3 00:00,-27.27272727
2020/10/4 00:00,450
2020/10/5 00:00,18.18181818
2020/10/6 00:00,-11.53846154
2020/10/7 00:00,-8.695652174
2020/10/8 00:00,7.142857143
2020/10/9 00:00,-73.33333333
2020/10/10 00:00,-33.33333333
2020/10/11 00:00,775
2020/10/12 00:00,42.85714286
2020/10/13 00:00,-34
2020/10/14 00:00,-24.24242424
2020/10/15 00:00,-6
2020/10/16 00:00,-76.59574468
2020/10/17 00:00,-36.36363636
2020/10/18 00:00,571.4285714
2020/10/19 00:00,-6.382978723
2020/10/20 00:00,-2.272727273
2020/10/21 00:00,-4.651162791
2020/10/22 00:00,-2.43902439
2020/10/23 00:00,-77.5
2020/10/24 00:00,-33.33333333
2020/10/25 00:00,583.3333333
2020/10/26 00:00,2.43902439
2020/10/27 00:00,9.523809524
2020/10/28 00:00,63.04347826
2020/10/29 00:00,6.666666667
2020/10/30 00:00,-80
2020/10/31 00:00,610
2020/11/1 00:00,610
2020/11/2 00:00,2.816901408
2020/11/3 00:00,-5.479452055
2020/11/4 00:00,2.898550725
2020/11/5 00:00,-4.225352113
2020/11/6 00:00,-79.41176471
2020/11/7 00:00,-21.42857143
2020/11/8 00:00,700
2020/11/9 00:00,-7.954545455
2020/11/10 00:00,-12.34567901
2020/11/11 00:00,-11.26760563
2020/11/12 00:00,-9.523809524
2020/11/13 00:00,-70.1754386
2020/11/14 00:00,-47.05882353
2020/11/15 00:00,566.6666667
2020/11/16 00:00,-10
2020/11/17 00:00,9.259259259
2020/11/18 00:00,-10.16949153
2020/11/19 00:00,-5.660377358
2020/11/20 00:00,-74
2020/11/21 00:00,-30.76923077
2020/11/22 00:00,477.7777778
2020/11/23 00:00,26.92307692
2020/11/24 00:00,-22.72727273
2020/11/25 00:00,-64.70588235
2020/11/26 00:00,105.5555556
2020/11/27 00:00,-70.27027027
2020/11/28 00:00,-18.18181818
2020/11/29 00:00,488.8888889
2020/11/30 00:00,-2.272727273
2020/12/1 00:00,-2.272727273
2020/12/2 00:00,-20.93023256
2020/12/3 00:00,-2.941176471
2020/12/4 00:00,-72.72727273
2020/12/5 00:00,-33.33333333
2020/12/6 00:00,450
2020/12/7 00:00,9.090909091
2020/12/8 00:00,8.333333333
2020/12/9 00:00,-12.82051282
2020/12/10 00:00,-11.76470588
2020/12/11 00:00,-70
2020/12/12 00:00,-33.33333333
2020/12/13 00:00,400
2020/12/14 00:00,36.66666667
2020/12/15 00:00,-2.43902439
2020/12/16 00:00,0
2020/12/17 00:00,-20
2020/12/18 00:00,-68.75
2020/12/19 00:00,-30
2020/12/20 00:00,442.8571429
2020/12/21 00:00,65.78947368
2020/12/22 00:00,-25.3968254
2020/12/23 00:00,-21.27659574
2020/12/24 00:00,-72.97297297
2020/12/25 00:00,-30
2020/12/26 00:00,0
2020/12/27 00:00,542.8571429
2020/12/28 00:00,6.666666667
2020/12/29 00:00,-12.5
2020/12/30 00:00,-9.523809524
2020/12/31 00:00,-46.15384615
2021/1/1 00:00,-46.15384615
2021/1/2 00:00,0
2021/1/3 00:00,471.4285714
2021/1/4 00:00,0
2021/1/5 00:00,10
2021/1/6 00:00,2.272727273
2021/1/7 00:00,0
2021/1/8 00:00,-75.55555556
2021/1/9 00:00,-36.36363636
2021/1/10 00:00,428.5714286
2021/1/11 00:00,-5.405405405
2021/1/12 00:00,11.42857143
2021/1/13 00:00,-2.564102564
2021/1/14 00:00,-18.42105263
2021/1/15 00:00,-74.19354839
2021/1/16 00:00,-25
2021/1/17 00:00,116.6666667
2021/1/18 00:00,146.1538462
2021/1/19 00:00,21.875
2021/1/20 00:00,20.51282051
2021/1/21 00:00,0
2021/1/22 00:00,-65.95744681
2021/1/23 00:00,-37.5
2021/1/24 00:00,520
2021/1/25 00:00,0
2021/1/26 00:00,61.29032258
2021/1/27 00:00,-4
2021/1/28 00:00,-31.25
2021/1/29 00:00,-71.21212121
2021/1/30 00:00,-36.84210526
2021/1/31 00:00,-10.52631579
2021/2/1 00:00,-10.52631579
2021/2/2 00:00,4.705882353
2021/2/3 00:00,6.741573034
2021/2/4 00:00,-16.84210526
2021/2/5 00:00,-70.88607595
2021/2/6 00:00,-39.13043478
2021/2/7 00:00,428.5714286
2021/2/8 00:00,-4.054054054
2021/2/9 00:00,-5.633802817
2021/2/10 00:00,-8.955223881
2021/2/11 00:00,-9.836065574
2021/2/12 00:00,-70.90909091
2021/2/13 00:00,-25
2021/2/14 00:00,108.3333333
2021/2/15 00:00,140
2021/2/16 00:00,16.66666667
2021/2/17 00:00,4.285714286
2021/2/18 00:00,-15.06849315
2021/2/19 00:00,-70.96774194
2021/2/20 00:00,-27.77777778
2021/2/21 00:00,453.8461538
2021/2/22 00:00,30.55555556
2021/2/23 00:00,-12.76595745
2021/2/24 00:00,1.219512195
2021/2/25 00:00,1.204819277
2021/2/26 00:00,-70.23809524
2021/2/27 00:00,-28
2021/2/28 00:00,-3.174603175
2021/3/1 00:00,-3.174603175
2021/3/2 00:00,-11.47540984
2021/3/3 00:00,20.37037037
2021/3/4 00:00,3.076923077
2021/3/5 00:00,-76.11940299
2021/3/6 00:00,-31.25
2021/3/7 00:00,554.5454545
2021/3/8 00:00,11.11111111
2021/3/9 00:00,-18.75
2021/3/10 00:00,-7.692307692
2021/3/11 00:00,0
2021/3/12 00:00,-75
2021/3/13 00:00,-53.33333333
2021/3/14 00:00,714.2857143
2021/3/15 00:00,0
2021/3/16 00:00,-7.01754386
2021/3/17 00:00,3.773584906
2021/3/18 00:00,1.818181818
2021/3/19 00:00,-80.35714286
2021/3/20 00:00,-18.18181818
2021/3/21 00:00,488.8888889
2021/3/22 00:00,-3.773584906
2021/3/23 00:00,-17.64705882
2021/3/24 00:00,7.142857143
2021/3/25 00:00,0
2021/3/26 00:00,-71.11111111
2021/3/27 00:00,-38.46153846
2021/3/28 00:00,437.5
2021/3/29 00:00,9.302325581
2021/3/30 00:00,14.89361702
2021/3/31 00:00,-44.44444444
2021/4/1 00:00,-44.44444444
2021/4/2 00:00,-72
2021/4/3 00:00,0
2021/4/4 00:00,571.4285714
2021/4/5 00:00,10.63829787
2021/4/6 00:00,-15.38461538
2021/4/7 00:00,27.27272727
2021/4/8 00:00,1.785714286
2021/4/9 00:00,-73.68421053
2021/4/10 00:00,-40
2021/4/11 00:00,422.2222222
2021/4/12 00:00,14.89361702
2021/4/13 00:00,0
2021/4/14 00:00,-14.81481481
2021/4/15 00:00,-6.52173913
2021/4/16 00:00,-72.09302326
2021/4/17 00:00,-25
2021/4/18 00:00,388.8888889
2021/4/19 00:00,27.27272727
2021/4/20 00:00,-17.85714286
2021/4/21 00:00,-10.86956522
2021/4/22 00:00,4.87804878
2021/4/23 00:00,-74.41860465
2021/4/24 00:00,-27.27272727
2021/4/25 00:00,475
2021/4/26 00:00,15.2173913
2021/4/27 00:00,79.24528302
2021/4/28 00:00,5.263157895
2021/4/29 00:00,-45
2021/4/30 00:00,-18.18181818
2021/5/1 00:00,-18.18181818
2021/5/2 00:00,377.7777778
2021/5/3 00:00,16.27906977
2021/5/4 00:00,-12
2021/5/5 00:00,-11.36363636
2021/5/6 00:00,1.282051282
2021/5/7 00:00,-77.21518987
2021/5/8 00:00,-27.77777778
2021/5/9 00:00,484.6153846
2021/5/10 00:00,15.78947368
2021/5/11 00:00,-1.136363636
2021/5/12 00:00,2.298850575
2021/5/13 00:00,-16.85393258
2021/5/14 00:00,-74.32432432
2021/5/15 00:00,-26.31578947
2021/5/16 00:00,392.8571429
2021/5/17 00:00,5.797101449
2021/5/18 00:00,-1.369863014
2021/5/19 00:00,-1.388888889
2021/5/20 00:00,0
2021/5/21 00:00,-80.28169014
2021/5/22 00:00,-7.142857143
2021/5/23 00:00,384.6153846
2021/5/24 00:00,4.761904762
2021/5/25 00:00,0
2021/5/26 00:00,0
2021/5/27 00:00,-4.545454545
2021/5/28 00:00,-77.77777778
2021/5/29 00:00,-14.28571429
2021/5/30 00:00,41.66666667
2021/5/31 00:00,10.52631579
2021/6/1 00:00,10.52631579
2021/6/2 00:00,-9.523809524
2021/6/3 00:00,13.15789474
2021/6/4 00:00,-79.06976744
2021/6/5 00:00,-22.22222222
2021/6/6 00:00,471.4285714
2021/6/7 00:00,7.5
2021/6/8 00:00,-11.62790698
2021/6/9 00:00,10.52631579
2021/6/10 00:00,-7.142857143
2021/6/11 00:00,-74.35897436
2021/6/12 00:00,-20
2021/6/13 00:00,437.5
2021/6/14 00:00,0
2021/6/15 00:00,-6.976744186
2021/6/16 00:00,12.5
2021/6/17 00:00,-6.666666667
2021/6/18 00:00,-76.19047619
2021/6/19 00:00,-40
2021/6/20 00:00,550
2021/6/21 00:00,7.692307692
2021/6/22 00:00,4.761904762
2021/6/23 00:00,2.272727273
2021/6/24 00:00,-11.11111111
2021/6/25 00:00,-75
2021/6/26 00:00,-40
2021/6/27 00:00,550
2021/6/28 00:00,10.25641026
2021/6/29 00:00,0
2021/6/30 00:00,7.142857143
2021/7/1 00:00,7.142857143
2021/7/2 00:00,-68.88888889
2021/7/3 00:00,-42.85714286
2021/7/4 00:00,75
2021/7/5 00:00,271.4285714
2021/7/6 00:00,19.23076923
2021/7/7 00:00,-4.838709677
2021/7/8 00:00,-5.084745763
2021/7/9 00:00,-71.42857143
2021/7/10 00:00,-43.75
2021/7/11 00:00,477.7777778
2021/7/12 00:00,7.692307692
2021/7/13 00:00,25
2021/7/14 00:00,-5.714285714
2021/7/15 00:00,-21.21212121
2021/7/16 00:00,-76.92307692
2021/7/17 00:00,-33.33333333
2021/7/18 00:00,537.5
2021/7/19 00:00,9.803921569
2021/7/20 00:00,-5.357142857
2021/7/21 00:00,-3.773584906
2021/7/22 00:00,3.921568627
2021/7/23 00:00,-77.35849057
2021/7/24 00:00,-8.333333333
2021/7/25 00:00,390.9090909
2021/7/26 00:00,85.18518519
2021/7/27 00:00,-10
2021/7/28 00:00,-40
2021/7/29 00:00,-7.407407407
2021/7/30 00:00,-74
2021/7/31 00:00,461.5384615
2021/8/1 00:00,461.5384615
2021/8/2 00:00,5.479452055
2021/8/3 00:00,-1.298701299
2021/8/4 00:00,-11.84210526
2021/8/5 00:00,4.47761194
2021/8/6 00:00,-78.57142857
2021/8/7 00:00,6.666666667
2021/8/8 00:00,300
2021/8/9 00:00,4.6875
2021/8/10 00:00,-5.970149254
2021/8/11 00:00,12.6984127
2021/8/12 00:00,4.225352113
2021/8/13 00:00,-74.32432432
2021/8/14 00:00,-36.84210526
2021/8/15 00:00,500
2021/8/16 00:00,15.27777778
2021/8/17 00:00,-6.024096386
2021/8/18 00:00,-3.846153846
2021/8/19 00:00,-4
2021/8/20 00:00,-77.77777778
2021/8/21 00:00,-25
2021/8/22 00:00,475
2021/8/23 00:00,40.57971014
2021/8/24 00:00,-29.89690722
2021/8/25 00:00,-11.76470588
2021/8/26 00:00,8.333333333
2021/8/27 00:00,-76.92307692
2021/8/28 00:00,-33.33333333
2021/8/29 00:00,710
2021/8/30 00:00,2.469135802
2021/8/31 00:00,-1.960784314
2021/9/1 00:00,-1.960784314
2021/9/2 00:00,-8
2021/9/3 00:00,-76.08695652
2021/9/4 00:00,-9.090909091
2021/9/5 00:00,20
2021/9/6 00:00,350
2021/9/7 00:00,-3.703703704
2021/9/8 00:00,-15.38461538
2021/9/9 00:00,45.45454545
2021/9/10 00:00,-71.875
2021/9/11 00:00,-33.33333333
2021/9/12 00:00,391.6666667
2021/9/13 00:00,11.86440678
2021/9/14 00:00,-15.15151515
2021/9/15 00:00,-19.64285714
2021/9/16 00:00,0
2021/9/17 00:00,-71.11111111
2021/9/18 00:00,-30.76923077
2021/9/19 00:00,522.2222222
2021/9/20 00:00,-14.28571429
2021/9/21 00:00,-8.333333333
2021/9/22 00:00,0
2021/9/23 00:00,-4.545454545
2021/9/24 00:00,-78.57142857
2021/9/25 00:00,-22.22222222
2021/9/26 00:00,514.2857143
2021/9/27 00:00,6.976744186
2021/9/28 00:00,-2.173913043
2021/9/29 00:00,6.666666667
2021/9/30 00:00,-75
2021/10/1 00:00,-75
2021/10/2 00:00,-30
2021/10/3 00:00,542.8571429
2021/10/4 00:00,2.222222222
2021/10/5 00:00,-4.347826087
2021/10/6 00:00,-4.545454545
2021/10/7 00:00,-4.761904762
2021/10/8 00:00,-82.5
2021/10/9 00:00,-28.57142857
2021/10/10 00:00,600
2021/10/11 00:00,17.14285714
2021/10/12 00:00,9.756097561
2021/10/13 00:00,-2.222222222
2021/10/14 00:00,-11.36363636
2021/10/15 00:00,-74.35897436
2021/10/16 00:00,-10
2021/10/17 00:00,433.3333333
2021/10/18 00:00,4.166666667
2021/10/19 00:00,-12
2021/10/20 00:00,0
2021/10/21 00:00,0
2021/10/22 00:00,-79.54545455
2021/10/23 00:00,0
2021/10/24 00:00,377.7777778
2021/10/25 00:00,9.302325581
2021/10/26 00:00,0
2021/10/27 00:00,112.7659574
2021/10/28 00:00,-8
2021/10/29 00:00,-82.60869565
2021/10/30 00:00,-43.75
2021/10/31 00:00,-8.064516129
2021/11/1 00:00,-8.064516129
2021/11/2 00:00,-3.50877193
2021/11/3 00:00,0
2021/11/4 00:00,-3.636363636
2021/11/5 00:00,-73.58490566
2021/11/6 00:00,-35.71428571
2021/11/7 00:00,488.8888889
2021/11/8 00:00,-3.773584906
2021/11/9 00:00,1.960784314
2021/11/10 00:00,-13.46153846
2021/11/11 00:00,6.666666667
2021/11/12 00:00,-75
2021/11/13 00:00,-25
2021/11/14 00:00,422.2222222
2021/11/15 00:00,8.510638298
2021/11/16 00:00,5.882352941
2021/11/17 00:00,37.03703704
2021/11/18 00:00,4.054054054
2021/11/19 00:00,-71.42857143
2021/11/20 00:00,-36.36363636
2021/11/21 00:00,421.4285714
2021/11/22 00:00,-6.849315068
2021/11/23 00:00,-13.23529412
2021/11/24 00:00,-62.71186441
2021/11/25 00:00,127.2727273
2021/11/26 00:00,-72
2021/11/27 00:00,-21.42857143
2021/11/28 00:00,472.7272727
2021/11/29 00:00,11.11111111
2021/11/30 00:00,-9.090909091
2021/12/1 00:00,-9.090909091
2021/12/2 00:00,-14
2021/12/3 00:00,-74.41860465
2021/12/4 00:00,-36.36363636
2021/12/5 00:00,528.5714286
2021/12/6 00:00,9.090909091
2021/12/7 00:00,29.16666667
2021/12/8 00:00,-12.90322581
2021/12/9 00:00,-3.703703704
2021/12/10 00:00,-69.23076923
2021/12/11 00:00,-43.75
2021/12/12 00:00,477.7777778
2021/12/13 00:00,-3.846153846
2021/12/14 00:00,-10
2021/12/15 00:00,15.55555556
2021/12/16 00:00,-7.692307692
2021/12/17 00:00,-77.08333333
2021/12/18 00:00,-27.27272727
2021/12/19 00:00,437.5
2021/12/20 00:00,-4.651162791
2021/12/21 00:00,14.63414634
2021/12/22 00:00,-8.510638298
2021/12/23 00:00,-53.48837209
2021/12/24 00:00,-70
2021/12/25 00:00,33.33333333
2021/12/26 00:00,425
2021/12/27 00:00,14.28571429
2021/12/28 00:00,-10.41666667
2021/12/29 00:00,-9.302325581
2021/12/30 00:00,-15.38461538
2021/12/31 00:00,-12.5
2022/1/1 00:00,-12.5
2022/1/2 00:00,585.7142857
2022/1/3 00:00,33.33333333
2022/1/4 00:00,-46.875
2022/1/5 00:00,-5.882352941
2022/1/6 00:00,15.625
2022/1/7 00:00,-64.86486486
2022/1/8 00:00,-38.46153846
2022/1/9 00:00,400
2022/1/10 00:00,-10
2022/1/11 00:00,-13.88888889
2022/1/12 00:00,-6.451612903
2022/1/13 00:00,-3.448275862
2022/1/14 00:00,-60.71428571
2022/1/15 00:00,-54.54545455
2022/1/16 00:00,100
2022/1/17 00:00,210
2022/1/18 00:00,-6.451612903
2022/1/19 00:00,13.79310345
2022/1/20 00:00,18.18181818
2022/1/21 00:00,-64.1025641
2022/1/22 00:00,-42.85714286
2022/1/23 00:00,550
2022/1/24 00:00,-13.46153846
2022/1/25 00:00,-8.888888889
2022/1/26 00:00,75.6097561
2022/1/27 00:00,38.88888889
2022/1/28 00:00,-80
2022/1/29 00:00,-50
2022/1/30 00:00,370
2022/1/31 00:00,7.5
2022/2/1 00:00,7.5
2022/2/2 00:00,1.162790698
2022/2/3 00:00,-12.64367816
2022/2/4 00:00,-76.31578947
2022/2/5 00:00,-27.77777778
2022/2/6 00:00,461.5384615
2022/2/7 00:00,0
2022/2/8 00:00,-4.109589041
2022/2/9 00:00,-11.42857143
2022/2/10 00:00,1.612903226
2022/2/11 00:00,-65.07936508
2022/2/12 00:00,-36.36363636
2022/2/13 00:00,357.1428571
2022/2/14 00:00,6.25
2022/2/15 00:00,-10.29411765
2022/2/16 00:00,-3.278688525
2022/2/17 00:00,15.25423729
2022/2/18 00:00,-73.52941176
2022/2/19 00:00,-38.88888889
2022/2/20 00:00,127.2727273
2022/2/21 00:00,200
2022/2/22 00:00,-13.33333333
2022/2/23 00:00,53.84615385
2022/2/24 00:00,-31
2022/2/25 00:00,-68.11594203
2022/2/26 00:00,-36.36363636
2022/2/27 00:00,400
2022/2/28 00:00,17.85714286
2022/3/1 00:00,17.85714286
2022/3/2 00:00,-9.090909091
2022/3/3 00:00,6.666666667
2022/3/4 00:00,-71.875
2022/3/5 00:00,-44.44444444
2022/3/6 00:00,620
2022/3/7 00:00,8.333333333
2022/3/8 00:00,-10.25641026
2022/3/9 00:00,2.857142857
2022/3/10 00:00,-11.11111111
2022/3/11 00:00,-68.75
2022/3/12 00:00,-30
2022/3/13 00:00,457.1428571
2022/3/14 00:00,-12.82051282
2022/3/15 00:00,8.823529412
2022/3/16 00:00,-16.21621622
2022/3/17 00:00,6.451612903
2022/3/18 00:00,-69.6969697
2022/3/19 00:00,-40
2022/3/20 00:00,383.3333333
2022/3/21 00:00,10.34482759
2022/3/22 00:00,3.125
2022/3/23 00:00,-6.060606061
2022/3/24 00:00,6.451612903
2022/3/25 00:00,-69.6969697
2022/3/26 00:00,-40
2022/3/27 00:00,516.6666667
2022/3/28 00:00,8.108108108
2022/3/29 00:00,-2.5
2022/3/30 00:00,-15.38461538
2022/3/31 00:00,-15.38461538
