date,AXP_monthly
2015-04-01 00:00:00,-28
2015-04-02 00:00:00,-28
2015-04-03 00:00:00,5.555555556
2015-04-04 00:00:00,-36.84210526
2015-04-05 00:00:00,87.5
2015-04-06 00:00:00,13.33333333
2015-04-07 00:00:00,11.76470588
2015-04-08 00:00:00,-12.28070175
2015-04-09 00:00:00,2
2015-04-10 00:00:00,31.37254902
2015-04-11 00:00:00,-100
2015-04-12 00:00:00,inf
2015-04-13 00:00:00,221.7391304
2015-04-14 00:00:00,-28.37837838
2015-04-15 00:00:00,-43.39622642
2015-04-16 00:00:00,156.6666667
2015-04-17 00:00:00,29.87012987
2015-04-18 00:00:00,-25
2015-04-19 00:00:00,-33.33333333
2015-04-20 00:00:00,-10
2015-04-21 00:00:00,68.88888889
2015-04-22 00:00:00,-26.31578947
2015-04-23 00:00:00,10.71428571
2015-04-24 00:00:00,22.58064516
2015-04-25 00:00:00,-55.26315789
2015-04-26 00:00:00,-14.70588235
2015-04-27 00:00:00,141.3793103
2015-04-28 00:00:00,-21.42857143
2015-04-29 00:00:00,-20
2015-04-30 00:00:00,36.36363636
2015-05-01 00:00:00,-21.15384615
2015-05-02 00:00:00,-21.15384615
2015-05-03 00:00:00,-100
2015-05-04 00:00:00,inf
2015-05-05 00:00:00,-8.108108108
2015-05-06 00:00:00,16.17647059
2015-05-07 00:00:00,-100
2015-05-08 00:00:00,inf
2015-05-09 00:00:00,-59.45945946
2015-05-10 00:00:00,-100
2015-05-11 00:00:00,inf
2015-05-12 00:00:00,-33.96226415
2015-05-13 00:00:00,168.5714286
2015-05-14 00:00:00,-52.12765957
2015-05-15 00:00:00,20
2015-05-16 00:00:00,-72.22222222
2015-05-17 00:00:00,-100
2015-05-18 00:00:00,inf
2015-05-19 00:00:00,-26.92307692
2015-05-20 00:00:00,12.28070175
2015-05-21 00:00:00,45.3125
2015-05-22 00:00:00,-10.75268817
2015-05-23 00:00:00,-37.34939759
2015-05-24 00:00:00,-34.61538462
2015-05-25 00:00:00,2.941176471
2015-05-26 00:00:00,94.28571429
2015-05-27 00:00:00,-50
2015-05-28 00:00:00,-23.52941176
2015-05-29 00:00:00,284.6153846
2015-05-30 00:00:00,-36
2015-05-31 00:00:00,-100
2015-06-01 00:00:00,-51.78571429
2015-06-02 00:00:00,-51.78571429
2015-06-03 00:00:00,66.66666667
2015-06-04 00:00:00,53.33333333
2015-06-05 00:00:00,-82.60869565
2015-06-06 00:00:00,16.66666667
2015-06-07 00:00:00,-100
2015-06-08 00:00:00,inf
2015-06-09 00:00:00,inf
2015-06-10 00:00:00,-43.47826087
2015-06-11 00:00:00,153.8461538
2015-06-12 00:00:00,-30.3030303
2015-06-13 00:00:00,-36.95652174
2015-06-14 00:00:00,10.34482759
2015-06-15 00:00:00,-3.125
2015-06-16 00:00:00,-64.51612903
2015-06-17 00:00:00,381.8181818
2015-06-18 00:00:00,-28.30188679
2015-06-19 00:00:00,-42.10526316
2015-06-20 00:00:00,13.63636364
2015-06-21 00:00:00,-56
2015-06-22 00:00:00,354.5454545
2015-06-23 00:00:00,-16
2015-06-24 00:00:00,-16.66666667
2015-06-25 00:00:00,74.28571429
2015-06-26 00:00:00,-40.98360656
2015-06-27 00:00:00,2.777777778
2015-06-28 00:00:00,-5.405405405
2015-06-29 00:00:00,74.28571429
2015-06-30 00:00:00,-26.2295082
2015-07-01 00:00:00,50
2015-07-02 00:00:00,50
2015-07-03 00:00:00,-35.71428571
2015-07-04 00:00:00,-51.85185185
2015-07-05 00:00:00,100
2015-07-06 00:00:00,-61.53846154
2015-07-07 00:00:00,80
2015-07-08 00:00:00,277.7777778
2015-07-09 00:00:00,-23.52941176
2015-07-10 00:00:00,-11.53846154
2015-07-11 00:00:00,-67.39130435
2015-07-12 00:00:00,-100
2015-07-13 00:00:00,inf
2015-07-14 00:00:00,309.0909091
2015-07-15 00:00:00,-44.44444444
2015-07-16 00:00:00,104
2015-07-17 00:00:00,-52.94117647
2015-07-18 00:00:00,-41.66666667
2015-07-19 00:00:00,171.4285714
2015-07-20 00:00:00,0
2015-07-21 00:00:00,-34.21052632
2015-07-22 00:00:00,296
2015-07-23 00:00:00,-22.22222222
2015-07-24 00:00:00,-49.35064935
2015-07-25 00:00:00,-20.51282051
2015-07-26 00:00:00,3.225806452
2015-07-27 00:00:00,-3.125
2015-07-28 00:00:00,22.58064516
2015-07-29 00:00:00,60.52631579
2015-07-30 00:00:00,-45.90163934
2015-07-31 00:00:00,84.84848485
2015-08-01 00:00:00,inf
2015-08-02 00:00:00,inf
2015-08-03 00:00:00,-42.22222222
2015-08-04 00:00:00,130.7692308
2015-08-05 00:00:00,-46.66666667
2015-08-06 00:00:00,50
2015-08-07 00:00:00,108.3333333
2015-08-08 00:00:00,-59
2015-08-09 00:00:00,12.19512195
2015-08-10 00:00:00,73.91304348
2015-08-11 00:00:00,-43.75
2015-08-12 00:00:00,-60
2015-08-13 00:00:00,177.7777778
2015-08-14 00:00:00,-44
2015-08-15 00:00:00,-46.42857143
2015-08-16 00:00:00,106.6666667
2015-08-17 00:00:00,38.70967742
2015-08-18 00:00:00,11.62790698
2015-08-19 00:00:00,-47.91666667
2015-08-20 00:00:00,88
2015-08-21 00:00:00,78.72340426
2015-08-22 00:00:00,-73.80952381
2015-08-23 00:00:00,-4.545454545
2015-08-24 00:00:00,42.85714286
2015-08-25 00:00:00,-10
2015-08-26 00:00:00,0
2015-08-27 00:00:00,-44.44444444
2015-08-28 00:00:00,160
2015-08-29 00:00:00,-61.53846154
2015-08-30 00:00:00,266.6666667
2015-08-31 00:00:00,-29.09090909
2015-09-01 00:00:00,-41
2015-09-02 00:00:00,-41
2015-09-03 00:00:00,-59.3220339
2015-09-04 00:00:00,95.83333333
2015-09-05 00:00:00,-100
2015-09-06 00:00:00,inf
2015-09-07 00:00:00,1.176470588
2015-09-08 00:00:00,-33.72093023
2015-09-09 00:00:00,-63.15789474
2015-09-10 00:00:00,223.8095238
2015-09-11 00:00:00,13.23529412
2015-09-12 00:00:00,-75.32467532
2015-09-13 00:00:00,163.1578947
2015-09-14 00:00:00,-100
2015-09-15 00:00:00,inf
2015-09-16 00:00:00,81.63265306
2015-09-17 00:00:00,3.370786517
2015-09-18 00:00:00,2.173913043
2015-09-19 00:00:00,-60.63829787
2015-09-20 00:00:00,-5.405405405
2015-09-21 00:00:00,85.71428571
2015-09-22 00:00:00,24.61538462
2015-09-23 00:00:00,-80.24691358
2015-09-24 00:00:00,-100
2015-09-25 00:00:00,inf
2015-09-26 00:00:00,-69.11764706
2015-09-27 00:00:00,85.71428571
2015-09-28 00:00:00,33.33333333
2015-09-29 00:00:00,0
2015-09-30 00:00:00,36.53846154
2015-10-01 00:00:00,-60.46511628
2015-10-02 00:00:00,-60.46511628
2015-10-03 00:00:00,67.64705882
2015-10-04 00:00:00,-36.84210526
2015-10-05 00:00:00,175
2015-10-06 00:00:00,-52.52525253
2015-10-07 00:00:00,31.91489362
2015-10-08 00:00:00,-29.03225806
2015-10-09 00:00:00,-29.54545455
2015-10-10 00:00:00,-45.16129032
2015-10-11 00:00:00,-100
2015-10-12 00:00:00,inf
2015-10-13 00:00:00,-28.57142857
2015-10-14 00:00:00,17.14285714
2015-10-15 00:00:00,12.19512195
2015-10-16 00:00:00,47.82608696
2015-10-17 00:00:00,-39.70588235
2015-10-18 00:00:00,26.82926829
2015-10-19 00:00:00,-100
2015-10-20 00:00:00,inf
2015-10-21 00:00:00,71.92982456
2015-10-22 00:00:00,-46.93877551
2015-10-23 00:00:00,57.69230769
2015-10-24 00:00:00,-39.02439024
2015-10-25 00:00:00,-22
2015-10-26 00:00:00,56.41025641
2015-10-27 00:00:00,40.98360656
2015-10-28 00:00:00,16.27906977
2015-10-29 00:00:00,-31
2015-10-30 00:00:00,-21.73913043
2015-10-31 00:00:00,-44.44444444
2015-11-01 00:00:00,64.28571429
2015-11-02 00:00:00,64.28571429
2015-11-03 00:00:00,-40.57971014
2015-11-04 00:00:00,48.7804878
2015-11-05 00:00:00,24.59016393
2015-11-06 00:00:00,-18.42105263
2015-11-07 00:00:00,-64.51612903
2015-11-08 00:00:00,113.6363636
2015-11-09 00:00:00,23.40425532
2015-11-10 00:00:00,-60.34482759
2015-11-11 00:00:00,4.347826087
2015-11-12 00:00:00,70.83333333
2015-11-13 00:00:00,73.17073171
2015-11-14 00:00:00,-59.15492958
2015-11-15 00:00:00,-41.37931034
2015-11-16 00:00:00,170.5882353
2015-11-17 00:00:00,19.56521739
2015-11-18 00:00:00,1.818181818
2015-11-19 00:00:00,3.571428571
2015-11-20 00:00:00,-1.724137931
2015-11-21 00:00:00,24.56140351
2015-11-22 00:00:00,-100
2015-11-23 00:00:00,inf
2015-11-24 00:00:00,34.14634146
2015-11-25 00:00:00,-61.81818182
2015-11-26 00:00:00,-100
2015-11-27 00:00:00,inf
2015-11-28 00:00:00,-100
2015-11-29 00:00:00,inf
2015-11-30 00:00:00,54.05405405
2015-12-01 00:00:00,-18.75
2015-12-02 00:00:00,-18.75
2015-12-03 00:00:00,61.53846154
2015-12-04 00:00:00,-4.761904762
2015-12-05 00:00:00,-100
2015-12-06 00:00:00,inf
2015-12-07 00:00:00,inf
2015-12-08 00:00:00,-5
2015-12-09 00:00:00,5.263157895
2015-12-10 00:00:00,-65
2015-12-11 00:00:00,142.8571429
2015-12-12 00:00:00,-100
2015-12-13 00:00:00,inf
2015-12-14 00:00:00,inf
2015-12-15 00:00:00,0
2015-12-16 00:00:00,-26.66666667
2015-12-17 00:00:00,36.36363636
2015-12-18 00:00:00,73.33333333
2015-12-19 00:00:00,-50
2015-12-20 00:00:00,23.07692308
2015-12-21 00:00:00,87.5
2015-12-22 00:00:00,26.66666667
2015-12-23 00:00:00,-47.36842105
2015-12-24 00:00:00,-15
2015-12-25 00:00:00,-47.05882353
2015-12-26 00:00:00,66.66666667
2015-12-27 00:00:00,0
2015-12-28 00:00:00,-40
2015-12-29 00:00:00,-11.11111111
2015-12-30 00:00:00,150
2015-12-31 00:00:00,25
2016-01-01 00:00:00,-18.75
2016-01-02 00:00:00,-18.75
2016-01-03 00:00:00,-23.07692308
2016-01-04 00:00:00,160
2016-01-05 00:00:00,-42.30769231
2016-01-06 00:00:00,60
2016-01-07 00:00:00,-16.66666667
2016-01-08 00:00:00,100
2016-01-09 00:00:00,-100
2016-01-10 00:00:00,inf
2016-01-11 00:00:00,123.0769231
2016-01-12 00:00:00,-13.79310345
2016-01-13 00:00:00,24
2016-01-14 00:00:00,-51.61290323
2016-01-15 00:00:00,153.3333333
2016-01-16 00:00:00,-44.73684211
2016-01-17 00:00:00,42.85714286
2016-01-18 00:00:00,-23.33333333
2016-01-19 00:00:00,30.43478261
2016-01-20 00:00:00,-100
2016-01-21 00:00:00,inf
2016-01-22 00:00:00,122.2222222
2016-01-23 00:00:00,-63
2016-01-24 00:00:00,-35.13513514
2016-01-25 00:00:00,112.5
2016-01-26 00:00:00,-15.68627451
2016-01-27 00:00:00,-51.1627907
2016-01-28 00:00:00,47.61904762
2016-01-29 00:00:00,64.51612903
2016-01-30 00:00:00,-80.39215686
2016-01-31 00:00:00,160
2016-02-01 00:00:00,18.51851852
2016-02-02 00:00:00,18.51851852
2016-02-03 00:00:00,-19.79166667
2016-02-04 00:00:00,-19.48051948
2016-02-05 00:00:00,0
2016-02-06 00:00:00,-48.38709677
2016-02-07 00:00:00,-18.75
2016-02-08 00:00:00,165.3846154
2016-02-09 00:00:00,2.898550725
2016-02-10 00:00:00,-28.16901408
2016-02-11 00:00:00,78.43137255
2016-02-12 00:00:00,-15.38461538
2016-02-13 00:00:00,-54.54545455
2016-02-14 00:00:00,-48.57142857
2016-02-15 00:00:00,105.5555556
2016-02-16 00:00:00,-10.81081081
2016-02-17 00:00:00,203.030303
2016-02-18 00:00:00,-14
2016-02-19 00:00:00,-82.55813953
2016-02-20 00:00:00,66.66666667
2016-02-21 00:00:00,-32
2016-02-22 00:00:00,447.0588235
2016-02-23 00:00:00,-19.35483871
2016-02-24 00:00:00,-50.66666667
2016-02-25 00:00:00,10.81081081
2016-02-26 00:00:00,36.58536585
2016-02-27 00:00:00,-16.07142857
2016-02-28 00:00:00,-55.31914894
2016-02-29 00:00:00,138.0952381
2016-03-01 00:00:00,34.04255319
2016-03-02 00:00:00,34.04255319
2016-03-03 00:00:00,52.38095238
2016-03-04 00:00:00,-29.16666667
2016-03-05 00:00:00,38.23529412
2016-03-06 00:00:00,-100
2016-03-07 00:00:00,inf
2016-03-08 00:00:00,9.333333333
2016-03-09 00:00:00,-45.12195122
2016-03-10 00:00:00,104.4444444
2016-03-11 00:00:00,-54.34782609
2016-03-12 00:00:00,42.85714286
2016-03-13 00:00:00,-75
2016-03-14 00:00:00,373.3333333
2016-03-15 00:00:00,-9.85915493
2016-03-16 00:00:00,1.5625
2016-03-17 00:00:00,-24.61538462
2016-03-18 00:00:00,-30.6122449
2016-03-19 00:00:00,17.64705882
2016-03-20 00:00:00,-27.5
2016-03-21 00:00:00,103.4482759
2016-03-22 00:00:00,-100
2016-03-23 00:00:00,inf
2016-03-24 00:00:00,-20.40816327
2016-03-25 00:00:00,30.76923077
2016-03-26 00:00:00,-39.21568627
2016-03-27 00:00:00,-54.83870968
2016-03-28 00:00:00,300
2016-03-29 00:00:00,-33.92857143
2016-03-30 00:00:00,-45.94594595
2016-03-31 00:00:00,105
2016-04-01 00:00:00,-100
2016-04-02 00:00:00,-100
2016-04-03 00:00:00,inf
2016-04-04 00:00:00,31.25
2016-04-05 00:00:00,-41.26984127
2016-04-06 00:00:00,113.5135135
2016-04-07 00:00:00,-17.72151899
2016-04-08 00:00:00,-53.84615385
2016-04-09 00:00:00,73.33333333
2016-04-10 00:00:00,1.923076923
2016-04-11 00:00:00,7.547169811
2016-04-12 00:00:00,-26.31578947
2016-04-13 00:00:00,42.85714286
2016-04-14 00:00:00,53.33333333
2016-04-15 00:00:00,-78.26086957
2016-04-16 00:00:00,-100
2016-04-17 00:00:00,inf
2016-04-18 00:00:00,111.5384615
2016-04-19 00:00:00,-56.36363636
2016-04-20 00:00:00,316.6666667
2016-04-21 00:00:00,-28
2016-04-22 00:00:00,-6.944444444
2016-04-23 00:00:00,-26.86567164
2016-04-24 00:00:00,-100
2016-04-25 00:00:00,inf
2016-04-26 00:00:00,52.94117647
2016-04-27 00:00:00,9.615384615
2016-04-28 00:00:00,1.754385965
2016-04-29 00:00:00,24.13793103
2016-04-30 00:00:00,-100
2016-05-01 00:00:00,inf
2016-05-02 00:00:00,inf
2016-05-03 00:00:00,6.382978723
2016-05-04 00:00:00,-42
2016-05-05 00:00:00,-60.34482759
2016-05-06 00:00:00,-30.43478261
2016-05-07 00:00:00,87.5
2016-05-08 00:00:00,216.6666667
2016-05-09 00:00:00,-37.89473684
2016-05-10 00:00:00,3.389830508
2016-05-11 00:00:00,24.59016393
2016-05-12 00:00:00,-81.57894737
2016-05-13 00:00:00,485.7142857
2016-05-14 00:00:00,-76.82926829
2016-05-15 00:00:00,-100
2016-05-16 00:00:00,inf
2016-05-17 00:00:00,14.89361702
2016-05-18 00:00:00,-40.74074074
2016-05-19 00:00:00,-53.125
2016-05-20 00:00:00,160
2016-05-21 00:00:00,43.58974359
2016-05-22 00:00:00,-64.28571429
2016-05-23 00:00:00,85
2016-05-24 00:00:00,135.1351351
2016-05-25 00:00:00,-47.12643678
2016-05-26 00:00:00,-17.39130435
2016-05-27 00:00:00,28.94736842
2016-05-28 00:00:00,-4.081632653
2016-05-29 00:00:00,0
2016-05-30 00:00:00,-57.44680851
2016-05-31 00:00:00,255
2016-06-01 00:00:00,-35.55555556
2016-06-02 00:00:00,-35.55555556
2016-06-03 00:00:00,-10.34482759
2016-06-04 00:00:00,-100
2016-06-05 00:00:00,inf
2016-06-06 00:00:00,55
2016-06-07 00:00:00,-29.03225806
2016-06-08 00:00:00,-100
2016-06-09 00:00:00,inf
2016-06-10 00:00:00,28.57142857
2016-06-11 00:00:00,-30.55555556
2016-06-12 00:00:00,-100
2016-06-13 00:00:00,inf
2016-06-14 00:00:00,25.92592593
2016-06-15 00:00:00,14.70588235
2016-06-16 00:00:00,-41.02564103
2016-06-17 00:00:00,95.65217391
2016-06-18 00:00:00,-55.55555556
2016-06-19 00:00:00,-100
2016-06-20 00:00:00,inf
2016-06-21 00:00:00,-35.29411765
2016-06-22 00:00:00,13.63636364
2016-06-23 00:00:00,208
2016-06-24 00:00:00,-23.37662338
2016-06-25 00:00:00,-100
2016-06-26 00:00:00,inf
2016-06-27 00:00:00,-16.66666667
2016-06-28 00:00:00,204
2016-06-29 00:00:00,-32.89473684
2016-06-30 00:00:00,23.52941176
2016-07-01 00:00:00,-100
2016-07-02 00:00:00,-100
2016-07-03 00:00:00,inf
2016-07-04 00:00:00,inf
2016-07-05 00:00:00,-2.702702703
2016-07-06 00:00:00,36.11111111
2016-07-07 00:00:00,-53.06122449
2016-07-08 00:00:00,117.3913043
2016-07-09 00:00:00,-50
2016-07-10 00:00:00,44
2016-07-11 00:00:00,16.66666667
2016-07-12 00:00:00,23.80952381
2016-07-13 00:00:00,-25
2016-07-14 00:00:00,10.25641026
2016-07-15 00:00:00,-55.81395349
2016-07-16 00:00:00,42.10526316
2016-07-17 00:00:00,-44.44444444
2016-07-18 00:00:00,326.6666667
2016-07-19 00:00:00,-45.3125
2016-07-20 00:00:00,185.7142857
2016-07-21 00:00:00,-16
2016-07-22 00:00:00,-48.80952381
2016-07-23 00:00:00,-100
2016-07-24 00:00:00,inf
2016-07-25 00:00:00,38.0952381
2016-07-26 00:00:00,100
2016-07-27 00:00:00,-25.86206897
2016-07-28 00:00:00,-32.55813953
2016-07-29 00:00:00,68.96551724
2016-07-30 00:00:00,-46.93877551
2016-07-31 00:00:00,-38.46153846
2016-08-01 00:00:00,12.82051282
2016-08-02 00:00:00,12.82051282
2016-08-03 00:00:00,-34.09090909
2016-08-04 00:00:00,51.72413793
2016-08-05 00:00:00,-25
2016-08-06 00:00:00,12.12121212
2016-08-07 00:00:00,-43.24324324
2016-08-08 00:00:00,138.0952381
2016-08-09 00:00:00,-26
2016-08-10 00:00:00,137.8378378
2016-08-11 00:00:00,-65.90909091
2016-08-12 00:00:00,-100
2016-08-13 00:00:00,inf
2016-08-14 00:00:00,195.2380952
2016-08-15 00:00:00,-59.67741935
2016-08-16 00:00:00,164
2016-08-17 00:00:00,-30.3030303
2016-08-18 00:00:00,-71.73913043
2016-08-19 00:00:00,261.5384615
2016-08-20 00:00:00,-100
2016-08-21 00:00:00,inf
2016-08-22 00:00:00,-38.23529412
2016-08-23 00:00:00,204.7619048
2016-08-24 00:00:00,-34.375
2016-08-25 00:00:00,-50
2016-08-26 00:00:00,247.6190476
2016-08-27 00:00:00,-42.46575342
2016-08-28 00:00:00,-71.42857143
2016-08-29 00:00:00,-100
2016-08-30 00:00:00,inf
2016-08-31 00:00:00,-25
2016-09-01 00:00:00,-30.3030303
2016-09-02 00:00:00,-30.3030303
2016-09-03 00:00:00,-43.47826087
2016-09-04 00:00:00,-100
2016-09-05 00:00:00,inf
2016-09-06 00:00:00,inf
2016-09-07 00:00:00,-36.36363636
2016-09-08 00:00:00,-23.80952381
2016-09-09 00:00:00,-56.25
2016-09-10 00:00:00,257.1428571
2016-09-11 00:00:00,-52
2016-09-12 00:00:00,83.33333333
2016-09-13 00:00:00,204.5454545
2016-09-14 00:00:00,-52.23880597
2016-09-15 00:00:00,-43.75
2016-09-16 00:00:00,27.77777778
2016-09-17 00:00:00,-65.2173913
2016-09-18 00:00:00,12.5
2016-09-19 00:00:00,-100
2016-09-20 00:00:00,inf
2016-09-21 00:00:00,inf
2016-09-22 00:00:00,121.4285714
2016-09-23 00:00:00,-100
2016-09-24 00:00:00,inf
2016-09-25 00:00:00,18.75
2016-09-26 00:00:00,5.263157895
2016-09-27 00:00:00,-30
2016-09-28 00:00:00,-100
2016-09-29 00:00:00,inf
2016-09-30 00:00:00,-3.333333333
2016-10-01 00:00:00,inf
2016-10-02 00:00:00,inf
2016-10-03 00:00:00,58.33333333
2016-10-04 00:00:00,5.263157895
2016-10-05 00:00:00,90
2016-10-06 00:00:00,-10.52631579
2016-10-07 00:00:00,-29.41176471
2016-10-08 00:00:00,-100
2016-10-09 00:00:00,inf
2016-10-10 00:00:00,inf
2016-10-11 00:00:00,4
2016-10-12 00:00:00,-7.692307692
2016-10-13 00:00:00,8.333333333
2016-10-14 00:00:00,30.76923077
2016-10-15 00:00:00,-70.58823529
2016-10-16 00:00:00,60
2016-10-17 00:00:00,93.75
2016-10-18 00:00:00,58.06451613
2016-10-19 00:00:00,75.51020408
2016-10-20 00:00:00,16.27906977
2016-10-21 00:00:00,-53
2016-10-22 00:00:00,-51.06382979
2016-10-23 00:00:00,4.347826087
2016-10-24 00:00:00,-16.66666667
2016-10-25 00:00:00,70
2016-10-26 00:00:00,-73.52941176
2016-10-27 00:00:00,144.4444444
2016-10-28 00:00:00,118.1818182
2016-10-29 00:00:00,-77.08333333
2016-10-30 00:00:00,-100
2016-10-31 00:00:00,inf
2016-11-01 00:00:00,-43.66197183
2016-11-02 00:00:00,-43.66197183
2016-11-03 00:00:00,-30
2016-11-04 00:00:00,67.85714286
2016-11-05 00:00:00,-55.31914894
2016-11-06 00:00:00,-100
2016-11-07 00:00:00,inf
2016-11-08 00:00:00,14.51612903
2016-11-09 00:00:00,-5.633802817
2016-11-10 00:00:00,-13.43283582
2016-11-11 00:00:00,-79.31034483
2016-11-12 00:00:00,-100
2016-11-13 00:00:00,inf
2016-11-14 00:00:00,234.6153846
2016-11-15 00:00:00,-10.34482759
2016-11-16 00:00:00,-2.564102564
2016-11-17 00:00:00,31.57894737
2016-11-18 00:00:00,-53
2016-11-19 00:00:00,-17.0212766
2016-11-20 00:00:00,-28.20512821
2016-11-21 00:00:00,17.85714286
2016-11-22 00:00:00,139.3939394
2016-11-23 00:00:00,-32.91139241
2016-11-24 00:00:00,-49.05660377
2016-11-25 00:00:00,-7.407407407
2016-11-26 00:00:00,-100
2016-11-27 00:00:00,inf
2016-11-28 00:00:00,227.2727273
2016-11-29 00:00:00,-31.94444444
2016-11-30 00:00:00,-44.89795918
2016-12-01 00:00:00,1.923076923
2016-12-02 00:00:00,1.923076923
2016-12-03 00:00:00,-75.47169811
2016-12-04 00:00:00,-100
2016-12-05 00:00:00,inf
2016-12-06 00:00:00,-75.55555556
2016-12-07 00:00:00,400
2016-12-08 00:00:00,-32.72727273
2016-12-09 00:00:00,35.13513514
2016-12-10 00:00:00,-100
2016-12-11 00:00:00,inf
2016-12-12 00:00:00,inf
2016-12-13 00:00:00,25
2016-12-14 00:00:00,22.5
2016-12-15 00:00:00,-59.18367347
2016-12-16 00:00:00,35
2016-12-17 00:00:00,18.51851852
2016-12-18 00:00:00,46.875
2016-12-19 00:00:00,-25.53191489
2016-12-20 00:00:00,-45.71428571
2016-12-21 00:00:00,152.6315789
2016-12-22 00:00:00,12.5
2016-12-23 00:00:00,-27.77777778
2016-12-24 00:00:00,30.76923077
2016-12-25 00:00:00,-37.25490196
2016-12-26 00:00:00,-68.75
2016-12-27 00:00:00,190
2016-12-28 00:00:00,-27.5862069
2016-12-29 00:00:00,104.7619048
2016-12-30 00:00:00,-100
2016-12-31 00:00:00,inf
2017-01-01 00:00:00,inf
2017-01-02 00:00:00,inf
2017-01-03 00:00:00,inf
2017-01-04 00:00:00,-41.53846154
2017-01-05 00:00:00,121.0526316
2017-01-06 00:00:00,-47.61904762
2017-01-07 00:00:00,-27.27272727
2017-01-08 00:00:00,-40.625
2017-01-09 00:00:00,200
2017-01-10 00:00:00,-19.29824561
2017-01-11 00:00:00,-36.95652174
2017-01-12 00:00:00,51.72413793
2017-01-13 00:00:00,-52.27272727
2017-01-14 00:00:00,85.71428571
2017-01-15 00:00:00,-53.84615385
2017-01-16 00:00:00,116.6666667
2017-01-17 00:00:00,-12.82051282
2017-01-18 00:00:00,-35.29411765
2017-01-19 00:00:00,322.7272727
2017-01-20 00:00:00,7.52688172
2017-01-21 00:00:00,-74
2017-01-22 00:00:00,0
2017-01-23 00:00:00,150
2017-01-24 00:00:00,-10.76923077
2017-01-25 00:00:00,17.24137931
2017-01-26 00:00:00,-11.76470588
2017-01-27 00:00:00,-31.66666667
2017-01-28 00:00:00,-100
2017-01-29 00:00:00,inf
2017-01-30 00:00:00,190
2017-01-31 00:00:00,-34.48275862
2017-02-01 00:00:00,115.1515152
2017-02-02 00:00:00,115.1515152
2017-02-03 00:00:00,2.816901408
2017-02-04 00:00:00,-79.45205479
2017-02-05 00:00:00,-100
2017-02-06 00:00:00,inf
2017-02-07 00:00:00,54.54545455
2017-02-08 00:00:00,176.4705882
2017-02-09 00:00:00,-14.89361702
2017-02-10 00:00:00,-45
2017-02-11 00:00:00,-68.18181818
2017-02-12 00:00:00,-100
2017-02-13 00:00:00,inf
2017-02-14 00:00:00,-20.3125
2017-02-15 00:00:00,35.29411765
2017-02-16 00:00:00,-27.53623188
2017-02-17 00:00:00,-100
2017-02-18 00:00:00,inf
2017-02-19 00:00:00,9.090909091
2017-02-20 00:00:00,-22.91666667
2017-02-21 00:00:00,170.2702703
2017-02-22 00:00:00,-16
2017-02-23 00:00:00,-44.04761905
2017-02-24 00:00:00,-2.127659574
2017-02-25 00:00:00,-54.34782609
2017-02-26 00:00:00,204.7619048
2017-02-27 00:00:00,20.3125
2017-02-28 00:00:00,-25.97402597
2017-03-01 00:00:00,-38.59649123
2017-03-02 00:00:00,-38.59649123
2017-03-03 00:00:00,28.57142857
2017-03-04 00:00:00,-60
2017-03-05 00:00:00,16.66666667
2017-03-06 00:00:00,-57.14285714
2017-03-07 00:00:00,300
2017-03-08 00:00:00,8.333333333
2017-03-09 00:00:00,-53.84615385
2017-03-10 00:00:00,105.5555556
2017-03-11 00:00:00,-13.51351351
2017-03-12 00:00:00,-43.75
2017-03-13 00:00:00,0
2017-03-14 00:00:00,150
2017-03-15 00:00:00,-33.33333333
2017-03-16 00:00:00,43.33333333
2017-03-17 00:00:00,-41.86046512
2017-03-18 00:00:00,0
2017-03-19 00:00:00,28
2017-03-20 00:00:00,25
2017-03-21 00:00:00,17.5
2017-03-22 00:00:00,-10.63829787
2017-03-23 00:00:00,-21.42857143
2017-03-24 00:00:00,36.36363636
2017-03-25 00:00:00,-33.33333333
2017-03-26 00:00:00,-100
2017-03-27 00:00:00,inf
2017-03-28 00:00:00,-58.69565217
2017-03-29 00:00:00,131.5789474
2017-03-30 00:00:00,-4.545454545
2017-03-31 00:00:00,40.47619048
2017-04-01 00:00:00,-54.54545455
2017-04-02 00:00:00,-54.54545455
2017-04-03 00:00:00,320
2017-04-04 00:00:00,-9.523809524
2017-04-05 00:00:00,-39.47368421
2017-04-06 00:00:00,21.73913043
2017-04-07 00:00:00,-67.85714286
2017-04-08 00:00:00,-100
2017-04-09 00:00:00,inf
2017-04-10 00:00:00,307.1428571
2017-04-11 00:00:00,-40.35087719
2017-04-12 00:00:00,-70.58823529
2017-04-13 00:00:00,170
2017-04-14 00:00:00,29.62962963
2017-04-15 00:00:00,-17.14285714
2017-04-16 00:00:00,-100
2017-04-17 00:00:00,inf
2017-04-18 00:00:00,-60
2017-04-19 00:00:00,309.0909091
2017-04-20 00:00:00,11.11111111
2017-04-21 00:00:00,-40
2017-04-22 00:00:00,-38.33333333
2017-04-23 00:00:00,-72.97297297
2017-04-24 00:00:00,220
2017-04-25 00:00:00,75
2017-04-26 00:00:00,19.64285714
2017-04-27 00:00:00,-65.67164179
2017-04-28 00:00:00,13.04347826
2017-04-29 00:00:00,-100
2017-04-30 00:00:00,inf
2017-05-01 00:00:00,12.12121212
2017-05-02 00:00:00,12.12121212
2017-05-03 00:00:00,35.13513514
2017-05-04 00:00:00,12
2017-05-05 00:00:00,-16.07142857
2017-05-06 00:00:00,-59.57446809
2017-05-07 00:00:00,157.8947368
2017-05-08 00:00:00,-20.40816327
2017-05-09 00:00:00,102.5641026
2017-05-10 00:00:00,-54.43037975
2017-05-11 00:00:00,55.55555556
2017-05-12 00:00:00,-12.5
2017-05-13 00:00:00,20.40816327
2017-05-14 00:00:00,-100
2017-05-15 00:00:00,inf
2017-05-16 00:00:00,26.82926829
2017-05-17 00:00:00,92.30769231
2017-05-18 00:00:00,-66
2017-05-19 00:00:00,-61.76470588
2017-05-20 00:00:00,-100
2017-05-21 00:00:00,inf
2017-05-22 00:00:00,186.3636364
2017-05-23 00:00:00,-34.92063492
2017-05-24 00:00:00,36.58536585
2017-05-25 00:00:00,-23.21428571
2017-05-26 00:00:00,34.88372093
2017-05-27 00:00:00,-100
2017-05-28 00:00:00,inf
2017-05-29 00:00:00,54.16666667
2017-05-30 00:00:00,-13.51351351
2017-05-31 00:00:00,-100
2017-06-01 00:00:00,62.96296296
2017-06-02 00:00:00,62.96296296
2017-06-03 00:00:00,-100
2017-06-04 00:00:00,inf
2017-06-05 00:00:00,166.6666667
2017-06-06 00:00:00,-40.625
2017-06-07 00:00:00,68.42105263
2017-06-08 00:00:00,15.625
2017-06-09 00:00:00,-10.81081081
2017-06-10 00:00:00,-30.3030303
2017-06-11 00:00:00,-65.2173913
2017-06-12 00:00:00,87.5
2017-06-13 00:00:00,13.33333333
2017-06-14 00:00:00,29.41176471
2017-06-15 00:00:00,63.63636364
2017-06-16 00:00:00,2.777777778
2017-06-17 00:00:00,-100
2017-06-18 00:00:00,inf
2017-06-19 00:00:00,inf
2017-06-20 00:00:00,-22.22222222
2017-06-21 00:00:00,42.85714286
2017-06-22 00:00:00,-36.66666667
2017-06-23 00:00:00,84.21052632
2017-06-24 00:00:00,-100
2017-06-25 00:00:00,inf
2017-06-26 00:00:00,inf
2017-06-27 00:00:00,13.33333333
2017-06-28 00:00:00,117.6470588
2017-06-29 00:00:00,40.54054054
2017-06-30 00:00:00,-65.38461538
2017-07-01 00:00:00,inf
2017-07-02 00:00:00,inf
2017-07-03 00:00:00,52.38095238
2017-07-04 00:00:00,-100
2017-07-05 00:00:00,inf
2017-07-06 00:00:00,38.0952381
2017-07-07 00:00:00,-6.896551724
2017-07-08 00:00:00,-100
2017-07-09 00:00:00,inf
2017-07-10 00:00:00,inf
2017-07-11 00:00:00,-28.125
2017-07-12 00:00:00,-30.43478261
2017-07-13 00:00:00,25
2017-07-14 00:00:00,35
2017-07-15 00:00:00,-66.66666667
2017-07-16 00:00:00,244.4444444
2017-07-17 00:00:00,35.48387097
2017-07-18 00:00:00,-83.33333333
2017-07-19 00:00:00,1328.571429
2017-07-20 00:00:00,-7
2017-07-21 00:00:00,-62.3655914
2017-07-22 00:00:00,14.28571429
2017-07-23 00:00:00,-45
2017-07-24 00:00:00,-45.45454545
2017-07-25 00:00:00,75
2017-07-26 00:00:00,19.04761905
2017-07-27 00:00:00,76
2017-07-28 00:00:00,-79.54545455
2017-07-29 00:00:00,166.6666667
2017-07-30 00:00:00,-4.166666667
2017-07-31 00:00:00,39.13043478
2017-08-01 00:00:00,7.142857143
2017-08-02 00:00:00,7.142857143
2017-08-03 00:00:00,-72
2017-08-04 00:00:00,38.0952381
2017-08-05 00:00:00,72.4137931
2017-08-06 00:00:00,-100
2017-08-07 00:00:00,inf
2017-08-08 00:00:00,-12.5
2017-08-09 00:00:00,28.57142857
2017-08-10 00:00:00,0
2017-08-11 00:00:00,-60.31746032
2017-08-12 00:00:00,300
2017-08-13 00:00:00,-66
2017-08-14 00:00:00,123.5294118
2017-08-15 00:00:00,-11.84210526
2017-08-16 00:00:00,31.34328358
2017-08-17 00:00:00,-18.18181818
2017-08-18 00:00:00,22.22222222
2017-08-19 00:00:00,-75
2017-08-20 00:00:00,-100
2017-08-21 00:00:00,inf
2017-08-22 00:00:00,-5.357142857
2017-08-23 00:00:00,47.16981132
2017-08-24 00:00:00,-65.38461538
2017-08-25 00:00:00,92.59259259
2017-08-26 00:00:00,-57.69230769
2017-08-27 00:00:00,104.5454545
2017-08-28 00:00:00,-17.77777778
2017-08-29 00:00:00,-21.62162162
2017-08-30 00:00:00,193.1034483
2017-08-31 00:00:00,-32.94117647
2017-09-01 00:00:00,-70.27027027
2017-09-02 00:00:00,-70.27027027
2017-09-03 00:00:00,-100
2017-09-04 00:00:00,inf
2017-09-05 00:00:00,0
2017-09-06 00:00:00,57.69230769
2017-09-07 00:00:00,-63.41463415
2017-09-08 00:00:00,153.3333333
2017-09-09 00:00:00,-68.42105263
2017-09-10 00:00:00,16.66666667
2017-09-11 00:00:00,71.42857143
2017-09-12 00:00:00,25
2017-09-13 00:00:00,-76.66666667
2017-09-14 00:00:00,442.8571429
2017-09-15 00:00:00,-81.57894737
2017-09-16 00:00:00,257.1428571
2017-09-17 00:00:00,60
2017-09-18 00:00:00,-70
2017-09-19 00:00:00,58.33333333
2017-09-20 00:00:00,42.10526316
2017-09-21 00:00:00,33.33333333
2017-09-22 00:00:00,-22.22222222
2017-09-23 00:00:00,-100
2017-09-24 00:00:00,inf
2017-09-25 00:00:00,191.6666667
2017-09-26 00:00:00,-100
2017-09-27 00:00:00,inf
2017-09-28 00:00:00,-27.02702703
2017-09-29 00:00:00,0
2017-09-30 00:00:00,-48.14814815
2017-10-01 00:00:00,110
2017-10-02 00:00:00,110
2017-10-03 00:00:00,28.57142857
2017-10-04 00:00:00,-100
2017-10-05 00:00:00,inf
2017-10-06 00:00:00,163.6363636
2017-10-07 00:00:00,-41.37931034
2017-10-08 00:00:00,41.17647059
2017-10-09 00:00:00,-20.83333333
2017-10-10 00:00:00,31.57894737
2017-10-11 00:00:00,-20
2017-10-12 00:00:00,70
2017-10-13 00:00:00,8.823529412
2017-10-14 00:00:00,-72.97297297
2017-10-15 00:00:00,120
2017-10-16 00:00:00,118.1818182
2017-10-17 00:00:00,-39.58333333
2017-10-18 00:00:00,244.8275862
2017-10-19 00:00:00,-42
2017-10-20 00:00:00,-44.82758621
2017-10-21 00:00:00,-21.875
2017-10-22 00:00:00,-100
2017-10-23 00:00:00,inf
2017-10-24 00:00:00,22.85714286
2017-10-25 00:00:00,-6.976744186
2017-10-26 00:00:00,-52.5
2017-10-27 00:00:00,142.1052632
2017-10-28 00:00:00,-45.65217391
2017-10-29 00:00:00,-48
2017-10-30 00:00:00,-7.692307692
2017-10-31 00:00:00,158.3333333
2017-11-01 00:00:00,-3.448275862
2017-11-02 00:00:00,-3.448275862
2017-11-03 00:00:00,-46.42857143
2017-11-04 00:00:00,-100
2017-11-05 00:00:00,inf
2017-11-06 00:00:00,525
2017-11-07 00:00:00,-55
2017-11-08 00:00:00,-22.22222222
2017-11-09 00:00:00,8.571428571
2017-11-10 00:00:00,2.631578947
2017-11-11 00:00:00,-25.64102564
2017-11-12 00:00:00,-48.27586207
2017-11-13 00:00:00,66.66666667
2017-11-14 00:00:00,96
2017-11-15 00:00:00,-20.40816327
2017-11-16 00:00:00,15.38461538
2017-11-17 00:00:00,22.22222222
2017-11-18 00:00:00,-25.45454545
2017-11-19 00:00:00,-24.3902439
2017-11-20 00:00:00,58.06451613
2017-11-21 00:00:00,30.6122449
2017-11-22 00:00:00,-7.8125
2017-11-23 00:00:00,-47.45762712
2017-11-24 00:00:00,103.2258065
2017-11-25 00:00:00,-73.01587302
2017-11-26 00:00:00,200
2017-11-27 00:00:00,27.45098039
2017-11-28 00:00:00,6.153846154
2017-11-29 00:00:00,-60.86956522
2017-11-30 00:00:00,248.1481481
2017-12-01 00:00:00,-35.13513514
2017-12-02 00:00:00,-35.13513514
2017-12-03 00:00:00,45.83333333
2017-12-04 00:00:00,20
2017-12-05 00:00:00,16.66666667
2017-12-06 00:00:00,-16.32653061
2017-12-07 00:00:00,-17.07317073
2017-12-08 00:00:00,14.70588235
2017-12-09 00:00:00,-76.92307692
2017-12-10 00:00:00,144.4444444
2017-12-11 00:00:00,63.63636364
2017-12-12 00:00:00,22.22222222
2017-12-13 00:00:00,-52.27272727
2017-12-14 00:00:00,42.85714286
2017-12-15 00:00:00,-6.666666667
2017-12-16 00:00:00,-35.71428571
2017-12-17 00:00:00,44.44444444
2017-12-18 00:00:00,50
2017-12-19 00:00:00,-17.94871795
2017-12-20 00:00:00,-6.25
2017-12-21 00:00:00,10
2017-12-22 00:00:00,3.03030303
2017-12-23 00:00:00,23.52941176
2017-12-24 00:00:00,-100
2017-12-25 00:00:00,inf
2017-12-26 00:00:00,inf
2017-12-27 00:00:00,107.6923077
2017-12-28 00:00:00,-18.51851852
2017-12-29 00:00:00,18.18181818
2017-12-30 00:00:00,-57.69230769
2017-12-31 00:00:00,-100
2018-01-01 00:00:00,-56.52173913
2018-01-02 00:00:00,-56.52173913
2018-01-03 00:00:00,10
2018-01-04 00:00:00,36.36363636
2018-01-05 00:00:00,286.6666667
2018-01-06 00:00:00,-74.13793103
2018-01-07 00:00:00,93.33333333
2018-01-08 00:00:00,-6.896551724
2018-01-09 00:00:00,51.85185185
2018-01-10 00:00:00,-21.95121951
2018-01-11 00:00:00,168.75
2018-01-12 00:00:00,-56.97674419
2018-01-13 00:00:00,-67.56756757
2018-01-14 00:00:00,108.3333333
2018-01-15 00:00:00,28
2018-01-16 00:00:00,0
2018-01-17 00:00:00,46.875
2018-01-18 00:00:00,82.9787234
2018-01-19 00:00:00,16.27906977
2018-01-20 00:00:00,-75
2018-01-21 00:00:00,-100
2018-01-22 00:00:00,inf
2018-01-23 00:00:00,-8.510638298
2018-01-24 00:00:00,48.8372093
2018-01-25 00:00:00,-4.6875
2018-01-26 00:00:00,-19.67213115
2018-01-27 00:00:00,-30.6122449
2018-01-28 00:00:00,-11.76470588
2018-01-29 00:00:00,43.33333333
2018-01-30 00:00:00,-9.302325581
2018-01-31 00:00:00,-20.51282051
2018-02-01 00:00:00,110.3448276
2018-02-02 00:00:00,110.3448276
2018-02-03 00:00:00,-39.3442623
2018-02-04 00:00:00,-2.702702703
2018-02-05 00:00:00,41.66666667
2018-02-06 00:00:00,7.843137255
2018-02-07 00:00:00,-3.636363636
2018-02-08 00:00:00,18.86792453
2018-02-09 00:00:00,-77.77777778
2018-02-10 00:00:00,214.2857143
2018-02-11 00:00:00,-52.27272727
2018-02-12 00:00:00,204.7619048
2018-02-13 00:00:00,-42.1875
2018-02-14 00:00:00,18.91891892
2018-02-15 00:00:00,-20.45454545
2018-02-16 00:00:00,-5.714285714
2018-02-17 00:00:00,-54.54545455
2018-02-18 00:00:00,153.3333333
2018-02-19 00:00:00,60.52631579
2018-02-20 00:00:00,-55.73770492
2018-02-21 00:00:00,59.25925926
2018-02-22 00:00:00,6.976744186
2018-02-23 00:00:00,-32.60869565
2018-02-24 00:00:00,222.5806452
2018-02-25 00:00:00,-88
2018-02-26 00:00:00,433.3333333
2018-02-27 00:00:00,-12.5
2018-02-28 00:00:00,-82.14285714
2018-03-01 00:00:00,115.3846154
2018-03-02 00:00:00,115.3846154
2018-03-03 00:00:00,-7.142857143
2018-03-04 00:00:00,7.692307692
2018-03-05 00:00:00,21.42857143
2018-03-06 00:00:00,26.47058824
2018-03-07 00:00:00,-18.60465116
2018-03-08 00:00:00,-5.714285714
2018-03-09 00:00:00,21.21212121
2018-03-10 00:00:00,20
2018-03-11 00:00:00,-100
2018-03-12 00:00:00,inf
2018-03-13 00:00:00,39.28571429
2018-03-14 00:00:00,-20.51282051
2018-03-15 00:00:00,12.90322581
2018-03-16 00:00:00,-34.28571429
2018-03-17 00:00:00,-39.13043478
2018-03-18 00:00:00,-14.28571429
2018-03-19 00:00:00,133.3333333
2018-03-20 00:00:00,-14.28571429
2018-03-21 00:00:00,-29.16666667
2018-03-22 00:00:00,170.5882353
2018-03-23 00:00:00,-17.39130435
2018-03-24 00:00:00,-47.36842105
2018-03-25 00:00:00,-40
2018-03-26 00:00:00,125
2018-03-27 00:00:00,-18.51851852
2018-03-28 00:00:00,77.27272727
2018-03-29 00:00:00,-17.94871795
2018-03-30 00:00:00,-50
2018-03-31 00:00:00,-6.25
2018-04-01 00:00:00,50
2018-04-02 00:00:00,50
2018-04-03 00:00:00,30.3030303
2018-04-04 00:00:00,-41.86046512
2018-04-05 00:00:00,20
2018-04-06 00:00:00,16.66666667
2018-04-07 00:00:00,-17.14285714
2018-04-08 00:00:00,-55.17241379
2018-04-09 00:00:00,215.3846154
2018-04-10 00:00:00,-48.7804878
2018-04-11 00:00:00,66.66666667
2018-04-12 00:00:00,-20
2018-04-13 00:00:00,17.85714286
2018-04-14 00:00:00,-18.18181818
2018-04-15 00:00:00,-51.85185185
2018-04-16 00:00:00,130.7692308
2018-04-17 00:00:00,66.66666667
2018-04-18 00:00:00,76
2018-04-19 00:00:00,13.63636364
2018-04-20 00:00:00,-56
2018-04-21 00:00:00,-50
2018-04-22 00:00:00,-100
2018-04-23 00:00:00,inf
2018-04-24 00:00:00,-7.5
2018-04-25 00:00:00,-2.702702703
2018-04-26 00:00:00,33.33333333
2018-04-27 00:00:00,-16.66666667
2018-04-28 00:00:00,-35
2018-04-29 00:00:00,-3.846153846
2018-04-30 00:00:00,0
2018-05-01 00:00:00,46.34146341
2018-05-02 00:00:00,46.34146341
2018-05-03 00:00:00,66.66666667
2018-05-04 00:00:00,-59
2018-05-05 00:00:00,-100
2018-05-06 00:00:00,inf
2018-05-07 00:00:00,inf
2018-05-08 00:00:00,-13.51351351
2018-05-09 00:00:00,-3.125
2018-05-10 00:00:00,100
2018-05-11 00:00:00,16.12903226
2018-05-12 00:00:00,-38.88888889
2018-05-13 00:00:00,-6.818181818
2018-05-14 00:00:00,41.46341463
2018-05-15 00:00:00,-43.10344828
2018-05-16 00:00:00,115.1515152
2018-05-17 00:00:00,-49.29577465
2018-05-18 00:00:00,-30.55555556
2018-05-19 00:00:00,-52
2018-05-20 00:00:00,91.66666667
2018-05-21 00:00:00,200
2018-05-22 00:00:00,-5.797101449
2018-05-23 00:00:00,-23.07692308
2018-05-24 00:00:00,-14
2018-05-25 00:00:00,-34.88372093
2018-05-26 00:00:00,-46.42857143
2018-05-27 00:00:00,66.66666667
2018-05-28 00:00:00,80
2018-05-29 00:00:00,-28.88888889
2018-05-30 00:00:00,31.25
2018-05-31 00:00:00,-2.380952381
2018-06-01 00:00:00,-58.82352941
2018-06-02 00:00:00,-58.82352941
2018-06-03 00:00:00,-100
2018-06-04 00:00:00,inf
2018-06-05 00:00:00,10.34482759
2018-06-06 00:00:00,-28.125
2018-06-07 00:00:00,34.7826087
2018-06-08 00:00:00,3.225806452
2018-06-09 00:00:00,-71.875
2018-06-10 00:00:00,88.88888889
2018-06-11 00:00:00,147.0588235
2018-06-12 00:00:00,0
2018-06-13 00:00:00,-38.0952381
2018-06-14 00:00:00,-23.07692308
2018-06-15 00:00:00,65
2018-06-16 00:00:00,-9.090909091
2018-06-17 00:00:00,-70
2018-06-18 00:00:00,133.3333333
2018-06-19 00:00:00,0
2018-06-20 00:00:00,85.71428571
2018-06-21 00:00:00,-35.8974359
2018-06-22 00:00:00,72
2018-06-23 00:00:00,-79.06976744
2018-06-24 00:00:00,-100
2018-06-25 00:00:00,inf
2018-06-26 00:00:00,-34.7826087
2018-06-27 00:00:00,106.6666667
2018-06-28 00:00:00,54.83870968
2018-06-29 00:00:00,-43.75
2018-06-30 00:00:00,-33.33333333
2018-07-01 00:00:00,221.4285714
2018-07-02 00:00:00,221.4285714
2018-07-03 00:00:00,-17.77777778
2018-07-04 00:00:00,-48.64864865
2018-07-05 00:00:00,63.15789474
2018-07-06 00:00:00,0
2018-07-07 00:00:00,-100
2018-07-08 00:00:00,inf
2018-07-09 00:00:00,76.92307692
2018-07-10 00:00:00,-76.08695652
2018-07-11 00:00:00,100
2018-07-12 00:00:00,77.27272727
2018-07-13 00:00:00,33.33333333
2018-07-14 00:00:00,-71.15384615
2018-07-15 00:00:00,-100
2018-07-16 00:00:00,inf
2018-07-17 00:00:00,140
2018-07-18 00:00:00,316.6666667
2018-07-19 00:00:00,-31
2018-07-20 00:00:00,-59.42028986
2018-07-21 00:00:00,-14.28571429
2018-07-22 00:00:00,4.166666667
2018-07-23 00:00:00,16
2018-07-24 00:00:00,89.65517241
2018-07-25 00:00:00,-50.90909091
2018-07-26 00:00:00,62.96296296
2018-07-27 00:00:00,-27.27272727
2018-07-28 00:00:00,-28.125
2018-07-29 00:00:00,13.04347826
2018-07-30 00:00:00,153.8461538
2018-07-31 00:00:00,-56.06060606
2018-08-01 00:00:00,-48
2018-08-02 00:00:00,-48
2018-08-03 00:00:00,48.71794872
2018-08-04 00:00:00,-100
2018-08-05 00:00:00,inf
2018-08-06 00:00:00,50
2018-08-07 00:00:00,-24.56140351
2018-08-08 00:00:00,34.88372093
2018-08-09 00:00:00,-44.82758621
2018-08-10 00:00:00,75
2018-08-11 00:00:00,17.85714286
2018-08-12 00:00:00,-51.51515152
2018-08-13 00:00:00,-34.375
2018-08-14 00:00:00,100
2018-08-15 00:00:00,-45.23809524
2018-08-16 00:00:00,100
2018-08-17 00:00:00,-4.347826087
2018-08-18 00:00:00,-45.45454545
2018-08-19 00:00:00,25
2018-08-20 00:00:00,173.3333333
2018-08-21 00:00:00,-26.82926829
2018-08-22 00:00:00,21.66666667
2018-08-23 00:00:00,36.98630137
2018-08-24 00:00:00,-58
2018-08-25 00:00:00,-57.14285714
2018-08-26 00:00:00,83.33333333
2018-08-27 00:00:00,60.60606061
2018-08-28 00:00:00,15.09433962
2018-08-29 00:00:00,-34.42622951
2018-08-30 00:00:00,40
2018-08-31 00:00:00,3.571428571
2018-09-01 00:00:00,-56.41025641
2018-09-02 00:00:00,-56.41025641
2018-09-03 00:00:00,158.8235294
2018-09-04 00:00:00,0
2018-09-05 00:00:00,45.45454545
2018-09-06 00:00:00,-25
2018-09-07 00:00:00,-41.66666667
2018-09-08 00:00:00,-100
2018-09-09 00:00:00,inf
2018-09-10 00:00:00,-40
2018-09-11 00:00:00,150
2018-09-12 00:00:00,-8.888888889
2018-09-13 00:00:00,29.26829268
2018-09-14 00:00:00,-35.8490566
2018-09-15 00:00:00,-52.94117647
2018-09-16 00:00:00,50
2018-09-17 00:00:00,225
2018-09-18 00:00:00,-30.76923077
2018-09-19 00:00:00,64.81481481
2018-09-20 00:00:00,-51.68539326
2018-09-21 00:00:00,-9.302325581
2018-09-22 00:00:00,-51.28205128
2018-09-23 00:00:00,36.84210526
2018-09-24 00:00:00,30.76923077
2018-09-25 00:00:00,0
2018-09-26 00:00:00,85.29411765
2018-09-27 00:00:00,-3.174603175
2018-09-28 00:00:00,-45.90163934
2018-09-29 00:00:00,-24.24242424
2018-09-30 00:00:00,-32
2018-10-01 00:00:00,116.6666667
2018-10-02 00:00:00,116.6666667
2018-10-03 00:00:00,-38.46153846
2018-10-04 00:00:00,162.5
2018-10-05 00:00:00,-9.523809524
2018-10-06 00:00:00,-100
2018-10-07 00:00:00,inf
2018-10-08 00:00:00,41.37931034
2018-10-09 00:00:00,9.756097561
2018-10-10 00:00:00,8.888888889
2018-10-11 00:00:00,0
2018-10-12 00:00:00,-44.89795918
2018-10-13 00:00:00,-100
2018-10-14 00:00:00,inf
2018-10-15 00:00:00,52.17391304
2018-10-16 00:00:00,34.28571429
2018-10-17 00:00:00,42.55319149
2018-10-18 00:00:00,43.28358209
2018-10-19 00:00:00,-10.41666667
2018-10-20 00:00:00,-83.72093023
2018-10-21 00:00:00,142.8571429
2018-10-22 00:00:00,17.64705882
2018-10-23 00:00:00,25
2018-10-24 00:00:00,34
2018-10-25 00:00:00,-35.82089552
2018-10-26 00:00:00,20.93023256
2018-10-27 00:00:00,-69.23076923
2018-10-28 00:00:00,81.25
2018-10-29 00:00:00,6.896551724
2018-10-30 00:00:00,16.12903226
2018-10-31 00:00:00,75
2018-11-01 00:00:00,16
2018-11-02 00:00:00,16
2018-11-03 00:00:00,-100
2018-11-04 00:00:00,inf
2018-11-05 00:00:00,175
2018-11-06 00:00:00,121.2121212
2018-11-07 00:00:00,-43.83561644
2018-11-08 00:00:00,-12.19512195
2018-11-09 00:00:00,177.7777778
2018-11-10 00:00:00,-60
2018-11-11 00:00:00,-32.5
2018-11-12 00:00:00,114.8148148
2018-11-13 00:00:00,-58.62068966
2018-11-14 00:00:00,58.33333333
2018-11-15 00:00:00,-10.52631579
2018-11-16 00:00:00,61.76470588
2018-11-17 00:00:00,-100
2018-11-18 00:00:00,inf
2018-11-19 00:00:00,inf
2018-11-20 00:00:00,21.42857143
2018-11-21 00:00:00,-29.41176471
2018-11-22 00:00:00,-16.66666667
2018-11-23 00:00:00,-33.33333333
2018-11-24 00:00:00,40
2018-11-25 00:00:00,-35.71428571
2018-11-26 00:00:00,16.66666667
2018-11-27 00:00:00,-100
2018-11-28 00:00:00,inf
2018-11-29 00:00:00,-14.89361702
2018-11-30 00:00:00,-65
2018-12-01 00:00:00,inf
2018-12-02 00:00:00,inf
2018-12-03 00:00:00,138.4615385
2018-12-04 00:00:00,9.677419355
2018-12-05 00:00:00,17.64705882
2018-12-06 00:00:00,32.5
2018-12-07 00:00:00,-41.50943396
2018-12-08 00:00:00,-100
2018-12-09 00:00:00,inf
2018-12-10 00:00:00,inf
2018-12-11 00:00:00,330
2018-12-12 00:00:00,-18.60465116
2018-12-13 00:00:00,-45.71428571
2018-12-14 00:00:00,63.15789474
2018-12-15 00:00:00,-3.225806452
2018-12-16 00:00:00,-100
2018-12-17 00:00:00,inf
2018-12-18 00:00:00,-3.448275862
2018-12-19 00:00:00,14.28571429
2018-12-20 00:00:00,-21.875
2018-12-21 00:00:00,84
2018-12-22 00:00:00,-54.34782609
2018-12-23 00:00:00,-100
2018-12-24 00:00:00,inf
2018-12-25 00:00:00,-100
2018-12-26 00:00:00,inf
2018-12-27 00:00:00,20
2018-12-28 00:00:00,19.44444444
2018-12-29 00:00:00,-16.27906977
2018-12-30 00:00:00,-100
2018-12-31 00:00:00,inf
2019-01-01 00:00:00,-47.05882353
2019-01-02 00:00:00,-47.05882353
2019-01-03 00:00:00,150
2019-01-04 00:00:00,-15.55555556
2019-01-05 00:00:00,-50
2019-01-06 00:00:00,94.73684211
2019-01-07 00:00:00,-18.91891892
2019-01-08 00:00:00,36.66666667
2019-01-09 00:00:00,-65.85365854
2019-01-10 00:00:00,78.57142857
2019-01-11 00:00:00,12
2019-01-12 00:00:00,-57.14285714
2019-01-13 00:00:00,-33.33333333
2019-01-14 00:00:00,-100
2019-01-15 00:00:00,inf
2019-01-16 00:00:00,-9.615384615
2019-01-17 00:00:00,82.9787234
2019-01-18 00:00:00,16.27906977
2019-01-19 00:00:00,-60
2019-01-20 00:00:00,-42.5
2019-01-21 00:00:00,113.0434783
2019-01-22 00:00:00,10.20408163
2019-01-23 00:00:00,-37.03703704
2019-01-24 00:00:00,29.41176471
2019-01-25 00:00:00,-2.272727273
2019-01-26 00:00:00,-27.90697674
2019-01-27 00:00:00,19.35483871
2019-01-28 00:00:00,56.75675676
2019-01-29 00:00:00,-82.75862069
2019-01-30 00:00:00,110
2019-01-31 00:00:00,33.33333333
2019-02-01 00:00:00,-100
2019-02-02 00:00:00,-100
2019-02-03 00:00:00,inf
2019-02-04 00:00:00,inf
2019-02-05 00:00:00,-34.84848485
2019-02-06 00:00:00,-32.55813953
2019-02-07 00:00:00,168.9655172
2019-02-08 00:00:00,-32.05128205
2019-02-09 00:00:00,-100
2019-02-10 00:00:00,inf
2019-02-11 00:00:00,347.3684211
2019-02-12 00:00:00,-34.11764706
2019-02-13 00:00:00,25
2019-02-14 00:00:00,-45.71428571
2019-02-15 00:00:00,-63.15789474
2019-02-16 00:00:00,150
2019-02-17 00:00:00,-100
2019-02-18 00:00:00,inf
2019-02-19 00:00:00,-18.6440678
2019-02-20 00:00:00,-25
2019-02-21 00:00:00,38.88888889
2019-02-22 00:00:00,100
2019-02-23 00:00:00,-69
2019-02-24 00:00:00,29.03225806
2019-02-25 00:00:00,-10
2019-02-26 00:00:00,-8.333333333
2019-02-27 00:00:00,45.45454545
2019-02-28 00:00:00,72.91666667
2019-03-01 00:00:00,-53.48837209
2019-03-02 00:00:00,-53.48837209
2019-03-03 00:00:00,-100
2019-03-04 00:00:00,inf
2019-03-05 00:00:00,13.63636364
2019-03-06 00:00:00,36
2019-03-07 00:00:00,-16.17647059
2019-03-08 00:00:00,-10.52631579
2019-03-09 00:00:00,-43.1372549
2019-03-10 00:00:00,-65.51724138
2019-03-11 00:00:00,320
2019-03-12 00:00:00,4.761904762
2019-03-13 00:00:00,36.36363636
2019-03-14 00:00:00,-50
2019-03-15 00:00:00,-100
2019-03-16 00:00:00,inf
2019-03-17 00:00:00,-45.58823529
2019-03-18 00:00:00,40.54054054
2019-03-19 00:00:00,-19.23076923
2019-03-20 00:00:00,7.142857143
2019-03-21 00:00:00,91.11111111
2019-03-22 00:00:00,-3.488372093
2019-03-23 00:00:00,-100
2019-03-24 00:00:00,inf
2019-03-25 00:00:00,-4.081632653
2019-03-26 00:00:00,27.65957447
2019-03-27 00:00:00,-28.33333333
2019-03-28 00:00:00,4.651162791
2019-03-29 00:00:00,-11.11111111
2019-03-30 00:00:00,-22.5
2019-03-31 00:00:00,-16.12903226
2019-04-01 00:00:00,142.8571429
2019-04-02 00:00:00,142.8571429
2019-04-03 00:00:00,-44.70588235
2019-04-04 00:00:00,-100
2019-04-05 00:00:00,inf
2019-04-06 00:00:00,-26.31578947
2019-04-07 00:00:00,-57.14285714
2019-04-08 00:00:00,141.6666667
2019-04-09 00:00:00,6.896551724
2019-04-10 00:00:00,222.5806452
2019-04-11 00:00:00,-66
2019-04-12 00:00:00,-23.52941176
2019-04-13 00:00:00,-100
2019-04-14 00:00:00,inf
2019-04-15 00:00:00,-5.714285714
2019-04-16 00:00:00,84.84848485
2019-04-17 00:00:00,-34.42622951
2019-04-18 00:00:00,70
2019-04-19 00:00:00,-63.23529412
2019-04-20 00:00:00,44
2019-04-21 00:00:00,-13.88888889
2019-04-22 00:00:00,45.16129032
2019-04-23 00:00:00,26.66666667
2019-04-24 00:00:00,-3.50877193
2019-04-25 00:00:00,20
2019-04-26 00:00:00,-15.15151515
2019-04-27 00:00:00,-48.21428571
2019-04-28 00:00:00,-100
2019-04-29 00:00:00,inf
2019-04-30 00:00:00,-17.77777778
2019-05-01 00:00:00,-11.9047619
2019-05-02 00:00:00,-11.9047619
2019-05-03 00:00:00,-52.7027027
2019-05-04 00:00:00,42.85714286
2019-05-05 00:00:00,-10
2019-05-06 00:00:00,44.44444444
2019-05-07 00:00:00,10.76923077
2019-05-08 00:00:00,-29.16666667
2019-05-09 00:00:00,1.960784314
2019-05-10 00:00:00,17.30769231
2019-05-11 00:00:00,-32.78688525
2019-05-12 00:00:00,24.3902439
2019-05-13 00:00:00,-7.843137255
2019-05-14 00:00:00,19.14893617
2019-05-15 00:00:00,-30.35714286
2019-05-16 00:00:00,117.9487179
2019-05-17 00:00:00,-78.82352941
2019-05-18 00:00:00,-100
2019-05-19 00:00:00,inf
2019-05-20 00:00:00,-16.66666667
2019-05-21 00:00:00,180
2019-05-22 00:00:00,-8.571428571
2019-05-23 00:00:00,-23.4375
2019-05-24 00:00:00,16.32653061
2019-05-25 00:00:00,-63.15789474
2019-05-26 00:00:00,71.42857143
2019-05-27 00:00:00,-41.66666667
2019-05-28 00:00:00,252.3809524
2019-05-29 00:00:00,-8.108108108
2019-05-30 00:00:00,-11.76470588
2019-05-31 00:00:00,26.66666667
2019-06-01 00:00:00,inf
2019-06-02 00:00:00,inf
2019-06-03 00:00:00,80
2019-06-04 00:00:00,85.18518519
2019-06-05 00:00:00,-32
2019-06-06 00:00:00,-52.94117647
2019-06-07 00:00:00,43.75
2019-06-08 00:00:00,-21.73913043
2019-06-09 00:00:00,-50
2019-06-10 00:00:00,477.7777778
2019-06-11 00:00:00,-51.92307692
2019-06-12 00:00:00,-12
2019-06-13 00:00:00,118.1818182
2019-06-14 00:00:00,-33.33333333
2019-06-15 00:00:00,-43.75
2019-06-16 00:00:00,22.22222222
2019-06-17 00:00:00,4.545454545
2019-06-18 00:00:00,86.95652174
2019-06-19 00:00:00,-32.55813953
2019-06-20 00:00:00,51.72413793
2019-06-21 00:00:00,-68.18181818
2019-06-22 00:00:00,64.28571429
2019-06-23 00:00:00,-56.52173913
2019-06-24 00:00:00,230
2019-06-25 00:00:00,42.42424242
2019-06-26 00:00:00,-6.382978723
2019-06-27 00:00:00,-70.45454545
2019-06-28 00:00:00,46.15384615
2019-06-29 00:00:00,31.57894737
2019-06-30 00:00:00,-100
2019-07-01 00:00:00,-44.26229508
2019-07-02 00:00:00,-44.26229508
2019-07-03 00:00:00,5.882352941
2019-07-04 00:00:00,-36.11111111
2019-07-05 00:00:00,69.56521739
2019-07-06 00:00:00,-64.1025641
2019-07-07 00:00:00,221.4285714
2019-07-08 00:00:00,-42.22222222
2019-07-09 00:00:00,15.38461538
2019-07-10 00:00:00,66.66666667
2019-07-11 00:00:00,-36
2019-07-12 00:00:00,62.5
2019-07-13 00:00:00,-38.46153846
2019-07-14 00:00:00,-68.75
2019-07-15 00:00:00,200
2019-07-16 00:00:00,-13.33333333
2019-07-17 00:00:00,73.07692308
2019-07-18 00:00:00,26.66666667
2019-07-19 00:00:00,75.43859649
2019-07-20 00:00:00,-63
2019-07-21 00:00:00,-10.81081081
2019-07-22 00:00:00,42.42424242
2019-07-23 00:00:00,-6.382978723
2019-07-24 00:00:00,-11.36363636
2019-07-25 00:00:00,-20.51282051
2019-07-26 00:00:00,-41.93548387
2019-07-27 00:00:00,-100
2019-07-28 00:00:00,inf
2019-07-29 00:00:00,inf
2019-07-30 00:00:00,-15.15151515
2019-07-31 00:00:00,3.571428571
2019-08-01 00:00:00,-68.42105263
2019-08-02 00:00:00,-68.42105263
2019-08-03 00:00:00,-100
2019-08-04 00:00:00,inf
2019-08-05 00:00:00,32.20338983
2019-08-06 00:00:00,-28.20512821
2019-08-07 00:00:00,-14.28571429
2019-08-08 00:00:00,12.5
2019-08-09 00:00:00,12.96296296
2019-08-10 00:00:00,-39.3442623
2019-08-11 00:00:00,10.81081081
2019-08-12 00:00:00,-58.53658537
2019-08-13 00:00:00,452.9411765
2019-08-14 00:00:00,-53.19148936
2019-08-15 00:00:00,-4.545454545
2019-08-16 00:00:00,-33.33333333
2019-08-17 00:00:00,0
2019-08-18 00:00:00,-14.28571429
2019-08-19 00:00:00,100
2019-08-20 00:00:00,52.08333333
2019-08-21 00:00:00,2.739726027
2019-08-22 00:00:00,26.66666667
2019-08-23 00:00:00,-20
2019-08-24 00:00:00,-100
2019-08-25 00:00:00,inf
2019-08-26 00:00:00,inf
2019-08-27 00:00:00,170.5882353
2019-08-28 00:00:00,-23.91304348
2019-08-29 00:00:00,-64.28571429
2019-08-30 00:00:00,148
2019-08-31 00:00:00,-79.03225806
2019-09-01 00:00:00,-33.33333333
2019-09-02 00:00:00,-33.33333333
2019-09-03 00:00:00,-13.63636364
2019-09-04 00:00:00,21.05263158
2019-09-05 00:00:00,69.56521739
2019-09-06 00:00:00,-20.51282051
2019-09-07 00:00:00,-22.58064516
2019-09-08 00:00:00,-41.66666667
2019-09-09 00:00:00,142.8571429
2019-09-10 00:00:00,-20.58823529
2019-09-11 00:00:00,37.03703704
2019-09-12 00:00:00,0
2019-09-13 00:00:00,21.62162162
2019-09-14 00:00:00,-75.55555556
2019-09-15 00:00:00,100
2019-09-16 00:00:00,-4.545454545
2019-09-17 00:00:00,147.6190476
2019-09-18 00:00:00,-38.46153846
2019-09-19 00:00:00,-28.125
2019-09-20 00:00:00,-17.39130435
2019-09-21 00:00:00,47.36842105
2019-09-22 00:00:00,-25
2019-09-23 00:00:00,9.523809524
2019-09-24 00:00:00,108.6956522
2019-09-25 00:00:00,18.75
2019-09-26 00:00:00,-31.57894737
2019-09-27 00:00:00,20.51282051
2019-09-28 00:00:00,-44.68085106
2019-09-29 00:00:00,26.92307692
2019-09-30 00:00:00,12.12121212
2019-10-01 00:00:00,-25
2019-10-02 00:00:00,-25
2019-10-03 00:00:00,158.3333333
2019-10-04 00:00:00,80.64516129
2019-10-05 00:00:00,-100
2019-10-06 00:00:00,inf
2019-10-07 00:00:00,41.66666667
2019-10-08 00:00:00,2.941176471
2019-10-09 00:00:00,-20
2019-10-10 00:00:00,0
2019-10-11 00:00:00,-71.42857143
2019-10-12 00:00:00,87.5
2019-10-13 00:00:00,40
2019-10-14 00:00:00,133.3333333
2019-10-15 00:00:00,57.14285714
2019-10-16 00:00:00,-49.35064935
2019-10-17 00:00:00,12.82051282
2019-10-18 00:00:00,127.2727273
2019-10-19 00:00:00,-91
2019-10-20 00:00:00,88.88888889
2019-10-21 00:00:00,164.7058824
2019-10-22 00:00:00,24.44444444
2019-10-23 00:00:00,-8.928571429
2019-10-24 00:00:00,-39.21568627
2019-10-25 00:00:00,-19.35483871
2019-10-26 00:00:00,-44
2019-10-27 00:00:00,57.14285714
2019-10-28 00:00:00,9.090909091
2019-10-29 00:00:00,58.33333333
2019-10-30 00:00:00,-31.57894737
2019-10-31 00:00:00,19.23076923
2019-11-01 00:00:00,-6.976744186
2019-11-02 00:00:00,-6.976744186
2019-11-03 00:00:00,-50
2019-11-04 00:00:00,90
2019-11-05 00:00:00,-76.31578947
2019-11-06 00:00:00,566.6666667
2019-11-07 00:00:00,-21.66666667
2019-11-08 00:00:00,-51.06382979
2019-11-09 00:00:00,17.39130435
2019-11-10 00:00:00,-48.14814815
2019-11-11 00:00:00,164.2857143
2019-11-12 00:00:00,21.62162162
2019-11-13 00:00:00,-33.33333333
2019-11-14 00:00:00,-16.66666667
2019-11-15 00:00:00,108
2019-11-16 00:00:00,-100
2019-11-17 00:00:00,inf
2019-11-18 00:00:00,inf
2019-11-19 00:00:00,-31.70731707
2019-11-20 00:00:00,257.1428571
2019-11-21 00:00:00,-74
2019-11-22 00:00:00,50
2019-11-23 00:00:00,-35.8974359
2019-11-24 00:00:00,-60
2019-11-25 00:00:00,330
2019-11-26 00:00:00,-20.93023256
2019-11-27 00:00:00,2.941176471
2019-11-28 00:00:00,-28.57142857
2019-11-29 00:00:00,36
2019-11-30 00:00:00,-52.94117647
2019-12-01 00:00:00,312.5
2019-12-02 00:00:00,312.5
2019-12-03 00:00:00,48.48484848
2019-12-04 00:00:00,-100
2019-12-05 00:00:00,inf
2019-12-06 00:00:00,-100
2019-12-07 00:00:00,inf
2019-12-08 00:00:00,158.3333333
2019-12-09 00:00:00,58.06451613
2019-12-10 00:00:00,-63.26530612
2019-12-11 00:00:00,105.5555556
2019-12-12 00:00:00,-43.24324324
2019-12-13 00:00:00,157.1428571
2019-12-14 00:00:00,-85.18518519
2019-12-15 00:00:00,62.5
2019-12-16 00:00:00,246.1538462
2019-12-17 00:00:00,-46.66666667
2019-12-18 00:00:00,54.16666667
2019-12-19 00:00:00,-56.75675676
2019-12-20 00:00:00,-6.25
2019-12-21 00:00:00,60
2019-12-22 00:00:00,4.166666667
2019-12-23 00:00:00,140
2019-12-24 00:00:00,-70
2019-12-25 00:00:00,-11.11111111
2019-12-26 00:00:00,131.25
2019-12-27 00:00:00,-59.45945946
2019-12-28 00:00:00,73.33333333
2019-12-29 00:00:00,-34.61538462
2019-12-30 00:00:00,47.05882353
2019-12-31 00:00:00,80
2020-01-01 00:00:00,45.45454545
2020-01-02 00:00:00,45.45454545
2020-01-03 00:00:00,-41.66666667
2020-01-04 00:00:00,-35.71428571
2020-01-05 00:00:00,77.77777778
2020-01-06 00:00:00,28.125
2020-01-07 00:00:00,-56.09756098
2020-01-08 00:00:00,155.5555556
2020-01-09 00:00:00,-63.04347826
2020-01-10 00:00:00,217.6470588
2020-01-11 00:00:00,-61.11111111
2020-01-12 00:00:00,-42.85714286
2020-01-13 00:00:00,316.6666667
2020-01-14 00:00:00,0
2020-01-15 00:00:00,-22
2020-01-16 00:00:00,5.128205128
2020-01-17 00:00:00,34.14634146
2020-01-18 00:00:00,-74.54545455
2020-01-19 00:00:00,78.57142857
2020-01-20 00:00:00,76
2020-01-21 00:00:00,-15.90909091
2020-01-22 00:00:00,16.21621622
2020-01-23 00:00:00,111.627907
2020-01-24 00:00:00,9.89010989
2020-01-25 00:00:00,-69
2020-01-26 00:00:00,-35.48387097
2020-01-27 00:00:00,150
2020-01-28 00:00:00,-52
2020-01-29 00:00:00,66.66666667
2020-01-30 00:00:00,32.5
2020-01-31 00:00:00,-39.62264151
2020-02-01 00:00:00,90.90909091
2020-02-02 00:00:00,90.90909091
2020-02-03 00:00:00,28.57142857
2020-02-04 00:00:00,40.74074074
2020-02-05 00:00:00,34.21052632
2020-02-06 00:00:00,21.56862745
2020-02-07 00:00:00,-38.70967742
2020-02-08 00:00:00,-65.78947368
2020-02-09 00:00:00,46.15384615
2020-02-10 00:00:00,63.15789474
2020-02-11 00:00:00,-9.677419355
2020-02-12 00:00:00,17.85714286
2020-02-13 00:00:00,27.27272727
2020-02-14 00:00:00,-33.33333333
2020-02-15 00:00:00,21.42857143
2020-02-16 00:00:00,-61.76470588
2020-02-17 00:00:00,-38.46153846
2020-02-18 00:00:00,412.5
2020-02-19 00:00:00,-36.58536585
2020-02-20 00:00:00,123.0769231
2020-02-21 00:00:00,-43.10344828
2020-02-22 00:00:00,-75.75757576
2020-02-23 00:00:00,50
2020-02-24 00:00:00,350
2020-02-25 00:00:00,11.11111111
2020-02-26 00:00:00,-11.66666667
2020-02-27 00:00:00,-1.886792453
2020-02-28 00:00:00,38.46153846
2020-02-29 00:00:00,-66.66666667
2020-03-01 00:00:00,477.7777778
2020-03-02 00:00:00,477.7777778
2020-03-03 00:00:00,-40.38461538
2020-03-04 00:00:00,22.58064516
2020-03-05 00:00:00,-15.78947368
2020-03-06 00:00:00,-3.125
2020-03-07 00:00:00,-58.06451613
2020-03-08 00:00:00,30.76923077
2020-03-09 00:00:00,141.1764706
2020-03-10 00:00:00,-7.317073171
2020-03-11 00:00:00,-2.631578947
2020-03-12 00:00:00,51.35135135
2020-03-13 00:00:00,-10.71428571
2020-03-14 00:00:00,-66
2020-03-15 00:00:00,-17.64705882
2020-03-16 00:00:00,178.5714286
2020-03-17 00:00:00,23.07692308
2020-03-18 00:00:00,-4.166666667
2020-03-19 00:00:00,4.347826087
2020-03-20 00:00:00,4.166666667
2020-03-21 00:00:00,-66
2020-03-22 00:00:00,23.52941176
2020-03-23 00:00:00,85.71428571
2020-03-24 00:00:00,35.8974359
2020-03-25 00:00:00,11.32075472
2020-03-26 00:00:00,-23.72881356
2020-03-27 00:00:00,8.888888889
2020-03-28 00:00:00,-77.55102041
2020-03-29 00:00:00,163.6363636
2020-03-30 00:00:00,65.51724138
2020-03-31 00:00:00,-16.66666667
2020-04-01 00:00:00,-12.5
2020-04-02 00:00:00,-12.5
2020-04-03 00:00:00,-12.5
2020-04-04 00:00:00,-51.02040816
2020-04-05 00:00:00,45.83333333
2020-04-06 00:00:00,62.85714286
2020-04-07 00:00:00,-8.771929825
2020-04-08 00:00:00,-7.692307692
2020-04-09 00:00:00,25
2020-04-10 00:00:00,-60
2020-04-11 00:00:00,-58.33333333
2020-04-12 00:00:00,90
2020-04-13 00:00:00,163.1578947
2020-04-14 00:00:00,18
2020-04-15 00:00:00,-8.474576271
2020-04-16 00:00:00,14.81481481
2020-04-17 00:00:00,-1.612903226
2020-04-18 00:00:00,-59.01639344
2020-04-19 00:00:00,-24
2020-04-20 00:00:00,221.0526316
2020-04-21 00:00:00,-21.31147541
2020-04-22 00:00:00,-18.75
2020-04-23 00:00:00,30.76923077
2020-04-24 00:00:00,96.07843137
2020-04-25 00:00:00,-75
2020-04-26 00:00:00,-32
2020-04-27 00:00:00,111.7647059
2020-04-28 00:00:00,66.66666667
2020-04-29 00:00:00,-21.66666667
2020-04-30 00:00:00,-6.382978723
2020-05-01 00:00:00,-89.53488372
2020-05-02 00:00:00,-89.53488372
2020-05-03 00:00:00,255.5555556
2020-05-04 00:00:00,159.375
2020-05-05 00:00:00,-16.86746988
2020-05-06 00:00:00,-43.47826087
2020-05-07 00:00:00,97.43589744
2020-05-08 00:00:00,-19.48051948
2020-05-09 00:00:00,-66.12903226
2020-05-10 00:00:00,-19.04761905
2020-05-11 00:00:00,252.9411765
2020-05-12 00:00:00,28.33333333
2020-05-13 00:00:00,24.67532468
2020-05-14 00:00:00,-4.166666667
2020-05-15 00:00:00,-10.86956522
2020-05-16 00:00:00,-67.07317073
2020-05-17 00:00:00,-14.81481481
2020-05-18 00:00:00,169.5652174
2020-05-19 00:00:00,14.51612903
2020-05-20 00:00:00,1.408450704
2020-05-21 00:00:00,-13.88888889
2020-05-22 00:00:00,-14.51612903
2020-05-23 00:00:00,-77.35849057
2020-05-24 00:00:00,116.6666667
2020-05-25 00:00:00,-100
2020-05-26 00:00:00,inf
2020-05-27 00:00:00,20
2020-05-28 00:00:00,-26.66666667
2020-05-29 00:00:00,-37.87878788
2020-05-30 00:00:00,-36.58536585
2020-05-31 00:00:00,-42.30769231
2020-06-01 00:00:00,17.74193548
2020-06-02 00:00:00,17.74193548
2020-06-03 00:00:00,0
2020-06-04 00:00:00,10.95890411
2020-06-05 00:00:00,23.45679012
2020-06-06 00:00:00,-74
2020-06-07 00:00:00,-65.38461538
2020-06-08 00:00:00,600
2020-06-09 00:00:00,25.3968254
2020-06-10 00:00:00,-44.30379747
2020-06-11 00:00:00,100
2020-06-12 00:00:00,-3.409090909
2020-06-13 00:00:00,-63.52941176
2020-06-14 00:00:00,25.80645161
2020-06-15 00:00:00,107.6923077
2020-06-16 00:00:00,-8.641975309
2020-06-17 00:00:00,-20.27027027
2020-06-18 00:00:00,8.474576271
2020-06-19 00:00:00,37.5
2020-06-20 00:00:00,-79.54545455
2020-06-21 00:00:00,5.555555556
2020-06-22 00:00:00,257.8947368
2020-06-23 00:00:00,-27.94117647
2020-06-24 00:00:00,51.02040816
2020-06-25 00:00:00,-25.67567568
2020-06-26 00:00:00,5.454545455
2020-06-27 00:00:00,-84.48275862
2020-06-28 00:00:00,177.7777778
2020-06-29 00:00:00,132
2020-06-30 00:00:00,-15.51724138
2020-07-01 00:00:00,14.28571429
2020-07-02 00:00:00,14.28571429
2020-07-03 00:00:00,-53.57142857
2020-07-04 00:00:00,38.46153846
2020-07-05 00:00:00,-63.88888889
2020-07-06 00:00:00,238.4615385
2020-07-07 00:00:00,61.36363636
2020-07-08 00:00:00,16.90140845
2020-07-09 00:00:00,-15.6626506
2020-07-10 00:00:00,0
2020-07-11 00:00:00,-62.85714286
2020-07-12 00:00:00,130.7692308
2020-07-13 00:00:00,-10
2020-07-14 00:00:00,-1.851851852
2020-07-15 00:00:00,35.8490566
2020-07-16 00:00:00,-44.44444444
2020-07-17 00:00:00,0
2020-07-18 00:00:00,-100
2020-07-19 00:00:00,inf
2020-07-20 00:00:00,62.85714286
2020-07-21 00:00:00,-15.78947368
2020-07-22 00:00:00,8.333333333
2020-07-23 00:00:00,53.84615385
2020-07-24 00:00:00,25
2020-07-25 00:00:00,-75
2020-07-26 00:00:00,-60
2020-07-27 00:00:00,440
2020-07-28 00:00:00,37.03703704
2020-07-29 00:00:00,-67.56756757
2020-07-30 00:00:00,70.83333333
2020-07-31 00:00:00,51.2195122
2020-08-01 00:00:00,-5
2020-08-02 00:00:00,-5
2020-08-03 00:00:00,160.5263158
2020-08-04 00:00:00,-37.37373737
2020-08-05 00:00:00,11.29032258
2020-08-06 00:00:00,-31.88405797
2020-08-07 00:00:00,23.40425532
2020-08-08 00:00:00,-51.72413793
2020-08-09 00:00:00,-100
2020-08-10 00:00:00,inf
2020-08-11 00:00:00,-5.555555556
2020-08-12 00:00:00,11.76470588
2020-08-13 00:00:00,-22.10526316
2020-08-14 00:00:00,-4.054054054
2020-08-15 00:00:00,-39.43661972
2020-08-16 00:00:00,-41.86046512
2020-08-17 00:00:00,232
2020-08-18 00:00:00,-12.04819277
2020-08-19 00:00:00,36.98630137
2020-08-20 00:00:00,-27
2020-08-21 00:00:00,-6.849315068
2020-08-22 00:00:00,-44.11764706
2020-08-23 00:00:00,-36.84210526
2020-08-24 00:00:00,104.1666667
2020-08-25 00:00:00,14.28571429
2020-08-26 00:00:00,-3.571428571
2020-08-27 00:00:00,37.03703704
2020-08-28 00:00:00,0
2020-08-29 00:00:00,-66.21621622
2020-08-30 00:00:00,4
2020-08-31 00:00:00,126.9230769
2020-09-01 00:00:00,-9.433962264
2020-09-02 00:00:00,-9.433962264
2020-09-03 00:00:00,20.83333333
2020-09-04 00:00:00,-15.51724138
2020-09-05 00:00:00,-28.57142857
2020-09-06 00:00:00,-65.71428571
2020-09-07 00:00:00,83.33333333
2020-09-08 00:00:00,31.81818182
2020-09-09 00:00:00,44.82758621
2020-09-10 00:00:00,-71.42857143
2020-09-11 00:00:00,158.3333333
2020-09-12 00:00:00,-25.80645161
2020-09-13 00:00:00,13.04347826
2020-09-14 00:00:00,69.23076923
2020-09-15 00:00:00,29.54545455
2020-09-16 00:00:00,-19.29824561
2020-09-17 00:00:00,-45.65217391
2020-09-18 00:00:00,16
2020-09-19 00:00:00,-34.48275862
2020-09-20 00:00:00,-52.63157895
2020-09-21 00:00:00,266.6666667
2020-09-22 00:00:00,54.54545455
2020-09-23 00:00:00,-37.25490196
2020-09-24 00:00:00,3.125
2020-09-25 00:00:00,30.3030303
2020-09-26 00:00:00,-16.27906977
2020-09-27 00:00:00,-27.77777778
2020-09-28 00:00:00,88.46153846
2020-09-29 00:00:00,-18.36734694
2020-09-30 00:00:00,45
2020-10-01 00:00:00,-14.54545455
2020-10-02 00:00:00,-14.54545455
2020-10-03 00:00:00,-70.21276596
2020-10-04 00:00:00,78.57142857
2020-10-05 00:00:00,24
2020-10-06 00:00:00,32.25806452
2020-10-07 00:00:00,14.63414634
2020-10-08 00:00:00,-17.0212766
2020-10-09 00:00:00,0
2020-10-10 00:00:00,-25.64102564
2020-10-11 00:00:00,-62.06896552
2020-10-12 00:00:00,272.7272727
2020-10-13 00:00:00,-60.97560976
2020-10-14 00:00:00,150
2020-10-15 00:00:00,-17.5
2020-10-16 00:00:00,39.39393939
2020-10-17 00:00:00,-65.2173913
2020-10-18 00:00:00,25
2020-10-19 00:00:00,80
2020-10-20 00:00:00,19.44444444
2020-10-21 00:00:00,-100
2020-10-22 00:00:00,inf
2020-10-23 00:00:00,-2
2020-10-24 00:00:00,-89.79591837
2020-10-25 00:00:00,40
2020-10-26 00:00:00,400
2020-10-27 00:00:00,-45.71428571
2020-10-28 00:00:00,-7.894736842
2020-10-29 00:00:00,-37.14285714
2020-10-30 00:00:00,50
2020-10-31 00:00:00,-45.45454545
2020-11-01 00:00:00,inf
2020-11-02 00:00:00,inf
2020-11-03 00:00:00,-15.51724138
2020-11-04 00:00:00,-30.6122449
2020-11-05 00:00:00,38.23529412
2020-11-06 00:00:00,-36.17021277
2020-11-07 00:00:00,-56.66666667
2020-11-08 00:00:00,15.38461538
2020-11-09 00:00:00,566.6666667
2020-11-10 00:00:00,-3
2020-11-11 00:00:00,-22.68041237
2020-11-12 00:00:00,-29.33333333
2020-11-13 00:00:00,-7.547169811
2020-11-14 00:00:00,-34.69387755
2020-11-15 00:00:00,50
2020-11-16 00:00:00,75
2020-11-17 00:00:00,-44.04761905
2020-11-18 00:00:00,46.80851064
2020-11-19 00:00:00,-33.33333333
2020-11-20 00:00:00,26.08695652
2020-11-21 00:00:00,-62.06896552
2020-11-22 00:00:00,-54.54545455
2020-11-23 00:00:00,650
2020-11-24 00:00:00,-2.666666667
2020-11-25 00:00:00,-30.1369863
2020-11-26 00:00:00,-49.01960784
2020-11-27 00:00:00,65.38461538
2020-11-28 00:00:00,-44.18604651
2020-11-29 00:00:00,-12.5
2020-11-30 00:00:00,157.1428571
2020-12-01 00:00:00,-4.347826087
2020-12-02 00:00:00,-4.347826087
2020-12-03 00:00:00,-6.818181818
2020-12-04 00:00:00,-2.43902439
2020-12-05 00:00:00,-50
2020-12-06 00:00:00,45
2020-12-07 00:00:00,41.37931034
2020-12-08 00:00:00,2.43902439
2020-12-09 00:00:00,-14.28571429
2020-12-10 00:00:00,-27.77777778
2020-12-11 00:00:00,50
2020-12-12 00:00:00,-100
2020-12-13 00:00:00,inf
2020-12-14 00:00:00,inf
2020-12-15 00:00:00,44.44444444
2020-12-16 00:00:00,-25.64102564
2020-12-17 00:00:00,72.4137931
2020-12-18 00:00:00,-74
2020-12-19 00:00:00,-7.692307692
2020-12-20 00:00:00,25
2020-12-21 00:00:00,173.3333333
2020-12-22 00:00:00,12.19512195
2020-12-23 00:00:00,17.39130435
2020-12-24 00:00:00,-53.7037037
2020-12-25 00:00:00,-12
2020-12-26 00:00:00,-13.63636364
2020-12-27 00:00:00,-5.263157895
2020-12-28 00:00:00,183.3333333
2020-12-29 00:00:00,-60.78431373
2020-12-30 00:00:00,25
2020-12-31 00:00:00,72
2021-01-01 00:00:00,-100
2021-01-02 00:00:00,-100
2021-01-03 00:00:00,inf
2021-01-04 00:00:00,0
2021-01-05 00:00:00,34.61538462
2021-01-06 00:00:00,22.85714286
2021-01-07 00:00:00,-2.325581395
2021-01-08 00:00:00,-9.523809524
2021-01-09 00:00:00,-7.894736842
2021-01-10 00:00:00,-17.14285714
2021-01-11 00:00:00,17.24137931
2021-01-12 00:00:00,17.64705882
2021-01-13 00:00:00,-27.5
2021-01-14 00:00:00,-10.34482759
2021-01-15 00:00:00,26.92307692
2021-01-16 00:00:00,-42.42424242
2021-01-17 00:00:00,-100
2021-01-18 00:00:00,inf
2021-01-19 00:00:00,55.55555556
2021-01-20 00:00:00,107.1428571
2021-01-21 00:00:00,-31.03448276
2021-01-22 00:00:00,10
2021-01-23 00:00:00,-54.54545455
2021-01-24 00:00:00,-40
2021-01-25 00:00:00,308.3333333
2021-01-26 00:00:00,104.0816327
2021-01-27 00:00:00,-46
2021-01-28 00:00:00,-9.259259259
2021-01-29 00:00:00,-10.20408163
2021-01-30 00:00:00,-52.27272727
2021-01-31 00:00:00,47.61904762
2021-02-01 00:00:00,34.42622951
2021-02-02 00:00:00,34.42622951
2021-02-03 00:00:00,-23.17073171
2021-02-04 00:00:00,14.28571429
2021-02-05 00:00:00,-5.555555556
2021-02-06 00:00:00,-72.05882353
2021-02-07 00:00:00,163.1578947
2021-02-08 00:00:00,-36
2021-02-09 00:00:00,25
2021-02-10 00:00:00,65
2021-02-11 00:00:00,0
2021-02-12 00:00:00,-39.39393939
2021-02-13 00:00:00,-35
2021-02-14 00:00:00,-100
2021-02-15 00:00:00,inf
2021-02-16 00:00:00,88.88888889
2021-02-17 00:00:00,-35.29411765
2021-02-18 00:00:00,-10.90909091
2021-02-19 00:00:00,53.06122449
2021-02-20 00:00:00,-50.66666667
2021-02-21 00:00:00,35.13513514
2021-02-22 00:00:00,0
2021-02-23 00:00:00,6
2021-02-24 00:00:00,86.79245283
2021-02-25 00:00:00,-34.34343434
2021-02-26 00:00:00,-15.38461538
2021-02-27 00:00:00,0
2021-02-28 00:00:00,-60
2021-03-01 00:00:00,58.06451613
2021-03-02 00:00:00,58.06451613
2021-03-03 00:00:00,2.040816327
2021-03-04 00:00:00,-4
2021-03-05 00:00:00,-2.083333333
2021-03-06 00:00:00,-44.68085106
2021-03-07 00:00:00,-26.92307692
2021-03-08 00:00:00,110.5263158
2021-03-09 00:00:00,-2.5
2021-03-10 00:00:00,-17.94871795
2021-03-11 00:00:00,12.5
2021-03-12 00:00:00,-33.33333333
2021-03-13 00:00:00,137.5
2021-03-14 00:00:00,-64.9122807
2021-03-15 00:00:00,120
2021-03-16 00:00:00,2.272727273
2021-03-17 00:00:00,33.33333333
2021-03-18 00:00:00,-46.66666667
2021-03-19 00:00:00,-12.5
2021-03-20 00:00:00,35.71428571
2021-03-21 00:00:00,-52.63157895
2021-03-22 00:00:00,50
2021-03-23 00:00:00,85.18518519
2021-03-24 00:00:00,-4
2021-03-25 00:00:00,-39.58333333
2021-03-26 00:00:00,-6.896551724
2021-03-27 00:00:00,-55.55555556
2021-03-28 00:00:00,100
2021-03-29 00:00:00,54.16666667
2021-03-30 00:00:00,18.91891892
2021-03-31 00:00:00,-45.45454545
2021-04-01 00:00:00,-48.38709677
2021-04-02 00:00:00,-48.38709677
2021-04-03 00:00:00,93.75
2021-04-04 00:00:00,-100
2021-04-05 00:00:00,inf
2021-04-06 00:00:00,-8.888888889
2021-04-07 00:00:00,-2.43902439
2021-04-08 00:00:00,-32.5
2021-04-09 00:00:00,-22.22222222
2021-04-10 00:00:00,-47.61904762
2021-04-11 00:00:00,54.54545455
2021-04-12 00:00:00,94.11764706
2021-04-13 00:00:00,-36.36363636
2021-04-14 00:00:00,38.0952381
2021-04-15 00:00:00,-27.5862069
2021-04-16 00:00:00,171.4285714
2021-04-17 00:00:00,-73.68421053
2021-04-18 00:00:00,-46.66666667
2021-04-19 00:00:00,162.5
2021-04-20 00:00:00,38.0952381
2021-04-21 00:00:00,-13.79310345
2021-04-22 00:00:00,24
2021-04-23 00:00:00,222.5806452
2021-04-24 00:00:00,-84
2021-04-25 00:00:00,93.75
2021-04-26 00:00:00,19.35483871
2021-04-27 00:00:00,5.405405405
2021-04-28 00:00:00,23.07692308
2021-04-29 00:00:00,-43.75
2021-04-30 00:00:00,48.14814815
2021-05-01 00:00:00,-100
2021-05-02 00:00:00,-100
2021-05-03 00:00:00,inf
2021-05-04 00:00:00,-1.886792453
2021-05-05 00:00:00,15.38461538
2021-05-06 00:00:00,1.666666667
2021-05-07 00:00:00,14.75409836
2021-05-08 00:00:00,-100
2021-05-09 00:00:00,inf
2021-05-10 00:00:00,78.78787879
2021-05-11 00:00:00,69.49152542
2021-05-12 00:00:00,-57
2021-05-13 00:00:00,9.302325581
2021-05-14 00:00:00,78.72340426
2021-05-15 00:00:00,-59.52380952
2021-05-16 00:00:00,20.58823529
2021-05-17 00:00:00,34.14634146
2021-05-18 00:00:00,-40
2021-05-19 00:00:00,112.1212121
2021-05-20 00:00:00,5.714285714
2021-05-21 00:00:00,-44.59459459
2021-05-22 00:00:00,-36.58536585
2021-05-23 00:00:00,26.92307692
2021-05-24 00:00:00,142.4242424
2021-05-25 00:00:00,-51.25
2021-05-26 00:00:00,58.97435897
2021-05-27 00:00:00,-30.64516129
2021-05-28 00:00:00,51.1627907
2021-05-29 00:00:00,-70.76923077
2021-05-30 00:00:00,-100
2021-05-31 00:00:00,inf
2021-06-01 00:00:00,29.78723404
2021-06-02 00:00:00,29.78723404
2021-06-03 00:00:00,-24.59016393
2021-06-04 00:00:00,-26.08695652
2021-06-05 00:00:00,5.882352941
2021-06-06 00:00:00,-38.88888889
2021-06-07 00:00:00,45.45454545
2021-06-08 00:00:00,9.375
2021-06-09 00:00:00,-14.28571429
2021-06-10 00:00:00,10
2021-06-11 00:00:00,9.090909091
2021-06-12 00:00:00,-100
2021-06-13 00:00:00,inf
2021-06-14 00:00:00,20
2021-06-15 00:00:00,166.6666667
2021-06-16 00:00:00,-39.0625
2021-06-17 00:00:00,-17.94871795
2021-06-18 00:00:00,78.125
2021-06-19 00:00:00,-56.14035088
2021-06-20 00:00:00,-52
2021-06-21 00:00:00,341.6666667
2021-06-22 00:00:00,3.773584906
2021-06-23 00:00:00,-27.27272727
2021-06-24 00:00:00,-45
2021-06-25 00:00:00,168.1818182
2021-06-26 00:00:00,-54.23728814
2021-06-27 00:00:00,-100
2021-06-28 00:00:00,inf
2021-06-29 00:00:00,-21.73913043
2021-06-30 00:00:00,-12.96296296
2021-07-01 00:00:00,-2.43902439
2021-07-02 00:00:00,-2.43902439
2021-07-03 00:00:00,-42.5
2021-07-04 00:00:00,-100
2021-07-05 00:00:00,inf
2021-07-06 00:00:00,114.8148148
2021-07-07 00:00:00,-34.48275862
2021-07-08 00:00:00,36.84210526
2021-07-09 00:00:00,25
2021-07-10 00:00:00,-53.84615385
2021-07-11 00:00:00,-100
2021-07-12 00:00:00,inf
2021-07-13 00:00:00,89.58333333
2021-07-14 00:00:00,-60.43956044
2021-07-15 00:00:00,25
2021-07-16 00:00:00,-37.77777778
2021-07-17 00:00:00,114.2857143
2021-07-18 00:00:00,-43.33333333
2021-07-19 00:00:00,123.5294118
2021-07-20 00:00:00,-5.263157895
2021-07-21 00:00:00,1.388888889
2021-07-22 00:00:00,31.50684932
2021-07-23 00:00:00,4.166666667
2021-07-24 00:00:00,-76
2021-07-25 00:00:00,-29.16666667
2021-07-26 00:00:00,182.3529412
2021-07-27 00:00:00,35.41666667
2021-07-28 00:00:00,-9.230769231
2021-07-29 00:00:00,-1.694915254
2021-07-30 00:00:00,-15.51724138
2021-07-31 00:00:00,-57.14285714
2021-08-01 00:00:00,17.07317073
2021-08-02 00:00:00,17.07317073
2021-08-03 00:00:00,45.83333333
2021-08-04 00:00:00,-65.71428571
2021-08-05 00:00:00,100
2021-08-06 00:00:00,-29.16666667
2021-08-07 00:00:00,17.64705882
2021-08-08 00:00:00,-35
2021-08-09 00:00:00,130.7692308
2021-08-10 00:00:00,35
2021-08-11 00:00:00,-9.87654321
2021-08-12 00:00:00,-27.39726027
2021-08-13 00:00:00,-9.433962264
2021-08-14 00:00:00,-45.83333333
2021-08-15 00:00:00,-30.76923077
2021-08-16 00:00:00,238.8888889
2021-08-17 00:00:00,-4.918032787
2021-08-18 00:00:00,-15.51724138
2021-08-19 00:00:00,73.46938776
2021-08-20 00:00:00,-37.64705882
2021-08-21 00:00:00,-54.71698113
2021-08-22 00:00:00,54.16666667
2021-08-23 00:00:00,59.45945946
2021-08-24 00:00:00,-100
2021-08-25 00:00:00,inf
2021-08-26 00:00:00,-16.39344262
2021-08-27 00:00:00,11.76470588
2021-08-28 00:00:00,-12.28070175
2021-08-29 00:00:00,-34
2021-08-30 00:00:00,148.4848485
2021-08-31 00:00:00,-24.3902439
2021-09-01 00:00:00,-12
2021-09-02 00:00:00,-12
2021-09-03 00:00:00,-29.54545455
2021-09-04 00:00:00,-54.83870968
2021-09-05 00:00:00,71.42857143
2021-09-06 00:00:00,16.66666667
2021-09-07 00:00:00,25
2021-09-08 00:00:00,68.57142857
2021-09-09 00:00:00,-32.20338983
2021-09-10 00:00:00,35
2021-09-11 00:00:00,-25.92592593
2021-09-12 00:00:00,-15
2021-09-13 00:00:00,38.23529412
2021-09-14 00:00:00,-8.510638298
2021-09-15 00:00:00,-16.27906977
2021-09-16 00:00:00,8.333333333
2021-09-17 00:00:00,17.94871795
2021-09-18 00:00:00,-36.95652174
2021-09-19 00:00:00,-41.37931034
2021-09-20 00:00:00,70.58823529
2021-09-21 00:00:00,34.48275862
2021-09-22 00:00:00,-20.51282051
2021-09-23 00:00:00,51.61290323
2021-09-24 00:00:00,25.53191489
2021-09-25 00:00:00,-32.20338983
2021-09-26 00:00:00,-40
2021-09-27 00:00:00,41.66666667
2021-09-28 00:00:00,23.52941176
2021-09-29 00:00:00,-9.523809524
2021-09-30 00:00:00,84.21052632
2021-10-01 00:00:00,-100
2021-10-02 00:00:00,-100
2021-10-03 00:00:00,inf
2021-10-04 00:00:00,5.128205128
2021-10-05 00:00:00,19.51219512
2021-10-06 00:00:00,-10.20408163
2021-10-07 00:00:00,9.090909091
2021-10-08 00:00:00,-12.5
2021-10-09 00:00:00,-66.66666667
2021-10-10 00:00:00,7.142857143
2021-10-11 00:00:00,246.6666667
2021-10-12 00:00:00,-55.76923077
2021-10-13 00:00:00,0
2021-10-14 00:00:00,86.95652174
2021-10-15 00:00:00,4.651162791
2021-10-16 00:00:00,-40
2021-10-17 00:00:00,-40.74074074
2021-10-18 00:00:00,212.5
2021-10-19 00:00:00,8
2021-10-20 00:00:00,-18.51851852
2021-10-21 00:00:00,15.90909091
2021-10-22 00:00:00,96.07843137
2021-10-23 00:00:00,-68
2021-10-24 00:00:00,-31.25
2021-10-25 00:00:00,209.0909091
2021-10-26 00:00:00,4.411764706
2021-10-27 00:00:00,-32.3943662
2021-10-28 00:00:00,-16.66666667
2021-10-29 00:00:00,-12.5
2021-10-30 00:00:00,-60
2021-10-31 00:00:00,-7.142857143
2021-11-01 00:00:00,-33.76623377
2021-11-02 00:00:00,-33.76623377
2021-11-03 00:00:00,-7.843137255
2021-11-04 00:00:00,10.63829787
2021-11-05 00:00:00,-13.46153846
2021-11-06 00:00:00,-2.222222222
2021-11-07 00:00:00,-25
2021-11-08 00:00:00,139.3939394
2021-11-09 00:00:00,-32.91139241
2021-11-10 00:00:00,-28.30188679
2021-11-11 00:00:00,21.05263158
2021-11-12 00:00:00,0
2021-11-13 00:00:00,-45.65217391
2021-11-14 00:00:00,112
2021-11-15 00:00:00,15.09433962
2021-11-16 00:00:00,-32.78688525
2021-11-17 00:00:00,26.82926829
2021-11-18 00:00:00,0
2021-11-19 00:00:00,-42.30769231
2021-11-20 00:00:00,-33.33333333
2021-11-21 00:00:00,75
2021-11-22 00:00:00,-8.571428571
2021-11-23 00:00:00,43.75
2021-11-24 00:00:00,10.86956522
2021-11-25 00:00:00,-50.98039216
2021-11-26 00:00:00,180
2021-11-27 00:00:00,-58.57142857
2021-11-28 00:00:00,6.896551724
2021-11-29 00:00:00,164.516129
2021-11-30 00:00:00,-32.92682927
2021-12-01 00:00:00,50
2021-12-02 00:00:00,50
2021-12-03 00:00:00,3.921568627
2021-12-04 00:00:00,3.773584906
2021-12-05 00:00:00,-61.81818182
2021-12-06 00:00:00,195.2380952
2021-12-07 00:00:00,-46.77419355
2021-12-08 00:00:00,3.03030303
2021-12-09 00:00:00,-41.17647059
2021-12-10 00:00:00,75
2021-12-11 00:00:00,5.714285714
2021-12-12 00:00:00,-67.56756757
2021-12-13 00:00:00,258.3333333
2021-12-14 00:00:00,-27.90697674
2021-12-15 00:00:00,106.4516129
2021-12-16 00:00:00,-43.75
2021-12-17 00:00:00,-33.33333333
2021-12-18 00:00:00,-20.83333333
2021-12-19 00:00:00,-100
2021-12-20 00:00:00,inf
2021-12-21 00:00:00,-42.85714286
2021-12-22 00:00:00,17.85714286
2021-12-23 00:00:00,42.42424242
2021-12-24 00:00:00,-46.80851064
2021-12-25 00:00:00,-44
2021-12-26 00:00:00,14.28571429
2021-12-27 00:00:00,12.5
2021-12-28 00:00:00,27.77777778
2021-12-29 00:00:00,30.43478261
2021-12-30 00:00:00,96.66666667
2021-12-31 00:00:00,-47.45762712
2022-01-01 00:00:00,inf
2022-01-02 00:00:00,inf
2022-01-03 00:00:00,-29.41176471
2022-01-04 00:00:00,120.8333333
2022-01-05 00:00:00,-32.0754717
2022-01-06 00:00:00,-61.11111111
2022-01-07 00:00:00,128.5714286
2022-01-08 00:00:00,-12.5
2022-01-09 00:00:00,50
2022-01-10 00:00:00,-40.47619048
2022-01-11 00:00:00,-4
2022-01-12 00:00:00,-37.5
2022-01-13 00:00:00,193.3333333
2022-01-14 00:00:00,-25
2022-01-15 00:00:00,-6.060606061
2022-01-16 00:00:00,-61.29032258
2022-01-17 00:00:00,58.33333333
2022-01-18 00:00:00,115.7894737
2022-01-19 00:00:00,-36.58536585
2022-01-20 00:00:00,-11.53846154
2022-01-21 00:00:00,39.13043478
2022-01-22 00:00:00,-71.875
2022-01-23 00:00:00,133.3333333
2022-01-24 00:00:00,138.0952381
2022-01-25 00:00:00,100
2022-01-26 00:00:00,-42
2022-01-27 00:00:00,-12.06896552
2022-01-28 00:00:00,-33.33333333
2022-01-29 00:00:00,-14.70588235
2022-01-30 00:00:00,-51.72413793
2022-01-31 00:00:00,207.1428571
2022-02-01 00:00:00,-48.14814815
2022-02-02 00:00:00,-48.14814815
2022-02-03 00:00:00,75
2022-02-04 00:00:00,-12.24489796
2022-02-05 00:00:00,-13.95348837
2022-02-06 00:00:00,-48.64864865
2022-02-07 00:00:00,105.2631579
2022-02-08 00:00:00,61.53846154
2022-02-09 00:00:00,-3.174603175
2022-02-10 00:00:00,6.557377049
2022-02-11 00:00:00,-23.07692308
2022-02-12 00:00:00,-44
2022-02-13 00:00:00,17.85714286
2022-02-14 00:00:00,30.3030303
2022-02-15 00:00:00,13.95348837
2022-02-16 00:00:00,57.14285714
2022-02-17 00:00:00,-27.27272727
2022-02-18 00:00:00,-5.357142857
2022-02-19 00:00:00,-58.49056604
2022-02-20 00:00:00,54.54545455
2022-02-21 00:00:00,-14.70588235
2022-02-22 00:00:00,72.4137931
2022-02-23 00:00:00,-66
2022-02-24 00:00:00,205.8823529
2022-02-25 00:00:00,-28.84615385
2022-02-26 00:00:00,-54.05405405
2022-02-27 00:00:00,70.58823529
2022-02-28 00:00:00,58.62068966
2022-03-01 00:00:00,-33.70786517
2022-03-02 00:00:00,-33.70786517
2022-03-03 00:00:00,-3.389830508
2022-03-04 00:00:00,-47.36842105
2022-03-05 00:00:00,33.33333333
2022-03-06 00:00:00,-22.5
2022-03-07 00:00:00,90.32258065
2022-03-08 00:00:00,-6.779661017
2022-03-09 00:00:00,0
2022-03-10 00:00:00,-14.54545455
2022-03-11 00:00:00,-29.78723404
2022-03-12 00:00:00,24.24242424
2022-03-13 00:00:00,-51.2195122
2022-03-14 00:00:00,160
2022-03-15 00:00:00,0
2022-03-16 00:00:00,-13.46153846
2022-03-17 00:00:00,42.22222222
2022-03-18 00:00:00,-43.75
2022-03-19 00:00:00,-69.44444444
2022-03-20 00:00:00,109.0909091
2022-03-21 00:00:00,47.82608696
2022-03-22 00:00:00,2.941176471
2022-03-23 00:00:00,-22.85714286
2022-03-24 00:00:00,107.4074074
2022-03-25 00:00:00,-3.571428571
2022-03-26 00:00:00,-57.40740741
2022-03-27 00:00:00,-8.695652174
2022-03-28 00:00:00,61.9047619
2022-03-29 00:00:00,-14.70588235
2022-03-30 00:00:00,-27.5862069
2022-03-31 00:00:00,142.8571429
