date,dance_monthly
2015/4/1 00:00,1.333333333
2015/4/2 00:00,13.15789474
2015/4/3 00:00,-3.488372093
2015/4/4 00:00,-2.409638554
2015/4/5 00:00,-6.172839506
2015/4/6 00:00,1.315789474
2015/4/7 00:00,-1.298701299
2015/4/8 00:00,0
2015/4/9 00:00,5.263157895
2015/4/10 00:00,17.5
2015/4/11 00:00,-7.446808511
2015/4/12 00:00,-11.49425287
2015/4/13 00:00,-1.298701299
2015/4/14 00:00,1.315789474
2015/4/15 00:00,0
2015/4/16 00:00,3.896103896
2015/4/17 00:00,20
2015/4/18 00:00,-4.166666667
2015/4/19 00:00,-19.56521739
2015/4/20 00:00,6.756756757
2015/4/21 00:00,2.53164557
2015/4/22 00:00,-2.469135802
2015/4/23 00:00,5.063291139
2015/4/24 00:00,15.6626506
2015/4/25 00:00,-2.083333333
2015/4/26 00:00,-14.89361702
2015/4/27 00:00,5
2015/4/28 00:00,-1.19047619
2015/4/29 00:00,-2.409638554
2015/4/30 00:00,8.045977011
2015/5/1 00:00,8.045977011
2015/5/2 00:00,-9.574468085
2015/5/3 00:00,-12.94117647
2015/5/4 00:00,4.054054054
2015/5/5 00:00,-3.896103896
2015/5/6 00:00,1.351351351
2015/5/7 00:00,10.66666667
2015/5/8 00:00,8.43373494
2015/5/9 00:00,-4.444444444
2015/5/10 00:00,-12.79069767
2015/5/11 00:00,0
2015/5/12 00:00,1.333333333
2015/5/13 00:00,3.947368421
2015/5/14 00:00,1.265822785
2015/5/15 00:00,15
2015/5/16 00:00,-4.347826087
2015/5/17 00:00,-14.77272727
2015/5/18 00:00,1.333333333
2015/5/19 00:00,1.315789474
2015/5/20 00:00,-2.597402597
2015/5/21 00:00,5.333333333
2015/5/22 00:00,13.92405063
2015/5/23 00:00,-1.111111111
2015/5/24 00:00,-15.73033708
2015/5/25 00:00,0
2015/5/26 00:00,-1.333333333
2015/5/27 00:00,0
2015/5/28 00:00,9.459459459
2015/5/29 00:00,18.51851852
2015/5/30 00:00,-1.041666667
2015/5/31 00:00,3.846153846
2015/6/1 00:00,3.846153846
2015/6/2 00:00,-3.703703704
2015/6/3 00:00,3.846153846
2015/6/4 00:00,0
2015/6/5 00:00,23.45679012
2015/6/6 00:00,-10
2015/6/7 00:00,-11.11111111
2015/6/8 00:00,-2.5
2015/6/9 00:00,-1.282051282
2015/6/10 00:00,1.298701299
2015/6/11 00:00,-1.282051282
2015/6/12 00:00,14.28571429
2015/6/13 00:00,3.409090909
2015/6/14 00:00,-17.58241758
2015/6/15 00:00,4
2015/6/16 00:00,-3.846153846
2015/6/17 00:00,-5.333333333
2015/6/18 00:00,5.633802817
2015/6/19 00:00,18.66666667
2015/6/20 00:00,-6.741573034
2015/6/21 00:00,-14.45783133
2015/6/22 00:00,4.225352113
2015/6/23 00:00,2.702702703
2015/6/24 00:00,-6.578947368
2015/6/25 00:00,2.816901408
2015/6/26 00:00,13.69863014
2015/6/27 00:00,3.614457831
2015/6/28 00:00,-13.95348837
2015/6/29 00:00,1.351351351
2015/6/30 00:00,0
2015/7/1 00:00,0
2015/7/2 00:00,-1.282051282
2015/7/3 00:00,12.98701299
2015/7/4 00:00,1.149425287
2015/7/5 00:00,-17.04545455
2015/7/6 00:00,8.219178082
2015/7/7 00:00,1.265822785
2015/7/8 00:00,-1.25
2015/7/9 00:00,3.797468354
2015/7/10 00:00,13.41463415
2015/7/11 00:00,-4.301075269
2015/7/12 00:00,-12.35955056
2015/7/13 00:00,7.692307692
2015/7/14 00:00,-3.571428571
2015/7/15 00:00,-1.234567901
2015/7/16 00:00,2.5
2015/7/17 00:00,18.29268293
2015/7/18 00:00,-3.092783505
2015/7/19 00:00,-13.82978723
2015/7/20 00:00,1.234567901
2015/7/21 00:00,8.536585366
2015/7/22 00:00,-8.988764045
2015/7/23 00:00,3.703703704
2015/7/24 00:00,19.04761905
2015/7/25 00:00,-3
2015/7/26 00:00,-11.34020619
2015/7/27 00:00,-1.162790698
2015/7/28 00:00,2.352941176
2015/7/29 00:00,-8.045977011
2015/7/30 00:00,2.5
2015/7/31 00:00,0
2015/8/1 00:00,0
2015/8/2 00:00,-15.2173913
2015/8/3 00:00,3.846153846
2015/8/4 00:00,4.938271605
2015/8/5 00:00,-5.882352941
2015/8/6 00:00,5
2015/8/7 00:00,8.333333333
2015/8/8 00:00,1.098901099
2015/8/9 00:00,-9.782608696
2015/8/10 00:00,-3.614457831
2015/8/11 00:00,5
2015/8/12 00:00,0
2015/8/13 00:00,-4.761904762
2015/8/14 00:00,15
2015/8/15 00:00,3.260869565
2015/8/16 00:00,-16.84210526
2015/8/17 00:00,13.92405063
2015/8/18 00:00,-4.444444444
2015/8/19 00:00,-1.162790698
2015/8/20 00:00,-3.529411765
2015/8/21 00:00,15.85365854
2015/8/22 00:00,-3.157894737
2015/8/23 00:00,-14.13043478
2015/8/24 00:00,5.063291139
2015/8/25 00:00,-2.409638554
2015/8/26 00:00,2.469135802
2015/8/27 00:00,1.204819277
2015/8/28 00:00,14.28571429
2015/8/29 00:00,-3.125
2015/8/30 00:00,-12.90322581
2015/8/31 00:00,-3.571428571
2015/9/1 00:00,-3.571428571
2015/9/2 00:00,4.938271605
2015/9/3 00:00,0
2015/9/4 00:00,15.29411765
2015/9/5 00:00,-1.020408163
2015/9/6 00:00,-14.43298969
2015/9/7 00:00,1.204819277
2015/9/8 00:00,-3.571428571
2015/9/9 00:00,0
2015/9/10 00:00,11.11111111
2015/9/11 00:00,8.888888889
2015/9/12 00:00,0
2015/9/13 00:00,-16.32653061
2015/9/14 00:00,10.97560976
2015/9/15 00:00,-10.98901099
2015/9/16 00:00,-4.938271605
2015/9/17 00:00,15.58441558
2015/9/18 00:00,12.35955056
2015/9/19 00:00,-9
2015/9/20 00:00,-15.38461538
2015/9/21 00:00,5.194805195
2015/9/22 00:00,-1.234567901
2015/9/23 00:00,1.25
2015/9/24 00:00,8.641975309
2015/9/25 00:00,13.63636364
2015/9/26 00:00,-5
2015/9/27 00:00,-23.15789474
2015/9/28 00:00,8.219178082
2015/9/29 00:00,-7.594936709
2015/9/30 00:00,11.11111111
2015/10/1 00:00,11.11111111
2015/10/2 00:00,16.25
2015/10/3 00:00,1.075268817
2015/10/4 00:00,-15.95744681
2015/10/5 00:00,-3.797468354
2015/10/6 00:00,1.315789474
2015/10/7 00:00,0
2015/10/8 00:00,9.090909091
2015/10/9 00:00,19.04761905
2015/10/10 00:00,0
2015/10/11 00:00,-14
2015/10/12 00:00,-8.139534884
2015/10/13 00:00,0
2015/10/14 00:00,2.53164557
2015/10/15 00:00,-2.469135802
2015/10/16 00:00,17.72151899
2015/10/17 00:00,-5.376344086
2015/10/18 00:00,-14.77272727
2015/10/19 00:00,2.666666667
2015/10/20 00:00,-2.597402597
2015/10/21 00:00,2.666666667
2015/10/22 00:00,1.298701299
2015/10/23 00:00,15.38461538
2015/10/24 00:00,-10
2015/10/25 00:00,-11.11111111
2015/10/26 00:00,5.555555556
2015/10/27 00:00,-6.578947368
2015/10/28 00:00,8.450704225
2015/10/29 00:00,7.792207792
2015/10/30 00:00,6.024096386
2015/10/31 00:00,-7.777777778
2015/11/1 00:00,-7.777777778
2015/11/2 00:00,-3.614457831
2015/11/3 00:00,-1.25
2015/11/4 00:00,2.53164557
2015/11/5 00:00,6.172839506
2015/11/6 00:00,16.27906977
2015/11/7 00:00,-4
2015/11/8 00:00,-15.625
2015/11/9 00:00,-1.234567901
2015/11/10 00:00,1.25
2015/11/11 00:00,-1.234567901
2015/11/12 00:00,3.75
2015/11/13 00:00,14.45783133
2015/11/14 00:00,-2.105263158
2015/11/15 00:00,-16.12903226
2015/11/16 00:00,5.128205128
2015/11/17 00:00,4.87804878
2015/11/18 00:00,-1.162790698
2015/11/19 00:00,5.882352941
2015/11/20 00:00,10
2015/11/21 00:00,-4.04040404
2015/11/22 00:00,-5.263157895
2015/11/23 00:00,-6.666666667
2015/11/24 00:00,-2.380952381
2015/11/25 00:00,-6.097560976
2015/11/26 00:00,5.194805195
2015/11/27 00:00,19.75308642
2015/11/28 00:00,-5.154639175
2015/11/29 00:00,-13.04347826
2015/11/30 00:00,-1.315789474
2015/12/1 00:00,-1.315789474
2015/12/2 00:00,-2.666666667
2015/12/3 00:00,15.06849315
2015/12/4 00:00,9.523809524
2015/12/5 00:00,-5.434782609
2015/12/6 00:00,-11.49425287
2015/12/7 00:00,-5.194805195
2015/12/8 00:00,-2.739726027
2015/12/9 00:00,0
2015/12/10 00:00,12.67605634
2015/12/11 00:00,13.75
2015/12/12 00:00,-8.791208791
2015/12/13 00:00,-13.25301205
2015/12/14 00:00,4.166666667
2015/12/15 00:00,-1.333333333
2015/12/16 00:00,0
2015/12/17 00:00,5.405405405
2015/12/18 00:00,12.82051282
2015/12/19 00:00,-4.545454545
2015/12/20 00:00,-14.28571429
2015/12/21 00:00,1.388888889
2015/12/22 00:00,0
2015/12/23 00:00,4.109589041
2015/12/24 00:00,3.947368421
2015/12/25 00:00,1.265822785
2015/12/26 00:00,-6.25
2015/12/27 00:00,2.666666667
2015/12/28 00:00,-1.298701299
2015/12/29 00:00,-1.315789474
2015/12/30 00:00,14.66666667
2015/12/31 00:00,-13.54166667
2016/1/1 00:00,-13.54166667
2016/1/2 00:00,2.409638554
2016/1/3 00:00,-8.235294118
2016/1/4 00:00,2.564102564
2016/1/5 00:00,8.75
2016/1/6 00:00,-9.195402299
2016/1/7 00:00,7.594936709
2016/1/8 00:00,11.76470588
2016/1/9 00:00,-6.315789474
2016/1/10 00:00,6.741573034
2016/1/11 00:00,-6.315789474
2016/1/12 00:00,-6.741573034
2016/1/13 00:00,-6.024096386
2016/1/14 00:00,6.41025641
2016/1/15 00:00,20.48192771
2016/1/16 00:00,-8
2016/1/17 00:00,-10.86956522
2016/1/18 00:00,-8.536585366
2016/1/19 00:00,8
2016/1/20 00:00,4.938271605
2016/1/21 00:00,-1.176470588
2016/1/22 00:00,13.0952381
2016/1/23 00:00,-4.210526316
2016/1/24 00:00,-14.28571429
2016/1/25 00:00,-7.692307692
2016/1/26 00:00,15.27777778
2016/1/27 00:00,-3.614457831
2016/1/28 00:00,5
2016/1/29 00:00,10.71428571
2016/1/30 00:00,-1.075268817
2016/1/31 00:00,-4.285714286
2016/2/1 00:00,-4.285714286
2016/2/2 00:00,7.462686567
2016/2/3 00:00,-4.166666667
2016/2/4 00:00,7.246376812
2016/2/5 00:00,18.91891892
2016/2/6 00:00,-6.818181818
2016/2/7 00:00,-12.19512195
2016/2/8 00:00,-6.944444444
2016/2/9 00:00,0
2016/2/10 00:00,1.492537313
2016/2/11 00:00,2.941176471
2016/2/12 00:00,5.714285714
2016/2/13 00:00,0
2016/2/14 00:00,-12.16216216
2016/2/15 00:00,1.538461538
2016/2/16 00:00,1.515151515
2016/2/17 00:00,-2.985074627
2016/2/18 00:00,6.153846154
2016/2/19 00:00,7.246376812
2016/2/20 00:00,6.756756757
2016/2/21 00:00,-17.72151899
2016/2/22 00:00,-3.076923077
2016/2/23 00:00,14.28571429
2016/2/24 00:00,-9.722222222
2016/2/25 00:00,6.153846154
2016/2/26 00:00,14.49275362
2016/2/27 00:00,-1.265822785
2016/2/28 00:00,-19.23076923
2016/2/29 00:00,5.084745763
2016/3/1 00:00,5.084745763
2016/3/2 00:00,3.225806452
2016/3/3 00:00,0
2016/3/4 00:00,10.9375
2016/3/5 00:00,-4.225352113
2016/3/6 00:00,-11.76470588
2016/3/7 00:00,-1.666666667
2016/3/8 00:00,11.86440678
2016/3/9 00:00,-7.575757576
2016/3/10 00:00,24.59016393
2016/3/11 00:00,23.68421053
2016/3/12 00:00,-18.08510638
2016/3/13 00:00,-18.18181818
2016/3/14 00:00,-3.174603175
2016/3/15 00:00,0
2016/3/16 00:00,4.918032787
2016/3/17 00:00,17.1875
2016/3/18 00:00,17.33333333
2016/3/19 00:00,-15.90909091
2016/3/20 00:00,-14.86486486
2016/3/21 00:00,1.587301587
2016/3/22 00:00,0
2016/3/23 00:00,1.5625
2016/3/24 00:00,7.692307692
2016/3/25 00:00,-2.857142857
2016/3/26 00:00,1.470588235
2016/3/27 00:00,-10.14492754
2016/3/28 00:00,0
2016/3/29 00:00,-6.451612903
2016/3/30 00:00,8.620689655
2016/3/31 00:00,15.38461538
2016/4/1 00:00,15.38461538
2016/4/2 00:00,-15.55555556
2016/4/3 00:00,-14.47368421
2016/4/4 00:00,13.84615385
2016/4/5 00:00,-1.351351351
2016/4/6 00:00,-5.479452055
2016/4/7 00:00,18.84057971
2016/4/8 00:00,12.19512195
2016/4/9 00:00,-11.95652174
2016/4/10 00:00,-12.34567901
2016/4/11 00:00,-1.408450704
2016/4/12 00:00,4.285714286
2016/4/13 00:00,-5.479452055
2016/4/14 00:00,13.04347826
2016/4/15 00:00,16.66666667
2016/4/16 00:00,-10.98901099
2016/4/17 00:00,-13.58024691
2016/4/18 00:00,1.428571429
2016/4/19 00:00,1.408450704
2016/4/20 00:00,0
2016/4/21 00:00,16.66666667
2016/4/22 00:00,15.47619048
2016/4/23 00:00,-15.46391753
2016/4/24 00:00,-13.41463415
2016/4/25 00:00,-1.408450704
2016/4/26 00:00,8.571428571
2016/4/27 00:00,-3.947368421
2016/4/28 00:00,28.76712329
2016/4/29 00:00,5.319148936
2016/4/30 00:00,-16.25
2016/5/1 00:00,-16.25
2016/5/2 00:00,-2.985074627
2016/5/3 00:00,3.076923077
2016/5/4 00:00,2.985074627
2016/5/5 00:00,7.246376812
2016/5/6 00:00,13.51351351
2016/5/7 00:00,-13.0952381
2016/5/8 00:00,-15.06849315
2016/5/9 00:00,1.612903226
2016/5/10 00:00,4.761904762
2016/5/11 00:00,-1.515151515
2016/5/12 00:00,15.38461538
2016/5/13 00:00,14.66666667
2016/5/14 00:00,-15.11627907
2016/5/15 00:00,-13.69863014
2016/5/16 00:00,-3.174603175
2016/5/17 00:00,1.639344262
2016/5/18 00:00,1.612903226
2016/5/19 00:00,17.46031746
2016/5/20 00:00,20.27027027
2016/5/21 00:00,-15.73033708
2016/5/22 00:00,-16
2016/5/23 00:00,-3.174603175
2016/5/24 00:00,3.278688525
2016/5/25 00:00,3.174603175
2016/5/26 00:00,12.30769231
2016/5/27 00:00,12.32876712
2016/5/28 00:00,-13.41463415
2016/5/29 00:00,-21.12676056
2016/5/30 00:00,7.142857143
2016/5/31 00:00,1.666666667
2016/6/1 00:00,1.666666667
2016/6/2 00:00,24.59016393
2016/6/3 00:00,31.57894737
2016/6/4 00:00,-23
2016/6/5 00:00,-16.88311688
2016/6/6 00:00,-3.125
2016/6/7 00:00,-4.838709677
2016/6/8 00:00,5.084745763
2016/6/9 00:00,3.225806452
2016/6/10 00:00,1.5625
2016/6/11 00:00,0
2016/6/12 00:00,-9.230769231
2016/6/13 00:00,0
2016/6/14 00:00,-5.084745763
2016/6/15 00:00,3.571428571
2016/6/16 00:00,5.172413793
2016/6/17 00:00,16.39344262
2016/6/18 00:00,-7.042253521
2016/6/19 00:00,-13.63636364
2016/6/20 00:00,0
2016/6/21 00:00,-1.754385965
2016/6/22 00:00,1.785714286
2016/6/23 00:00,-1.754385965
2016/6/24 00:00,14.28571429
2016/6/25 00:00,3.125
2016/6/26 00:00,-15.15151515
2016/6/27 00:00,0
2016/6/28 00:00,-5.357142857
2016/6/29 00:00,3.773584906
2016/6/30 00:00,8.235294118
2016/7/1 00:00,8.235294118
2016/7/2 00:00,1.086956522
2016/7/3 00:00,-15.05376344
2016/7/4 00:00,-2.53164557
2016/7/5 00:00,7.792207792
2016/7/6 00:00,1.204819277
2016/7/7 00:00,3.571428571
2016/7/8 00:00,12.64367816
2016/7/9 00:00,-5.102040816
2016/7/10 00:00,-12.90322581
2016/7/11 00:00,3.703703704
2016/7/12 00:00,-7.142857143
2016/7/13 00:00,2.564102564
2016/7/14 00:00,1.25
2016/7/15 00:00,14.81481481
2016/7/16 00:00,4.301075269
2016/7/17 00:00,-12.37113402
2016/7/18 00:00,-5.882352941
2016/7/19 00:00,0
2016/7/20 00:00,0
2016/7/21 00:00,0
2016/7/22 00:00,17.5
2016/7/23 00:00,-2.127659574
2016/7/24 00:00,-16.30434783
2016/7/25 00:00,10.38961039
2016/7/26 00:00,1.176470588
2016/7/27 00:00,-1.162790698
2016/7/28 00:00,-1.176470588
2016/7/29 00:00,19.04761905
2016/7/30 00:00,-5
2016/7/31 00:00,14.70588235
2016/8/1 00:00,14.70588235
2016/8/2 00:00,-8.974358974
2016/8/3 00:00,-1.408450704
2016/8/4 00:00,1.428571429
2016/8/5 00:00,12.67605634
2016/8/6 00:00,-3.75
2016/8/7 00:00,-9.090909091
2016/8/8 00:00,1.428571429
2016/8/9 00:00,-4.225352113
2016/8/10 00:00,0
2016/8/11 00:00,1.470588235
2016/8/12 00:00,15.94202899
2016/8/13 00:00,5
2016/8/14 00:00,-19.04761905
2016/8/15 00:00,0
2016/8/16 00:00,-1.470588235
2016/8/17 00:00,-2.985074627
2016/8/18 00:00,7.692307692
2016/8/19 00:00,10
2016/8/20 00:00,-1.298701299
2016/8/21 00:00,-10.52631579
2016/8/22 00:00,2.941176471
2016/8/23 00:00,-2.857142857
2016/8/24 00:00,8.823529412
2016/8/25 00:00,-2.702702703
2016/8/26 00:00,12.5
2016/8/27 00:00,-1.234567901
2016/8/28 00:00,-12.5
2016/8/29 00:00,1.428571429
2016/8/30 00:00,-1.408450704
2016/8/31 00:00,2.816901408
2016/9/1 00:00,2.816901408
2016/9/2 00:00,28.76712329
2016/9/3 00:00,-6.382978723
2016/9/4 00:00,-17.04545455
2016/9/5 00:00,8.219178082
2016/9/6 00:00,-8.860759494
2016/9/7 00:00,2.777777778
2016/9/8 00:00,10.81081081
2016/9/9 00:00,15.85365854
2016/9/10 00:00,-3.157894737
2016/9/11 00:00,-15.2173913
2016/9/12 00:00,2.564102564
2016/9/13 00:00,0
2016/9/14 00:00,-7.5
2016/9/15 00:00,6.756756757
2016/9/16 00:00,15.18987342
2016/9/17 00:00,-3.296703297
2016/9/18 00:00,-17.04545455
2016/9/19 00:00,-4.109589041
2016/9/20 00:00,-2.857142857
2016/9/21 00:00,5.882352941
2016/9/22 00:00,6.944444444
2016/9/23 00:00,18.18181818
2016/9/24 00:00,9.89010989
2016/9/25 00:00,-27
2016/9/26 00:00,-6.849315068
2016/9/27 00:00,5.882352941
2016/9/28 00:00,0
2016/9/29 00:00,9.722222222
2016/9/30 00:00,-11
2016/10/1 00:00,-11
2016/10/2 00:00,-16.85393258
2016/10/3 00:00,5.405405405
2016/10/4 00:00,2.564102564
2016/10/5 00:00,-3.75
2016/10/6 00:00,11.68831169
2016/10/7 00:00,16.27906977
2016/10/8 00:00,-5
2016/10/9 00:00,-14.73684211
2016/10/10 00:00,0
2016/10/11 00:00,-3.703703704
2016/10/12 00:00,-3.846153846
2016/10/13 00:00,6.666666667
2016/10/14 00:00,21.25
2016/10/15 00:00,-9.278350515
2016/10/16 00:00,-15.90909091
2016/10/17 00:00,1.351351351
2016/10/18 00:00,6.666666667
2016/10/19 00:00,-1.25
2016/10/20 00:00,3.797468354
2016/10/21 00:00,19.51219512
2016/10/22 00:00,-8.163265306
2016/10/23 00:00,-16.66666667
2016/10/24 00:00,4
2016/10/25 00:00,3.846153846
2016/10/26 00:00,-1.234567901
2016/10/27 00:00,3.75
2016/10/28 00:00,9.638554217
2016/10/29 00:00,-4.395604396
2016/10/30 00:00,-13.79310345
2016/10/31 00:00,3.896103896
2016/11/1 00:00,3.896103896
2016/11/2 00:00,-2.5
2016/11/3 00:00,11.53846154
2016/11/4 00:00,6.896551724
2016/11/5 00:00,-4.301075269
2016/11/6 00:00,-15.73033708
2016/11/7 00:00,2.666666667
2016/11/8 00:00,-15.58441558
2016/11/9 00:00,23.07692308
2016/11/10 00:00,13.75
2016/11/11 00:00,9.89010989
2016/11/12 00:00,-12
2016/11/13 00:00,-10.22727273
2016/11/14 00:00,0
2016/11/15 00:00,3.797468354
2016/11/16 00:00,-1.219512195
2016/11/17 00:00,2.469135802
2016/11/18 00:00,15.6626506
2016/11/19 00:00,-5.208333333
2016/11/20 00:00,-18.68131868
2016/11/21 00:00,6.756756757
2016/11/22 00:00,1.265822785
2016/11/23 00:00,-3.75
2016/11/24 00:00,5.194805195
2016/11/25 00:00,9.87654321
2016/11/26 00:00,3.370786517
2016/11/27 00:00,-18.47826087
2016/11/28 00:00,5.333333333
2016/11/29 00:00,3.797468354
2016/11/30 00:00,5.714285714
2016/12/1 00:00,5.714285714
2016/12/2 00:00,16.21621622
2016/12/3 00:00,-5.813953488
2016/12/4 00:00,-12.34567901
2016/12/5 00:00,0
2016/12/6 00:00,-1.408450704
2016/12/7 00:00,2.857142857
2016/12/8 00:00,-2.777777778
2016/12/9 00:00,12.85714286
2016/12/10 00:00,3.797468354
2016/12/11 00:00,-10.97560976
2016/12/12 00:00,4.109589041
2016/12/13 00:00,-3.947368421
2016/12/14 00:00,0
2016/12/15 00:00,1.369863014
2016/12/16 00:00,17.56756757
2016/12/17 00:00,-5.747126437
2016/12/18 00:00,-12.19512195
2016/12/19 00:00,-2.777777778
2016/12/20 00:00,1.428571429
2016/12/21 00:00,-2.816901408
2016/12/22 00:00,5.797101449
2016/12/23 00:00,1.369863014
2016/12/24 00:00,4.054054054
2016/12/25 00:00,-6.493506494
2016/12/26 00:00,-2.777777778
2016/12/27 00:00,11.42857143
2016/12/28 00:00,-2.564102564
2016/12/29 00:00,2.631578947
2016/12/30 00:00,10.25641026
2016/12/31 00:00,-10.34482759
2017/1/1 00:00,-10.34482759
2017/1/2 00:00,-3.846153846
2017/1/3 00:00,-1.333333333
2017/1/4 00:00,1.351351351
2017/1/5 00:00,2.666666667
2017/1/6 00:00,10.38961039
2017/1/7 00:00,8.235294118
2017/1/8 00:00,-19.56521739
2017/1/9 00:00,0
2017/1/10 00:00,0
2017/1/11 00:00,2.702702703
2017/1/12 00:00,3.947368421
2017/1/13 00:00,10.12658228
2017/1/14 00:00,3.448275862
2017/1/15 00:00,-17.77777778
2017/1/16 00:00,0
2017/1/17 00:00,0
2017/1/18 00:00,5.405405405
2017/1/19 00:00,-1.282051282
2017/1/20 00:00,29.87012987
2017/1/21 00:00,-8
2017/1/22 00:00,-17.39130435
2017/1/23 00:00,-5.263157895
2017/1/24 00:00,4.166666667
2017/1/25 00:00,14.66666667
2017/1/26 00:00,-6.976744186
2017/1/27 00:00,13.75
2017/1/28 00:00,-1.098901099
2017/1/29 00:00,-22.22222222
2017/1/30 00:00,1.428571429
2017/1/31 00:00,6.41025641
2017/2/1 00:00,6.41025641
2017/2/2 00:00,-2.409638554
2017/2/3 00:00,12.34567901
2017/2/4 00:00,0
2017/2/5 00:00,-16.48351648
2017/2/6 00:00,-5.263157895
2017/2/7 00:00,5.555555556
2017/2/8 00:00,1.315789474
2017/2/9 00:00,2.597402597
2017/2/10 00:00,12.65822785
2017/2/11 00:00,1.123595506
2017/2/12 00:00,-21.11111111
2017/2/13 00:00,-7.042253521
2017/2/14 00:00,9.090909091
2017/2/15 00:00,0
2017/2/16 00:00,11.11111111
2017/2/17 00:00,10
2017/2/18 00:00,2.272727273
2017/2/19 00:00,-17.77777778
2017/2/20 00:00,0
2017/2/21 00:00,9.459459459
2017/2/22 00:00,-11.11111111
2017/2/23 00:00,22.22222222
2017/2/24 00:00,4.545454545
2017/2/25 00:00,-7.608695652
2017/2/26 00:00,-12.94117647
2017/2/27 00:00,-2.702702703
2017/2/28 00:00,2.941176471
2017/3/1 00:00,2.941176471
2017/3/2 00:00,14.28571429
2017/3/3 00:00,5
2017/3/4 00:00,4.761904762
2017/3/5 00:00,-20.45454545
2017/3/6 00:00,2.857142857
2017/3/7 00:00,-5.555555556
2017/3/8 00:00,8.823529412
2017/3/9 00:00,2.702702703
2017/3/10 00:00,13.15789474
2017/3/11 00:00,1.162790698
2017/3/12 00:00,-16.09195402
2017/3/13 00:00,-5.479452055
2017/3/14 00:00,4.347826087
2017/3/15 00:00,-4.166666667
2017/3/16 00:00,27.53623188
2017/3/17 00:00,13.63636364
2017/3/18 00:00,-19
2017/3/19 00:00,-12.34567901
2017/3/20 00:00,4.225352113
2017/3/21 00:00,-4.054054054
2017/3/22 00:00,1.408450704
2017/3/23 00:00,16.66666667
2017/3/24 00:00,15.47619048
2017/3/25 00:00,-11.34020619
2017/3/26 00:00,-15.11627907
2017/3/27 00:00,-4.109589041
2017/3/28 00:00,1.428571429
2017/3/29 00:00,1.408450704
2017/3/30 00:00,13.88888889
2017/3/31 00:00,-11.95652174
2017/4/1 00:00,-11.95652174
2017/4/2 00:00,-13.58024691
2017/4/3 00:00,-1.428571429
2017/4/4 00:00,0
2017/4/5 00:00,0
2017/4/6 00:00,24.63768116
2017/4/7 00:00,10.46511628
2017/4/8 00:00,-13.68421053
2017/4/9 00:00,-19.51219512
2017/4/10 00:00,1.515151515
2017/4/11 00:00,2.985074627
2017/4/12 00:00,4.347826087
2017/4/13 00:00,9.722222222
2017/4/14 00:00,1.265822785
2017/4/15 00:00,-3.75
2017/4/16 00:00,-11.68831169
2017/4/17 00:00,1.470588235
2017/4/18 00:00,-1.449275362
2017/4/19 00:00,-1.470588235
2017/4/20 00:00,20.89552239
2017/4/21 00:00,16.04938272
2017/4/22 00:00,-14.89361702
2017/4/23 00:00,-16.25
2017/4/24 00:00,1.492537313
2017/4/25 00:00,1.470588235
2017/4/26 00:00,5.797101449
2017/4/27 00:00,8.219178082
2017/4/28 00:00,24.05063291
2017/4/29 00:00,-10.20408163
2017/4/30 00:00,-9.85915493
2017/5/1 00:00,-9.85915493
2017/5/2 00:00,-1.5625
2017/5/3 00:00,-3.174603175
2017/5/4 00:00,22.95081967
2017/5/5 00:00,16
2017/5/6 00:00,-13.79310345
2017/5/7 00:00,-17.33333333
2017/5/8 00:00,4.838709677
2017/5/9 00:00,-1.538461538
2017/5/10 00:00,-1.5625
2017/5/11 00:00,7.936507937
2017/5/12 00:00,22.05882353
2017/5/13 00:00,-14.45783133
2017/5/14 00:00,-8.450704225
2017/5/15 00:00,-6.153846154
2017/5/16 00:00,0
2017/5/17 00:00,6.557377049
2017/5/18 00:00,6.153846154
2017/5/19 00:00,31.88405797
2017/5/20 00:00,-18.68131868
2017/5/21 00:00,-12.16216216
2017/5/22 00:00,-6.153846154
2017/5/23 00:00,6.557377049
2017/5/24 00:00,4.615384615
2017/5/25 00:00,7.352941176
2017/5/26 00:00,5.479452055
2017/5/27 00:00,-9.090909091
2017/5/28 00:00,-12.85714286
2017/5/29 00:00,0
2017/5/30 00:00,14.75409836
2017/5/31 00:00,6.060606061
2017/6/1 00:00,6.060606061
2017/6/2 00:00,21.42857143
2017/6/3 00:00,-15.29411765
2017/6/4 00:00,-12.5
2017/6/5 00:00,-3.174603175
2017/6/6 00:00,9.836065574
2017/6/7 00:00,-8.955223881
2017/6/8 00:00,29.50819672
2017/6/9 00:00,26.58227848
2017/6/10 00:00,-22
2017/6/11 00:00,-19.23076923
2017/6/12 00:00,4.761904762
2017/6/13 00:00,0
2017/6/14 00:00,-3.03030303
2017/6/15 00:00,4.6875
2017/6/16 00:00,7.462686567
2017/6/17 00:00,-2.777777778
2017/6/18 00:00,-14.28571429
2017/6/19 00:00,5
2017/6/20 00:00,12.6984127
2017/6/21 00:00,-11.26760563
2017/6/22 00:00,3.174603175
2017/6/23 00:00,13.84615385
2017/6/24 00:00,1.351351351
2017/6/25 00:00,-12
2017/6/26 00:00,-1.515151515
2017/6/27 00:00,6.153846154
2017/6/28 00:00,-4.347826087
2017/6/29 00:00,-3.03030303
2017/6/30 00:00,-3.333333333
2017/7/1 00:00,-3.333333333
2017/7/2 00:00,-9.195402299
2017/7/3 00:00,-2.53164557
2017/7/4 00:00,-6.493506494
2017/7/5 00:00,12.5
2017/7/6 00:00,6.172839506
2017/7/7 00:00,8.139534884
2017/7/8 00:00,1.075268817
2017/7/9 00:00,-17.0212766
2017/7/10 00:00,6.41025641
2017/7/11 00:00,0
2017/7/12 00:00,-1.204819277
2017/7/13 00:00,6.097560976
2017/7/14 00:00,9.195402299
2017/7/15 00:00,0
2017/7/16 00:00,-15.78947368
2017/7/17 00:00,1.25
2017/7/18 00:00,6.172839506
2017/7/19 00:00,-8.139534884
2017/7/20 00:00,1.265822785
2017/7/21 00:00,23.75
2017/7/22 00:00,-2.02020202
2017/7/23 00:00,-17.5257732
2017/7/24 00:00,-1.25
2017/7/25 00:00,7.594936709
2017/7/26 00:00,-8.235294118
2017/7/27 00:00,2.564102564
2017/7/28 00:00,22.5
2017/7/29 00:00,2.040816327
2017/7/30 00:00,-20
2017/7/31 00:00,7.792207792
2017/8/1 00:00,7.792207792
2017/8/2 00:00,-7.228915663
2017/8/3 00:00,-6.493506494
2017/8/4 00:00,19.44444444
2017/8/5 00:00,4.651162791
2017/8/6 00:00,-12.22222222
2017/8/7 00:00,1.265822785
2017/8/8 00:00,13.75
2017/8/9 00:00,-10.98901099
2017/8/10 00:00,2.469135802
2017/8/11 00:00,9.638554217
2017/8/12 00:00,1.098901099
2017/8/13 00:00,-10.86956522
2017/8/14 00:00,3.658536585
2017/8/15 00:00,-12.94117647
2017/8/16 00:00,1.351351351
2017/8/17 00:00,4
2017/8/18 00:00,11.53846154
2017/8/19 00:00,4.597701149
2017/8/20 00:00,-21.97802198
2017/8/21 00:00,9.85915493
2017/8/22 00:00,0
2017/8/23 00:00,-14.1025641
2017/8/24 00:00,-2.985074627
2017/8/25 00:00,26.15384615
2017/8/26 00:00,-4.87804878
2017/8/27 00:00,-16.66666667
2017/8/28 00:00,3.076923077
2017/8/29 00:00,0
2017/8/30 00:00,-4.47761194
2017/8/31 00:00,20
2017/9/1 00:00,20
2017/9/2 00:00,-1.282051282
2017/9/3 00:00,-14.28571429
2017/9/4 00:00,-4.545454545
2017/9/5 00:00,3.174603175
2017/9/6 00:00,0
2017/9/7 00:00,3.076923077
2017/9/8 00:00,28.35820896
2017/9/9 00:00,-8.139534884
2017/9/10 00:00,-17.72151899
2017/9/11 00:00,-1.538461538
2017/9/12 00:00,3.125
2017/9/13 00:00,0
2017/9/14 00:00,6.060606061
2017/9/15 00:00,20
2017/9/16 00:00,-1.19047619
2017/9/17 00:00,-15.6626506
2017/9/18 00:00,-1.428571429
2017/9/19 00:00,0
2017/9/20 00:00,-7.246376812
2017/9/21 00:00,12.5
2017/9/22 00:00,31.94444444
2017/9/23 00:00,5.263157895
2017/9/24 00:00,-29
2017/9/25 00:00,0
2017/9/26 00:00,-7.042253521
2017/9/27 00:00,-4.545454545
2017/9/28 00:00,9.523809524
2017/9/29 00:00,26.08695652
2017/9/30 00:00,-16.47058824
2017/10/1 00:00,-16.47058824
2017/10/2 00:00,2.816901408
2017/10/3 00:00,1.369863014
2017/10/4 00:00,-4.054054054
2017/10/5 00:00,7.042253521
2017/10/6 00:00,21.05263158
2017/10/7 00:00,-6.52173913
2017/10/8 00:00,-16.27906977
2017/10/9 00:00,-1.388888889
2017/10/10 00:00,1.408450704
2017/10/11 00:00,1.388888889
2017/10/12 00:00,5.479452055
2017/10/13 00:00,29.87012987
2017/10/14 00:00,-13
2017/10/15 00:00,-21.83908046
2017/10/16 00:00,5.882352941
2017/10/17 00:00,-4.166666667
2017/10/18 00:00,-1.449275362
2017/10/19 00:00,4.411764706
2017/10/20 00:00,18.30985915
2017/10/21 00:00,-4.761904762
2017/10/22 00:00,-10
2017/10/23 00:00,0
2017/10/24 00:00,4.166666667
2017/10/25 00:00,-4
2017/10/26 00:00,4.166666667
2017/10/27 00:00,17.33333333
2017/10/28 00:00,-4.545454545
2017/10/29 00:00,-15.47619048
2017/10/30 00:00,-5.633802817
2017/10/31 00:00,0
2017/11/1 00:00,0
2017/11/2 00:00,7.042253521
2017/11/3 00:00,21.05263158
2017/11/4 00:00,2.173913043
2017/11/5 00:00,-19.14893617
2017/11/6 00:00,-3.947368421
2017/11/7 00:00,0
2017/11/8 00:00,0
2017/11/9 00:00,19.17808219
2017/11/10 00:00,2.298850575
2017/11/11 00:00,4.494382022
2017/11/12 00:00,-21.50537634
2017/11/13 00:00,0
2017/11/14 00:00,0
2017/11/15 00:00,-1.369863014
2017/11/16 00:00,8.333333333
2017/11/17 00:00,10.25641026
2017/11/18 00:00,11.62790698
2017/11/19 00:00,-23.95833333
2017/11/20 00:00,0
2017/11/21 00:00,2.739726027
2017/11/22 00:00,-4
2017/11/23 00:00,5.555555556
2017/11/24 00:00,11.84210526
2017/11/25 00:00,2.352941176
2017/11/26 00:00,-18.3908046
2017/11/27 00:00,8.450704225
2017/11/28 00:00,-6.493506494
2017/11/29 00:00,-1.388888889
2017/11/30 00:00,17.10526316
2017/12/1 00:00,17.10526316
2017/12/2 00:00,0
2017/12/3 00:00,-13.48314607
2017/12/4 00:00,-5.194805195
2017/12/5 00:00,-2.739726027
2017/12/6 00:00,2.816901408
2017/12/7 00:00,5.479452055
2017/12/8 00:00,12.98701299
2017/12/9 00:00,4.597701149
2017/12/10 00:00,-24.17582418
2017/12/11 00:00,0
2017/12/12 00:00,2.898550725
2017/12/13 00:00,2.816901408
2017/12/14 00:00,2.739726027
2017/12/15 00:00,16
2017/12/16 00:00,1.149425287
2017/12/17 00:00,-18.18181818
2017/12/18 00:00,-1.388888889
2017/12/19 00:00,0
2017/12/20 00:00,1.408450704
2017/12/21 00:00,1.388888889
2017/12/22 00:00,13.69863014
2017/12/23 00:00,4.819277108
2017/12/24 00:00,-8.045977011
2017/12/25 00:00,-8.75
2017/12/26 00:00,-1.369863014
2017/12/27 00:00,1.388888889
2017/12/28 00:00,2.739726027
2017/12/29 00:00,10.66666667
2017/12/30 00:00,20.48192771
2017/12/31 00:00,-16.84210526
2018/1/1 00:00,-16.84210526
2018/1/2 00:00,-2.53164557
2018/1/3 00:00,3.896103896
2018/1/4 00:00,1.25
2018/1/5 00:00,17.28395062
2018/1/6 00:00,0
2018/1/7 00:00,-13.68421053
2018/1/8 00:00,0
2018/1/9 00:00,-3.658536585
2018/1/10 00:00,3.797468354
2018/1/11 00:00,7.317073171
2018/1/12 00:00,9.090909091
2018/1/13 00:00,-1.041666667
2018/1/14 00:00,-12.63157895
2018/1/15 00:00,-6.024096386
2018/1/16 00:00,3.846153846
2018/1/17 00:00,1.234567901
2018/1/18 00:00,4.87804878
2018/1/19 00:00,15.11627907
2018/1/20 00:00,-3.03030303
2018/1/21 00:00,-14.58333333
2018/1/22 00:00,0
2018/1/23 00:00,-2.43902439
2018/1/24 00:00,2.5
2018/1/25 00:00,3.658536585
2018/1/26 00:00,14.11764706
2018/1/27 00:00,0
2018/1/28 00:00,-18.55670103
2018/1/29 00:00,2.53164557
2018/1/30 00:00,-2.469135802
2018/1/31 00:00,7.8125
2018/2/1 00:00,7.8125
2018/2/2 00:00,17.39130435
2018/2/3 00:00,-3.703703704
2018/2/4 00:00,-10.25641026
2018/2/5 00:00,-11.42857143
2018/2/6 00:00,1.612903226
2018/2/7 00:00,6.349206349
2018/2/8 00:00,4.47761194
2018/2/9 00:00,17.14285714
2018/2/10 00:00,0
2018/2/11 00:00,-19.51219512
2018/2/12 00:00,-1.515151515
2018/2/13 00:00,-3.076923077
2018/2/14 00:00,3.174603175
2018/2/15 00:00,0
2018/2/16 00:00,24.61538462
2018/2/17 00:00,-3.703703704
2018/2/18 00:00,-1.282051282
2018/2/19 00:00,2.597402597
2018/2/20 00:00,-13.92405063
2018/2/21 00:00,-5.882352941
2018/2/22 00:00,9.375
2018/2/23 00:00,12.85714286
2018/2/24 00:00,-1.265822785
2018/2/25 00:00,-17.94871795
2018/2/26 00:00,-4.6875
2018/2/27 00:00,-1.639344262
2018/2/28 00:00,6.849315068
2018/3/1 00:00,6.849315068
2018/3/2 00:00,3.846153846
2018/3/3 00:00,-2.469135802
2018/3/4 00:00,-15.18987342
2018/3/5 00:00,-4.47761194
2018/3/6 00:00,3.125
2018/3/7 00:00,-3.03030303
2018/3/8 00:00,25
2018/3/9 00:00,13.75
2018/3/10 00:00,-8.791208791
2018/3/11 00:00,-22.89156627
2018/3/12 00:00,3.125
2018/3/13 00:00,-3.03030303
2018/3/14 00:00,9.375
2018/3/15 00:00,18.57142857
2018/3/16 00:00,12.04819277
2018/3/17 00:00,-10.75268817
2018/3/18 00:00,-13.25301205
2018/3/19 00:00,-8.333333333
2018/3/20 00:00,6.060606061
2018/3/21 00:00,-7.142857143
2018/3/22 00:00,24.61538462
2018/3/23 00:00,23.45679012
2018/3/24 00:00,-16
2018/3/25 00:00,-19.04761905
2018/3/26 00:00,-2.941176471
2018/3/27 00:00,0
2018/3/28 00:00,6.060606061
2018/3/29 00:00,10
2018/3/30 00:00,-1.298701299
2018/3/31 00:00,-6.493506494
2018/4/1 00:00,-6.493506494
2018/4/2 00:00,1.388888889
2018/4/3 00:00,-9.589041096
2018/4/4 00:00,3.03030303
2018/4/5 00:00,23.52941176
2018/4/6 00:00,8.333333333
2018/4/7 00:00,-7.692307692
2018/4/8 00:00,-14.28571429
2018/4/9 00:00,-6.944444444
2018/4/10 00:00,1.492537313
2018/4/11 00:00,11.76470588
2018/4/12 00:00,31.57894737
2018/4/13 00:00,-1
2018/4/14 00:00,-8.080808081
2018/4/15 00:00,-19.78021978
2018/4/16 00:00,-2.739726027
2018/4/17 00:00,0
2018/4/18 00:00,-5.633802817
2018/4/19 00:00,20.89552239
2018/4/20 00:00,20.98765432
2018/4/21 00:00,-14.28571429
2018/4/22 00:00,-15.47619048
2018/4/23 00:00,-2.816901408
2018/4/24 00:00,1.449275362
2018/4/25 00:00,-5.714285714
2018/4/26 00:00,24.24242424
2018/4/27 00:00,19.51219512
2018/4/28 00:00,-7.142857143
2018/4/29 00:00,-18.68131868
2018/4/30 00:00,-11.76470588
2018/5/1 00:00,-11.76470588
2018/5/2 00:00,-1.666666667
2018/5/3 00:00,22.03389831
2018/5/4 00:00,9.722222222
2018/5/5 00:00,-10.12658228
2018/5/6 00:00,-14.08450704
2018/5/7 00:00,3.278688525
2018/5/8 00:00,-3.174603175
2018/5/9 00:00,1.639344262
2018/5/10 00:00,20.96774194
2018/5/11 00:00,9.333333333
2018/5/12 00:00,-14.63414634
2018/5/13 00:00,-17.14285714
2018/5/14 00:00,1.724137931
2018/5/15 00:00,-5.084745763
2018/5/16 00:00,5.357142857
2018/5/17 00:00,15.25423729
2018/5/18 00:00,13.23529412
2018/5/19 00:00,-6.493506494
2018/5/20 00:00,-15.27777778
2018/5/21 00:00,-1.639344262
2018/5/22 00:00,-1.666666667
2018/5/23 00:00,1.694915254
2018/5/24 00:00,16.66666667
2018/5/25 00:00,14.28571429
2018/5/26 00:00,-6.25
2018/5/27 00:00,-21.33333333
2018/5/28 00:00,3.389830508
2018/5/29 00:00,8.196721311
2018/5/30 00:00,1.515151515
2018/5/31 00:00,20
2018/6/1 00:00,20
2018/6/2 00:00,-10
2018/6/3 00:00,-19.75308642
2018/6/4 00:00,-3.076923077
2018/6/5 00:00,-4.761904762
2018/6/6 00:00,1.666666667
2018/6/7 00:00,19.67213115
2018/6/8 00:00,36.98630137
2018/6/9 00:00,-25
2018/6/10 00:00,-14.66666667
2018/6/11 00:00,6.25
2018/6/12 00:00,-4.411764706
2018/6/13 00:00,-1.538461538
2018/6/14 00:00,1.5625
2018/6/15 00:00,9.230769231
2018/6/16 00:00,1.408450704
2018/6/17 00:00,-13.88888889
2018/6/18 00:00,0
2018/6/19 00:00,-1.612903226
2018/6/20 00:00,0
2018/6/21 00:00,0
2018/6/22 00:00,18.03278689
2018/6/23 00:00,9.722222222
2018/6/24 00:00,-25.3164557
2018/6/25 00:00,-3.389830508
2018/6/26 00:00,1.754385965
2018/6/27 00:00,1.724137931
2018/6/28 00:00,6.779661017
2018/6/29 00:00,3.174603175
2018/6/30 00:00,-8.860759494
2018/7/1 00:00,-8.860759494
2018/7/2 00:00,-9.722222222
2018/7/3 00:00,13.84615385
2018/7/4 00:00,-8.108108108
2018/7/5 00:00,1.470588235
2018/7/6 00:00,21.73913043
2018/7/7 00:00,2.380952381
2018/7/8 00:00,-10.46511628
2018/7/9 00:00,-5.194805195
2018/7/10 00:00,4.109589041
2018/7/11 00:00,1.315789474
2018/7/12 00:00,3.896103896
2018/7/13 00:00,11.25
2018/7/14 00:00,1.123595506
2018/7/15 00:00,-14.44444444
2018/7/16 00:00,-2.597402597
2018/7/17 00:00,6.666666667
2018/7/18 00:00,-2.5
2018/7/19 00:00,2.564102564
2018/7/20 00:00,15
2018/7/21 00:00,1.086956522
2018/7/22 00:00,-16.12903226
2018/7/23 00:00,6.41025641
2018/7/24 00:00,-2.409638554
2018/7/25 00:00,1.234567901
2018/7/26 00:00,0
2018/7/27 00:00,15.85365854
2018/7/28 00:00,-2.105263158
2018/7/29 00:00,-17.20430108
2018/7/30 00:00,2.597402597
2018/7/31 00:00,6.666666667
2018/8/1 00:00,6.666666667
2018/8/2 00:00,-3.75
2018/8/3 00:00,14.28571429
2018/8/4 00:00,-2.272727273
2018/8/5 00:00,-12.79069767
2018/8/6 00:00,-1.333333333
2018/8/7 00:00,4.054054054
2018/8/8 00:00,7.792207792
2018/8/9 00:00,-7.228915663
2018/8/10 00:00,22.07792208
2018/8/11 00:00,-2.127659574
2018/8/12 00:00,-17.39130435
2018/8/13 00:00,-1.315789474
2018/8/14 00:00,14.66666667
2018/8/15 00:00,-9.302325581
2018/8/16 00:00,0
2018/8/17 00:00,14.1025641
2018/8/18 00:00,-4.494382022
2018/8/19 00:00,-12.94117647
2018/8/20 00:00,4.054054054
2018/8/21 00:00,-2.597402597
2018/8/22 00:00,5.333333333
2018/8/23 00:00,5.063291139
2018/8/24 00:00,10.84337349
2018/8/25 00:00,-4.347826087
2018/8/26 00:00,-17.04545455
2018/8/27 00:00,5.479452055
2018/8/28 00:00,-2.597402597
2018/8/29 00:00,4
2018/8/30 00:00,1.282051282
2018/8/31 00:00,2.325581395
2018/9/1 00:00,2.325581395
2018/9/2 00:00,-12.5
2018/9/3 00:00,1.298701299
2018/9/4 00:00,-1.282051282
2018/9/5 00:00,5.194805195
2018/9/6 00:00,-1.234567901
2018/9/7 00:00,15
2018/9/8 00:00,2.173913043
2018/9/9 00:00,-14.89361702
2018/9/10 00:00,-2.5
2018/9/11 00:00,-6.41025641
2018/9/12 00:00,16.43835616
2018/9/13 00:00,-7.058823529
2018/9/14 00:00,26.58227848
2018/9/15 00:00,-3
2018/9/16 00:00,-28.86597938
2018/9/17 00:00,5.797101449
2018/9/18 00:00,-1.369863014
2018/9/19 00:00,5.555555556
2018/9/20 00:00,-5.263157895
2018/9/21 00:00,22.22222222
2018/9/22 00:00,-4.545454545
2018/9/23 00:00,-19.04761905
2018/9/24 00:00,-1.470588235
2018/9/25 00:00,7.462686567
2018/9/26 00:00,4.166666667
2018/9/27 00:00,5.333333333
2018/9/28 00:00,17.72151899
2018/9/29 00:00,-5.376344086
2018/9/30 00:00,7.692307692
2018/10/1 00:00,7.692307692
2018/10/2 00:00,-4.761904762
2018/10/3 00:00,-3.75
2018/10/4 00:00,7.792207792
2018/10/5 00:00,14.45783133
2018/10/6 00:00,-3.157894737
2018/10/7 00:00,-14.13043478
2018/10/8 00:00,2.53164557
2018/10/9 00:00,-7.407407407
2018/10/10 00:00,4
2018/10/11 00:00,11.53846154
2018/10/12 00:00,11.49425287
2018/10/13 00:00,3.092783505
2018/10/14 00:00,-19
2018/10/15 00:00,0
2018/10/16 00:00,4.938271605
2018/10/17 00:00,-2.352941176
2018/10/18 00:00,0
2018/10/19 00:00,15.6626506
2018/10/20 00:00,-3.125
2018/10/21 00:00,-21.50537634
2018/10/22 00:00,2.739726027
2018/10/23 00:00,1.333333333
2018/10/24 00:00,2.631578947
2018/10/25 00:00,3.846153846
2018/10/26 00:00,16.04938272
2018/10/27 00:00,-2.127659574
2018/10/28 00:00,-17.39130435
2018/10/29 00:00,5.263157895
2018/10/30 00:00,0
2018/10/31 00:00,0
2018/11/1 00:00,0
2018/11/2 00:00,12.82051282
2018/11/3 00:00,-4.545454545
2018/11/4 00:00,-14.28571429
2018/11/5 00:00,0
2018/11/6 00:00,-6.944444444
2018/11/7 00:00,8.955223881
2018/11/8 00:00,4.109589041
2018/11/9 00:00,13.15789474
2018/11/10 00:00,1.162790698
2018/11/11 00:00,-18.3908046
2018/11/12 00:00,0
2018/11/13 00:00,-2.816901408
2018/11/14 00:00,5.797101449
2018/11/15 00:00,6.849315068
2018/11/16 00:00,14.1025641
2018/11/17 00:00,-1.123595506
2018/11/18 00:00,-17.04545455
2018/11/19 00:00,-2.739726027
2018/11/20 00:00,2.816901408
2018/11/21 00:00,-6.849315068
2018/11/22 00:00,5.882352941
2018/11/23 00:00,20.83333333
2018/11/24 00:00,-6.896551724
2018/11/25 00:00,-12.34567901
2018/11/26 00:00,-4.225352113
2018/11/27 00:00,1.470588235
2018/11/28 00:00,4.347826087
2018/11/29 00:00,0
2018/11/30 00:00,-3.370786517
2018/12/1 00:00,-3.370786517
2018/12/2 00:00,-9.302325581
2018/12/3 00:00,-8.974358974
2018/12/4 00:00,4.225352113
2018/12/5 00:00,17.56756757
2018/12/6 00:00,10.34482759
2018/12/7 00:00,4.166666667
2018/12/8 00:00,-2
2018/12/9 00:00,-22.44897959
2018/12/10 00:00,-2.631578947
2018/12/11 00:00,0
2018/12/12 00:00,12.16216216
2018/12/13 00:00,0
2018/12/14 00:00,12.04819277
2018/12/15 00:00,-2.150537634
2018/12/16 00:00,-15.38461538
2018/12/17 00:00,3.896103896
2018/12/18 00:00,-5
2018/12/19 00:00,3.947368421
2018/12/20 00:00,-5.063291139
2018/12/21 00:00,14.66666667
2018/12/22 00:00,-5.813953488
2018/12/23 00:00,-6.172839506
2018/12/24 00:00,3.947368421
2018/12/25 00:00,-10.12658228
2018/12/26 00:00,-2.816901408
2018/12/27 00:00,8.695652174
2018/12/28 00:00,4
2018/12/29 00:00,3.846153846
2018/12/30 00:00,11.11111111
2018/12/31 00:00,-18.82352941
2019/1/1 00:00,-18.82352941
2019/1/2 00:00,2.898550725
2019/1/3 00:00,12.67605634
2019/1/4 00:00,10
2019/1/5 00:00,-1.136363636
2019/1/6 00:00,-13.79310345
2019/1/7 00:00,-8
2019/1/8 00:00,5.797101449
2019/1/9 00:00,-1.369863014
2019/1/10 00:00,5.555555556
2019/1/11 00:00,7.894736842
2019/1/12 00:00,4.87804878
2019/1/13 00:00,-19.76744186
2019/1/14 00:00,4.347826087
2019/1/15 00:00,-2.777777778
2019/1/16 00:00,2.857142857
2019/1/17 00:00,4.166666667
2019/1/18 00:00,14.66666667
2019/1/19 00:00,-2.325581395
2019/1/20 00:00,-14.28571429
2019/1/21 00:00,-1.388888889
2019/1/22 00:00,-1.408450704
2019/1/23 00:00,-1.428571429
2019/1/24 00:00,4.347826087
2019/1/25 00:00,19.44444444
2019/1/26 00:00,0
2019/1/27 00:00,-22.09302326
2019/1/28 00:00,-2.985074627
2019/1/29 00:00,0
2019/1/30 00:00,12.30769231
2019/1/31 00:00,31.57894737
2019/2/1 00:00,31.57894737
2019/2/2 00:00,-5
2019/2/3 00:00,-25.26315789
2019/2/4 00:00,1.408450704
2019/2/5 00:00,-8.333333333
2019/2/6 00:00,7.575757576
2019/2/7 00:00,-2.816901408
2019/2/8 00:00,17.39130435
2019/2/9 00:00,-1.234567901
2019/2/10 00:00,-16.25
2019/2/11 00:00,0
2019/2/12 00:00,-5.970149254
2019/2/13 00:00,3.174603175
2019/2/14 00:00,-1.538461538
2019/2/15 00:00,15.625
2019/2/16 00:00,1.351351351
2019/2/17 00:00,-22.66666667
2019/2/18 00:00,6.896551724
2019/2/19 00:00,3.225806452
2019/2/20 00:00,3.125
2019/2/21 00:00,7.575757576
2019/2/22 00:00,12.67605634
2019/2/23 00:00,-7.5
2019/2/24 00:00,-14.86486486
2019/2/25 00:00,0
2019/2/26 00:00,3.174603175
2019/2/27 00:00,-4.615384615
2019/2/28 00:00,14.70588235
2019/3/1 00:00,14.70588235
2019/3/2 00:00,2.564102564
2019/3/3 00:00,-10
2019/3/4 00:00,-6.944444444
2019/3/5 00:00,-7.462686567
2019/3/6 00:00,6.451612903
2019/3/7 00:00,1.515151515
2019/3/8 00:00,19.40298507
2019/3/9 00:00,-2.5
2019/3/10 00:00,-14.1025641
2019/3/11 00:00,-5.970149254
2019/3/12 00:00,-1.587301587
2019/3/13 00:00,6.451612903
2019/3/14 00:00,19.6969697
2019/3/15 00:00,8.860759494
2019/3/16 00:00,-12.79069767
2019/3/17 00:00,-12
2019/3/18 00:00,-6.060606061
2019/3/19 00:00,4.838709677
2019/3/20 00:00,3.076923077
2019/3/21 00:00,14.92537313
2019/3/22 00:00,25.97402597
2019/3/23 00:00,-16.49484536
2019/3/24 00:00,-13.58024691
2019/3/25 00:00,-10
2019/3/26 00:00,-12.6984127
2019/3/27 00:00,14.54545455
2019/3/28 00:00,26.98412698
2019/3/29 00:00,18.75
2019/3/30 00:00,-18.94736842
2019/3/31 00:00,-3.125
2019/4/1 00:00,-3.125
2019/4/2 00:00,6.451612903
2019/4/3 00:00,-4.545454545
2019/4/4 00:00,25.3968254
2019/4/5 00:00,18.98734177
2019/4/6 00:00,-13.82978723
2019/4/7 00:00,-22.22222222
2019/4/8 00:00,0
2019/4/9 00:00,-3.174603175
2019/4/10 00:00,6.557377049
2019/4/11 00:00,16.92307692
2019/4/12 00:00,31.57894737
2019/4/13 00:00,-25
2019/4/14 00:00,-17.33333333
2019/4/15 00:00,-1.612903226
2019/4/16 00:00,-1.639344262
2019/4/17 00:00,-5
2019/4/18 00:00,24.56140351
2019/4/19 00:00,-2.816901408
2019/4/20 00:00,2.898550725
2019/4/21 00:00,-4.225352113
2019/4/22 00:00,-10.29411765
2019/4/23 00:00,-6.557377049
2019/4/24 00:00,10.52631579
2019/4/25 00:00,23.80952381
2019/4/26 00:00,19.23076923
2019/4/27 00:00,-16.12903226
2019/4/28 00:00,-1.282051282
2019/4/29 00:00,-5.194805195
2019/4/30 00:00,-13.63636364
2019/5/1 00:00,-13.63636364
2019/5/2 00:00,21.05263158
2019/5/3 00:00,18.84057971
2019/5/4 00:00,-17.07317073
2019/5/5 00:00,0
2019/5/6 00:00,-13.23529412
2019/5/7 00:00,-8.474576271
2019/5/8 00:00,5.555555556
2019/5/9 00:00,24.56140351
2019/5/10 00:00,9.85915493
2019/5/11 00:00,-23.07692308
2019/5/12 00:00,-13.33333333
2019/5/13 00:00,3.846153846
2019/5/14 00:00,-3.703703704
2019/5/15 00:00,3.846153846
2019/5/16 00:00,16.66666667
2019/5/17 00:00,14.28571429
2019/5/18 00:00,-16.66666667
2019/5/19 00:00,-13.33333333
2019/5/20 00:00,3.846153846
2019/5/21 00:00,1.851851852
2019/5/22 00:00,-9.090909091
2019/5/23 00:00,26
2019/5/24 00:00,20.63492063
2019/5/25 00:00,-19.73684211
2019/5/26 00:00,-14.75409836
2019/5/27 00:00,1.923076923
2019/5/28 00:00,3.773584906
2019/5/29 00:00,1.818181818
2019/5/30 00:00,14.28571429
2019/5/31 00:00,-16.66666667
2019/6/1 00:00,-16.66666667
2019/6/2 00:00,-16.92307692
2019/6/3 00:00,5.555555556
2019/6/4 00:00,3.50877193
2019/6/5 00:00,-3.389830508
2019/6/6 00:00,12.28070175
2019/6/7 00:00,21.875
2019/6/8 00:00,-15.38461538
2019/6/9 00:00,-9.090909091
2019/6/10 00:00,-10
2019/6/11 00:00,5.555555556
2019/6/12 00:00,-5.263157895
2019/6/13 00:00,27.77777778
2019/6/14 00:00,44.92753623
2019/6/15 00:00,-31
2019/6/16 00:00,-15.94202899
2019/6/17 00:00,-5.172413793
2019/6/18 00:00,1.818181818
2019/6/19 00:00,0
2019/6/20 00:00,7.142857143
2019/6/21 00:00,-1.666666667
2019/6/22 00:00,15.25423729
2019/6/23 00:00,-17.64705882
2019/6/24 00:00,1.785714286
2019/6/25 00:00,0
2019/6/26 00:00,-3.50877193
2019/6/27 00:00,14.54545455
2019/6/28 00:00,1.587301587
2019/6/29 00:00,-6.25
2019/6/30 00:00,0
2019/7/1 00:00,0
2019/7/2 00:00,5.128205128
2019/7/3 00:00,0
2019/7/4 00:00,0
2019/7/5 00:00,12.19512195
2019/7/6 00:00,1.086956522
2019/7/7 00:00,-12.90322581
2019/7/8 00:00,-3.703703704
2019/7/9 00:00,5.128205128
2019/7/10 00:00,1.219512195
2019/7/11 00:00,-1.204819277
2019/7/12 00:00,15.85365854
2019/7/13 00:00,-2.105263158
2019/7/14 00:00,-9.677419355
2019/7/15 00:00,-2.380952381
2019/7/16 00:00,0
2019/7/17 00:00,2.43902439
2019/7/18 00:00,3.571428571
2019/7/19 00:00,12.64367816
2019/7/20 00:00,-6.12244898
2019/7/21 00:00,-10.86956522
2019/7/22 00:00,0
2019/7/23 00:00,-1.219512195
2019/7/24 00:00,1.234567901
2019/7/25 00:00,0
2019/7/26 00:00,21.95121951
2019/7/27 00:00,-1
2019/7/28 00:00,-16.16161616
2019/7/29 00:00,3.614457831
2019/7/30 00:00,-1.162790698
2019/7/31 00:00,5.797101449
2019/8/1 00:00,5.797101449
2019/8/2 00:00,9.589041096
2019/8/3 00:00,-7.5
2019/8/4 00:00,-2.702702703
2019/8/5 00:00,-8.333333333
2019/8/6 00:00,6.060606061
2019/8/7 00:00,7.142857143
2019/8/8 00:00,-1.333333333
2019/8/9 00:00,17.56756757
2019/8/10 00:00,-6.896551724
2019/8/11 00:00,-8.641975309
2019/8/12 00:00,0
2019/8/13 00:00,-5.405405405
2019/8/14 00:00,11.42857143
2019/8/15 00:00,-5.128205128
2019/8/16 00:00,10.81081081
2019/8/17 00:00,-2.43902439
2019/8/18 00:00,-11.25
2019/8/19 00:00,4.225352113
2019/8/20 00:00,-1.351351351
2019/8/21 00:00,-9.589041096
2019/8/22 00:00,10.60606061
2019/8/23 00:00,13.69863014
2019/8/24 00:00,-3.614457831
2019/8/25 00:00,-11.25
2019/8/26 00:00,4.225352113
2019/8/27 00:00,0
2019/8/28 00:00,-2.702702703
2019/8/29 00:00,-1.388888889
2019/8/30 00:00,14.08450704
2019/8/31 00:00,-7.594936709
2019/9/1 00:00,-7.594936709
2019/9/2 00:00,-1.369863014
2019/9/3 00:00,8.333333333
2019/9/4 00:00,-6.41025641
2019/9/5 00:00,5.479452055
2019/9/6 00:00,22.07792208
2019/9/7 00:00,-2.127659574
2019/9/8 00:00,-20.65217391
2019/9/9 00:00,6.849315068
2019/9/10 00:00,-6.41025641
2019/9/11 00:00,9.589041096
2019/9/12 00:00,0
2019/9/13 00:00,12.5
2019/9/14 00:00,-8.888888889
2019/9/15 00:00,-9.756097561
2019/9/16 00:00,9.459459459
2019/9/17 00:00,-6.172839506
2019/9/18 00:00,-2.631578947
2019/9/19 00:00,8.108108108
2019/9/20 00:00,17.5
2019/9/21 00:00,-7.446808511
2019/9/22 00:00,-17.24137931
2019/9/23 00:00,1.388888889
2019/9/24 00:00,-1.369863014
2019/9/25 00:00,9.722222222
2019/9/26 00:00,0
2019/9/27 00:00,22.78481013
2019/9/28 00:00,-2.06185567
2019/9/29 00:00,-18.94736842
2019/9/30 00:00,2.816901408
2019/10/1 00:00,2.816901408
2019/10/2 00:00,0
2019/10/3 00:00,5.479452055
2019/10/4 00:00,11.68831169
2019/10/5 00:00,-1.162790698
2019/10/6 00:00,-14.11764706
2019/10/7 00:00,1.369863014
2019/10/8 00:00,-1.351351351
2019/10/9 00:00,-12.32876712
2019/10/10 00:00,23.4375
2019/10/11 00:00,12.65822785
2019/10/12 00:00,-3.370786517
2019/10/13 00:00,-12.79069767
2019/10/14 00:00,-1.333333333
2019/10/15 00:00,-4.054054054
2019/10/16 00:00,0
2019/10/17 00:00,7.042253521
2019/10/18 00:00,26.31578947
2019/10/19 00:00,-13.54166667
2019/10/20 00:00,-9.638554217
2019/10/21 00:00,-6.666666667
2019/10/22 00:00,7.142857143
2019/10/23 00:00,1.333333333
2019/10/24 00:00,7.894736842
2019/10/25 00:00,14.63414634
2019/10/26 00:00,-10.63829787
2019/10/27 00:00,-14.28571429
2019/10/28 00:00,5.555555556
2019/10/29 00:00,-3.947368421
2019/10/30 00:00,4.109589041
2019/10/31 00:00,17.10526316
2019/11/1 00:00,17.10526316
2019/11/2 00:00,-7.865168539
2019/11/3 00:00,-12.19512195
2019/11/4 00:00,-6.944444444
2019/11/5 00:00,7.462686567
2019/11/6 00:00,2.777777778
2019/11/7 00:00,6.756756757
2019/11/8 00:00,16.4556962
2019/11/9 00:00,-5.434782609
2019/11/10 00:00,-14.94252874
2019/11/11 00:00,-5.405405405
2019/11/12 00:00,-1.428571429
2019/11/13 00:00,2.898550725
2019/11/14 00:00,8.450704225
2019/11/15 00:00,16.88311688
2019/11/16 00:00,-2.222222222
2019/11/17 00:00,-14.77272727
2019/11/18 00:00,0
2019/11/19 00:00,-2.666666667
2019/11/20 00:00,4.109589041
2019/11/21 00:00,11.84210526
2019/11/22 00:00,5.882352941
2019/11/23 00:00,-1.111111111
2019/11/24 00:00,-19.1011236
2019/11/25 00:00,1.388888889
2019/11/26 00:00,-4.109589041
2019/11/27 00:00,1.428571429
2019/11/28 00:00,1.408450704
2019/11/29 00:00,15.27777778
2019/11/30 00:00,-12.82051282
2019/12/1 00:00,-12.82051282
2019/12/2 00:00,-1.470588235
2019/12/3 00:00,11.94029851
2019/12/4 00:00,-2.666666667
2019/12/5 00:00,5.479452055
2019/12/6 00:00,12.98701299
2019/12/7 00:00,-3.448275862
2019/12/8 00:00,-15.47619048
2019/12/9 00:00,-2.816901408
2019/12/10 00:00,4.347826087
2019/12/11 00:00,4.166666667
2019/12/12 00:00,1.333333333
2019/12/13 00:00,17.10526316
2019/12/14 00:00,-5.617977528
2019/12/15 00:00,-14.28571429
2019/12/16 00:00,2.777777778
2019/12/17 00:00,-8.108108108
2019/12/18 00:00,5.882352941
2019/12/19 00:00,9.722222222
2019/12/20 00:00,10.12658228
2019/12/21 00:00,-5.747126437
2019/12/22 00:00,-4.87804878
2019/12/23 00:00,3.846153846
2019/12/24 00:00,4.938271605
2019/12/25 00:00,-11.76470588
2019/12/26 00:00,-2.666666667
2019/12/27 00:00,16.43835616
2019/12/28 00:00,4.705882353
2019/12/29 00:00,-12.35955056
2019/12/30 00:00,20.51282051
2019/12/31 00:00,-22.89156627
2020/1/1 00:00,-22.89156627
2020/1/2 00:00,-1.5625
2020/1/3 00:00,17.46031746
2020/1/4 00:00,-4.054054054
2020/1/5 00:00,-11.26760563
2020/1/6 00:00,7.936507937
2020/1/7 00:00,-1.470588235
2020/1/8 00:00,-4.47761194
2020/1/9 00:00,9.375
2020/1/10 00:00,20
2020/1/11 00:00,-9.523809524
2020/1/12 00:00,-14.47368421
2020/1/13 00:00,-6.153846154
2020/1/14 00:00,8.196721311
2020/1/15 00:00,0
2020/1/16 00:00,4.545454545
2020/1/17 00:00,20.28985507
2020/1/18 00:00,-10.84337349
2020/1/19 00:00,-14.86486486
2020/1/20 00:00,3.174603175
2020/1/21 00:00,1.538461538
2020/1/22 00:00,4.545454545
2020/1/23 00:00,2.898550725
2020/1/24 00:00,16.90140845
2020/1/25 00:00,-7.228915663
2020/1/26 00:00,-22.07792208
2020/1/27 00:00,0
2020/1/28 00:00,3.333333333
2020/1/29 00:00,1.612903226
2020/1/30 00:00,-1.587301587
2020/1/31 00:00,-6.666666667
2020/2/1 00:00,-6.666666667
2020/2/2 00:00,-8.571428571
2020/2/3 00:00,-4.6875
2020/2/4 00:00,-1.639344262
2020/2/5 00:00,1.666666667
2020/2/6 00:00,9.836065574
2020/2/7 00:00,13.43283582
2020/2/8 00:00,-3.947368421
2020/2/9 00:00,-20.54794521
2020/2/10 00:00,0
2020/2/11 00:00,3.448275862
2020/2/12 00:00,1.666666667
2020/2/13 00:00,8.196721311
2020/2/14 00:00,10.60606061
2020/2/15 00:00,1.369863014
2020/2/16 00:00,-14.86486486
2020/2/17 00:00,-1.587301587
2020/2/18 00:00,-4.838709677
2020/2/19 00:00,3.389830508
2020/2/20 00:00,26.2295082
2020/2/21 00:00,29.87012987
2020/2/22 00:00,-13
2020/2/23 00:00,-27.5862069
2020/2/24 00:00,-4.761904762
2020/2/25 00:00,-3.333333333
2020/2/26 00:00,0
2020/2/27 00:00,29.31034483
2020/2/28 00:00,14.66666667
2020/2/29 00:00,-21.31147541
2020/3/1 00:00,-21.31147541
2020/3/2 00:00,-6.25
2020/3/3 00:00,2.222222222
2020/3/4 00:00,-2.173913043
2020/3/5 00:00,31.11111111
2020/3/6 00:00,27.11864407
2020/3/7 00:00,-24
2020/3/8 00:00,-19.29824561
2020/3/9 00:00,0
2020/3/10 00:00,-8.695652174
2020/3/11 00:00,2.380952381
2020/3/12 00:00,13.95348837
2020/3/13 00:00,34.69387755
2020/3/14 00:00,-22.72727273
2020/3/15 00:00,-19.60784314
2020/3/16 00:00,0
2020/3/17 00:00,0
2020/3/18 00:00,14.63414634
2020/3/19 00:00,14.89361702
2020/3/20 00:00,22.22222222
2020/3/21 00:00,-21.21212121
2020/3/22 00:00,-17.30769231
2020/3/23 00:00,0
2020/3/24 00:00,2.325581395
2020/3/25 00:00,4.545454545
2020/3/26 00:00,30.43478261
2020/3/27 00:00,13.33333333
2020/3/28 00:00,-20.58823529
2020/3/29 00:00,-16.66666667
2020/3/30 00:00,2.222222222
2020/3/31 00:00,4.444444444
2020/4/1 00:00,4.444444444
2020/4/2 00:00,17.0212766
2020/4/3 00:00,20
2020/4/4 00:00,-18.18181818
2020/4/5 00:00,-16.66666667
2020/4/6 00:00,0
2020/4/7 00:00,2.222222222
2020/4/8 00:00,6.52173913
2020/4/9 00:00,14.28571429
2020/4/10 00:00,-8.928571429
2020/4/11 00:00,1.960784314
2020/4/12 00:00,-9.615384615
2020/4/13 00:00,-6.382978723
2020/4/14 00:00,4.545454545
2020/4/15 00:00,6.52173913
2020/4/16 00:00,18.36734694
2020/4/17 00:00,15.51724138
2020/4/18 00:00,14.92537313
2020/4/19 00:00,29.87012987
2020/4/20 00:00,-35
2020/4/21 00:00,-16.92307692
2020/4/22 00:00,1.851851852
2020/4/23 00:00,3.636363636
2020/4/24 00:00,12.28070175
2020/4/25 00:00,-3.125
2020/4/26 00:00,-3.225806452
2020/4/27 00:00,-8.333333333
2020/4/28 00:00,5.454545455
2020/4/29 00:00,-6.896551724
2020/4/30 00:00,2.272727273
2020/5/1 00:00,2.272727273
2020/5/2 00:00,-10
2020/5/3 00:00,-6.172839506
2020/5/4 00:00,-11.84210526
2020/5/5 00:00,-2.985074627
2020/5/6 00:00,-3.076923077
2020/5/7 00:00,22.22222222
2020/5/8 00:00,7.792207792
2020/5/9 00:00,-14.45783133
2020/5/10 00:00,1.408450704
2020/5/11 00:00,-9.722222222
2020/5/12 00:00,-4.615384615
2020/5/13 00:00,-4.838709677
2020/5/14 00:00,20.33898305
2020/5/15 00:00,19.71830986
2020/5/16 00:00,-10.58823529
2020/5/17 00:00,10.52631579
2020/5/18 00:00,-16.66666667
2020/5/19 00:00,4.285714286
2020/5/20 00:00,-9.589041096
2020/5/21 00:00,34.84848485
2020/5/22 00:00,12.35955056
2020/5/23 00:00,-25
2020/5/24 00:00,-10.66666667
2020/5/25 00:00,-8.955223881
2020/5/26 00:00,0
2020/5/27 00:00,3.278688525
2020/5/28 00:00,4.761904762
2020/5/29 00:00,7.575757576
2020/5/30 00:00,-9.85915493
2020/5/31 00:00,-2.409638554
2020/6/1 00:00,-2.409638554
2020/6/2 00:00,1.234567901
2020/6/3 00:00,1.219512195
2020/6/4 00:00,8.43373494
2020/6/5 00:00,11.11111111
2020/6/6 00:00,-6
2020/6/7 00:00,-12.76595745
2020/6/8 00:00,1.219512195
2020/6/9 00:00,4.819277108
2020/6/10 00:00,-3.448275862
2020/6/11 00:00,1.19047619
2020/6/12 00:00,5.882352941
2020/6/13 00:00,-3.333333333
2020/6/14 00:00,-8.045977011
2020/6/15 00:00,1.25
2020/6/16 00:00,1.234567901
2020/6/17 00:00,-1.219512195
2020/6/18 00:00,3.703703704
2020/6/19 00:00,9.523809524
2020/6/20 00:00,-3.260869565
2020/6/21 00:00,-11.23595506
2020/6/22 00:00,0
2020/6/23 00:00,5.063291139
2020/6/24 00:00,-1.204819277
2020/6/25 00:00,4.87804878
2020/6/26 00:00,11.62790698
2020/6/27 00:00,-3.125
2020/6/28 00:00,-15.05376344
2020/6/29 00:00,1.265822785
2020/6/30 00:00,-4.597701149
2020/7/1 00:00,-4.597701149
2020/7/2 00:00,10.84337349
2020/7/3 00:00,3.260869565
2020/7/4 00:00,0
2020/7/5 00:00,-17.89473684
2020/7/6 00:00,1.282051282
2020/7/7 00:00,8.860759494
2020/7/8 00:00,0
2020/7/9 00:00,3.488372093
2020/7/10 00:00,7.865168539
2020/7/11 00:00,-2.083333333
2020/7/12 00:00,-13.82978723
2020/7/13 00:00,7.407407407
2020/7/14 00:00,-5.747126437
2020/7/15 00:00,3.658536585
2020/7/16 00:00,5.882352941
2020/7/17 00:00,6.666666667
2020/7/18 00:00,3.125
2020/7/19 00:00,-18.18181818
2020/7/20 00:00,4.938271605
2020/7/21 00:00,-2.352941176
2020/7/22 00:00,-2.409638554
2020/7/23 00:00,8.641975309
2020/7/24 00:00,10.22727273
2020/7/25 00:00,-5.154639175
2020/7/26 00:00,-9.782608696
2020/7/27 00:00,0
2020/7/28 00:00,0
2020/7/29 00:00,-7.228915663
2020/7/30 00:00,12.98701299
2020/7/31 00:00,-2.222222222
2020/8/1 00:00,-2.222222222
2020/8/2 00:00,-10.22727273
2020/8/3 00:00,1.265822785
2020/8/4 00:00,5
2020/8/5 00:00,-8.333333333
2020/8/6 00:00,9.090909091
2020/8/7 00:00,11.9047619
2020/8/8 00:00,-4.255319149
2020/8/9 00:00,-10
2020/8/10 00:00,3.703703704
2020/8/11 00:00,0
2020/8/12 00:00,4.761904762
2020/8/13 00:00,-1.136363636
2020/8/14 00:00,5.747126437
2020/8/15 00:00,8.695652174
2020/8/16 00:00,-21
2020/8/17 00:00,5.063291139
2020/8/18 00:00,3.614457831
2020/8/19 00:00,-2.325581395
2020/8/20 00:00,2.380952381
2020/8/21 00:00,15.11627907
2020/8/22 00:00,-5.050505051
2020/8/23 00:00,-12.76595745
2020/8/24 00:00,-4.87804878
2020/8/25 00:00,8.974358974
2020/8/26 00:00,2.352941176
2020/8/27 00:00,1.149425287
2020/8/28 00:00,7.954545455
2020/8/29 00:00,1.052631579
2020/8/30 00:00,-13.54166667
2020/8/31 00:00,7.058823529
2020/9/1 00:00,7.058823529
2020/9/2 00:00,-8.791208791
2020/9/3 00:00,13.25301205
2020/9/4 00:00,6.382978723
2020/9/5 00:00,-3
2020/9/6 00:00,-12.37113402
2020/9/7 00:00,5.882352941
2020/9/8 00:00,-5.555555556
2020/9/9 00:00,2.352941176
2020/9/10 00:00,5.747126437
2020/9/11 00:00,6.52173913
2020/9/12 00:00,-3.06122449
2020/9/13 00:00,-8.421052632
2020/9/14 00:00,3.448275862
2020/9/15 00:00,-4.444444444
2020/9/16 00:00,-3.488372093
2020/9/17 00:00,8.43373494
2020/9/18 00:00,5.555555556
2020/9/19 00:00,-6.315789474
2020/9/20 00:00,-8.988764045
2020/9/21 00:00,0
2020/9/22 00:00,4.938271605
2020/9/23 00:00,-5.882352941
2020/9/24 00:00,8.75
2020/9/25 00:00,8.045977011
2020/9/26 00:00,-9.574468085
2020/9/27 00:00,-9.411764706
2020/9/28 00:00,3.896103896
2020/9/29 00:00,-5
2020/9/30 00:00,10.34482759
2020/10/1 00:00,10.34482759
2020/10/2 00:00,0
2020/10/3 00:00,-3.125
2020/10/4 00:00,-8.602150538
2020/10/5 00:00,10.58823529
2020/10/6 00:00,-3.191489362
2020/10/7 00:00,-4.395604396
2020/10/8 00:00,6.896551724
2020/10/9 00:00,7.52688172
2020/10/10 00:00,-7
2020/10/11 00:00,-7.52688172
2020/10/12 00:00,-5.813953488
2020/10/13 00:00,3.703703704
2020/10/14 00:00,3.571428571
2020/10/15 00:00,3.448275862
2020/10/16 00:00,10
2020/10/17 00:00,-6.060606061
2020/10/18 00:00,-10.75268817
2020/10/19 00:00,8.43373494
2020/10/20 00:00,-3.333333333
2020/10/21 00:00,-2.298850575
2020/10/22 00:00,5.882352941
2020/10/23 00:00,8.888888889
2020/10/24 00:00,-4.081632653
2020/10/25 00:00,-14.89361702
2020/10/26 00:00,2.5
2020/10/27 00:00,-1.219512195
2020/10/28 00:00,2.469135802
2020/10/29 00:00,3.614457831
2020/10/30 00:00,9.302325581
2020/10/31 00:00,-9.756097561
2020/11/1 00:00,-9.756097561
2020/11/2 00:00,1.351351351
2020/11/3 00:00,-16
2020/11/4 00:00,6.349206349
2020/11/5 00:00,10.44776119
2020/11/6 00:00,12.16216216
2020/11/7 00:00,-1.204819277
2020/11/8 00:00,-9.756097561
2020/11/9 00:00,-1.351351351
2020/11/10 00:00,0
2020/11/11 00:00,4.109589041
2020/11/12 00:00,2.631578947
2020/11/13 00:00,10.25641026
2020/11/14 00:00,0
2020/11/15 00:00,-13.95348837
2020/11/16 00:00,6.756756757
2020/11/17 00:00,0
2020/11/18 00:00,-2.53164557
2020/11/19 00:00,5.194805195
2020/11/20 00:00,12.34567901
2020/11/21 00:00,-3.296703297
2020/11/22 00:00,-13.63636364
2020/11/23 00:00,0
2020/11/24 00:00,1.315789474
2020/11/25 00:00,1.298701299
2020/11/26 00:00,2.564102564
2020/11/27 00:00,12.5
2020/11/28 00:00,0
2020/11/29 00:00,-18.88888889
2020/11/30 00:00,-1.470588235
2020/12/1 00:00,-1.470588235
2020/12/2 00:00,7.462686567
2020/12/3 00:00,5.555555556
2020/12/4 00:00,14.47368421
2020/12/5 00:00,-5.747126437
2020/12/6 00:00,-12.19512195
2020/12/7 00:00,0
2020/12/8 00:00,0
2020/12/9 00:00,-1.388888889
2020/12/10 00:00,4.225352113
2020/12/11 00:00,14.86486486
2020/12/12 00:00,-2.352941176
2020/12/13 00:00,-15.6626506
2020/12/14 00:00,0
2020/12/15 00:00,1.428571429
2020/12/16 00:00,-1.408450704
2020/12/17 00:00,7.142857143
2020/12/18 00:00,10.66666667
2020/12/19 00:00,-1.204819277
2020/12/20 00:00,-19.51219512
2020/12/21 00:00,1.515151515
2020/12/22 00:00,2.985074627
2020/12/23 00:00,4.347826087
2020/12/24 00:00,11.11111111
2020/12/25 00:00,1.25
2020/12/26 00:00,-1.234567901
2020/12/27 00:00,-13.75
2020/12/28 00:00,2.898550725
2020/12/29 00:00,4.225352113
2020/12/30 00:00,21.62162162
2020/12/31 00:00,-18.75
2021/1/1 00:00,-18.75
2021/1/2 00:00,-1.282051282
2021/1/3 00:00,-11.68831169
2021/1/4 00:00,-1.470588235
2021/1/5 00:00,-2.985074627
2021/1/6 00:00,1.538461538
2021/1/7 00:00,0
2021/1/8 00:00,10.60606061
2021/1/9 00:00,2.739726027
2021/1/10 00:00,-13.33333333
2021/1/11 00:00,3.076923077
2021/1/12 00:00,-4.47761194
2021/1/13 00:00,6.25
2021/1/14 00:00,1.470588235
2021/1/15 00:00,10.14492754
2021/1/16 00:00,2.631578947
2021/1/17 00:00,-17.94871795
2021/1/18 00:00,3.125
2021/1/19 00:00,-3.03030303
2021/1/20 00:00,4.6875
2021/1/21 00:00,5.970149254
2021/1/22 00:00,8.450704225
2021/1/23 00:00,-6.493506494
2021/1/24 00:00,-5.555555556
2021/1/25 00:00,-2.941176471
2021/1/26 00:00,-1.515151515
2021/1/27 00:00,6.153846154
2021/1/28 00:00,-5.797101449
2021/1/29 00:00,18.46153846
2021/1/30 00:00,-6.493506494
2021/1/31 00:00,11.11111111
2021/2/1 00:00,11.11111111
2021/2/2 00:00,-1.666666667
2021/2/3 00:00,0
2021/2/4 00:00,6.779661017
2021/2/5 00:00,7.936507937
2021/2/6 00:00,-1.470588235
2021/2/7 00:00,-16.41791045
2021/2/8 00:00,3.571428571
2021/2/9 00:00,0
2021/2/10 00:00,0
2021/2/11 00:00,5.172413793
2021/2/12 00:00,6.557377049
2021/2/13 00:00,-1.538461538
2021/2/14 00:00,-12.5
2021/2/15 00:00,-3.571428571
2021/2/16 00:00,1.851851852
2021/2/17 00:00,1.818181818
2021/2/18 00:00,12.5
2021/2/19 00:00,9.523809524
2021/2/20 00:00,-2.898550725
2021/2/21 00:00,-13.43283582
2021/2/22 00:00,0
2021/2/23 00:00,0
2021/2/24 00:00,1.724137931
2021/2/25 00:00,32.20338983
2021/2/26 00:00,12.82051282
2021/2/27 00:00,-15.90909091
2021/2/28 00:00,1.754385965
2021/3/1 00:00,1.754385965
2021/3/2 00:00,-1.724137931
2021/3/3 00:00,3.50877193
2021/3/4 00:00,35.59322034
2021/3/5 00:00,13.75
2021/3/6 00:00,-23.07692308
2021/3/7 00:00,-22.85714286
2021/3/8 00:00,9.259259259
2021/3/9 00:00,-5.084745763
2021/3/10 00:00,-1.785714286
2021/3/11 00:00,36.36363636
2021/3/12 00:00,21.33333333
2021/3/13 00:00,-24.17582418
2021/3/14 00:00,-20.28985507
2021/3/15 00:00,0
2021/3/16 00:00,3.636363636
2021/3/17 00:00,1.754385965
2021/3/18 00:00,27.5862069
2021/3/19 00:00,35.13513514
2021/3/20 00:00,-27
2021/3/21 00:00,-20.54794521
2021/3/22 00:00,-3.448275862
2021/3/23 00:00,0
2021/3/24 00:00,1.785714286
2021/3/25 00:00,21.05263158
2021/3/26 00:00,30.43478261
2021/3/27 00:00,-24.44444444
2021/3/28 00:00,-16.17647059
2021/3/29 00:00,0
2021/3/30 00:00,-7.01754386
2021/3/31 00:00,21.42857143
2021/4/1 00:00,21.42857143
2021/4/2 00:00,-5.882352941
2021/4/3 00:00,1.5625
2021/4/4 00:00,-13.84615385
2021/4/5 00:00,-3.571428571
2021/4/6 00:00,1.851851852
2021/4/7 00:00,3.636363636
2021/4/8 00:00,15.78947368
2021/4/9 00:00,28.78787879
2021/4/10 00:00,-16.47058824
2021/4/11 00:00,-19.71830986
2021/4/12 00:00,-5.263157895
2021/4/13 00:00,-1.851851852
2021/4/14 00:00,5.660377358
2021/4/15 00:00,16.07142857
2021/4/16 00:00,27.69230769
2021/4/17 00:00,-19.27710843
2021/4/18 00:00,-19.40298507
2021/4/19 00:00,0
2021/4/20 00:00,-1.851851852
2021/4/21 00:00,1.886792453
2021/4/22 00:00,33.33333333
2021/4/23 00:00,15.27777778
2021/4/24 00:00,-15.6626506
2021/4/25 00:00,-17.14285714
2021/4/26 00:00,-1.724137931
2021/4/27 00:00,1.754385965
2021/4/28 00:00,29.31034483
2021/4/29 00:00,1.333333333
2021/4/30 00:00,-28.57142857
2021/5/1 00:00,-28.57142857
2021/5/2 00:00,-7.692307692
2021/5/3 00:00,-8.333333333
2021/5/4 00:00,5.454545455
2021/5/5 00:00,-3.448275862
2021/5/6 00:00,25
2021/5/7 00:00,15.71428571
2021/5/8 00:00,-18.51851852
2021/5/9 00:00,-12.12121212
2021/5/10 00:00,-3.448275862
2021/5/11 00:00,-1.785714286
2021/5/12 00:00,9.090909091
2021/5/13 00:00,16.66666667
2021/5/14 00:00,37.14285714
2021/5/15 00:00,-21.875
2021/5/16 00:00,-22.66666667
2021/5/17 00:00,-3.448275862
2021/5/18 00:00,0
2021/5/19 00:00,0
2021/5/20 00:00,28.57142857
2021/5/21 00:00,22.22222222
2021/5/22 00:00,-18.18181818
2021/5/23 00:00,-13.88888889
2021/5/24 00:00,-6.451612903
2021/5/25 00:00,-1.724137931
2021/5/26 00:00,-1.754385965
2021/5/27 00:00,42.85714286
2021/5/28 00:00,25
2021/5/29 00:00,-32
2021/5/30 00:00,-16.17647059
2021/5/31 00:00,-3.333333333
2021/6/1 00:00,-3.333333333
2021/6/2 00:00,3.448275862
2021/6/3 00:00,28.33333333
2021/6/4 00:00,1.298701299
2021/6/5 00:00,-3.846153846
2021/6/6 00:00,-18.66666667
2021/6/7 00:00,-1.639344262
2021/6/8 00:00,-3.333333333
2021/6/9 00:00,5.172413793
2021/6/10 00:00,-4.918032787
2021/6/11 00:00,18.96551724
2021/6/12 00:00,-2.898550725
2021/6/13 00:00,-11.94029851
2021/6/14 00:00,-8.474576271
2021/6/15 00:00,5.555555556
2021/6/16 00:00,-3.50877193
2021/6/17 00:00,3.636363636
2021/6/18 00:00,14.03508772
2021/6/19 00:00,-1.538461538
2021/6/20 00:00,-14.0625
2021/6/21 00:00,5.454545455
2021/6/22 00:00,-5.172413793
2021/6/23 00:00,7.272727273
2021/6/24 00:00,3.389830508
2021/6/25 00:00,8.196721311
2021/6/26 00:00,3.03030303
2021/6/27 00:00,-17.64705882
2021/6/28 00:00,0
2021/6/29 00:00,0
2021/6/30 00:00,0
2021/7/1 00:00,0
2021/7/2 00:00,12.06896552
2021/7/3 00:00,1.538461538
2021/7/4 00:00,-12.12121212
2021/7/5 00:00,1.724137931
2021/7/6 00:00,0
2021/7/7 00:00,8.474576271
2021/7/8 00:00,56.25
2021/7/9 00:00,-13
2021/7/10 00:00,-13.79310345
2021/7/11 00:00,-13.33333333
2021/7/12 00:00,1.538461538
2021/7/13 00:00,-4.545454545
2021/7/14 00:00,-1.587301587
2021/7/15 00:00,1.612903226
2021/7/16 00:00,11.11111111
2021/7/17 00:00,-2.857142857
2021/7/18 00:00,-11.76470588
2021/7/19 00:00,3.333333333
2021/7/20 00:00,-3.225806452
2021/7/21 00:00,0
2021/7/22 00:00,5
2021/7/23 00:00,12.6984127
2021/7/24 00:00,-8.450704225
2021/7/25 00:00,-12.30769231
2021/7/26 00:00,0
2021/7/27 00:00,0
2021/7/28 00:00,1.754385965
2021/7/29 00:00,1.724137931
2021/7/30 00:00,10.16949153
2021/7/31 00:00,-6.024096386
2021/8/1 00:00,-6.024096386
2021/8/2 00:00,-6.41025641
2021/8/3 00:00,1.369863014
2021/8/4 00:00,-1.351351351
2021/8/5 00:00,9.589041096
2021/8/6 00:00,7.5
2021/8/7 00:00,1.162790698
2021/8/8 00:00,-17.24137931
2021/8/9 00:00,6.944444444
2021/8/10 00:00,1.298701299
2021/8/11 00:00,1.282051282
2021/8/12 00:00,1.265822785
2021/8/13 00:00,12.5
2021/8/14 00:00,0
2021/8/15 00:00,-16.66666667
2021/8/16 00:00,2.666666667
2021/8/17 00:00,-1.298701299
2021/8/18 00:00,0
2021/8/19 00:00,2.631578947
2021/8/20 00:00,8.974358974
2021/8/21 00:00,0
2021/8/22 00:00,-12.94117647
2021/8/23 00:00,14.86486486
2021/8/24 00:00,-8.235294118
2021/8/25 00:00,-1.282051282
2021/8/26 00:00,3.896103896
2021/8/27 00:00,13.75
2021/8/28 00:00,-6.593406593
2021/8/29 00:00,-8.235294118
2021/8/30 00:00,-5.128205128
2021/8/31 00:00,2.702702703
2021/9/1 00:00,2.702702703
2021/9/2 00:00,0
2021/9/3 00:00,17.10526316
2021/9/4 00:00,0
2021/9/5 00:00,-15.73033708
2021/9/6 00:00,0
2021/9/7 00:00,-4
2021/9/8 00:00,4.166666667
2021/9/9 00:00,5.333333333
2021/9/10 00:00,11.39240506
2021/9/11 00:00,-4.545454545
2021/9/12 00:00,-4.761904762
2021/9/13 00:00,-3.75
2021/9/14 00:00,3.896103896
2021/9/15 00:00,5
2021/9/16 00:00,3.571428571
2021/9/17 00:00,10.34482759
2021/9/18 00:00,-4.166666667
2021/9/19 00:00,-10.86956522
2021/9/20 00:00,-3.658536585
2021/9/21 00:00,0
2021/9/22 00:00,-2.53164557
2021/9/23 00:00,5.194805195
2021/9/24 00:00,12.34567901
2021/9/25 00:00,-3.296703297
2021/9/26 00:00,-13.63636364
2021/9/27 00:00,5.263157895
2021/9/28 00:00,-5
2021/9/29 00:00,1.315789474
2021/9/30 00:00,10.97560976
2021/10/1 00:00,10.97560976
2021/10/2 00:00,-5.494505495
2021/10/3 00:00,-18.60465116
2021/10/4 00:00,10
2021/10/5 00:00,0
2021/10/6 00:00,0
2021/10/7 00:00,2.597402597
2021/10/8 00:00,21.51898734
2021/10/9 00:00,4.166666667
2021/10/10 00:00,-18
2021/10/11 00:00,-7.317073171
2021/10/12 00:00,2.631578947
2021/10/13 00:00,3.846153846
2021/10/14 00:00,3.703703704
2021/10/15 00:00,9.523809524
2021/10/16 00:00,-2.173913043
2021/10/17 00:00,-17.77777778
2021/10/18 00:00,1.351351351
2021/10/19 00:00,-1.333333333
2021/10/20 00:00,2.702702703
2021/10/21 00:00,2.631578947
2021/10/22 00:00,14.1025641
2021/10/23 00:00,4.494382022
2021/10/24 00:00,-20.43010753
2021/10/25 00:00,2.702702703
2021/10/26 00:00,-2.631578947
2021/10/27 00:00,5.405405405
2021/10/28 00:00,2.564102564
2021/10/29 00:00,12.5
2021/10/30 00:00,-4.444444444
2021/10/31 00:00,-3.797468354
2021/11/1 00:00,-3.797468354
2021/11/2 00:00,1.315789474
2021/11/3 00:00,3.896103896
2021/11/4 00:00,3.75
2021/11/5 00:00,10.84337349
2021/11/6 00:00,6.52173913
2021/11/7 00:00,-21.42857143
2021/11/8 00:00,2.597402597
2021/11/9 00:00,-3.797468354
2021/11/10 00:00,6.578947368
2021/11/11 00:00,2.469135802
2021/11/12 00:00,20.48192771
2021/11/13 00:00,-7
2021/11/14 00:00,-16.12903226
2021/11/15 00:00,6.41025641
2021/11/16 00:00,-3.614457831
2021/11/17 00:00,-1.25
2021/11/18 00:00,0
2021/11/19 00:00,17.72151899
2021/11/20 00:00,0
2021/11/21 00:00,-12.90322581
2021/11/22 00:00,-3.703703704
2021/11/23 00:00,1.282051282
2021/11/24 00:00,-3.797468354
2021/11/25 00:00,10.52631579
2021/11/26 00:00,5.952380952
2021/11/27 00:00,4.494382022
2021/11/28 00:00,-12.90322581
2021/11/29 00:00,-3.703703704
2021/11/30 00:00,2.857142857
2021/12/1 00:00,2.857142857
2021/12/2 00:00,-1.388888889
2021/12/3 00:00,18.30985915
2021/12/4 00:00,-7.142857143
2021/12/5 00:00,-15.38461538
2021/12/6 00:00,0
2021/12/7 00:00,0
2021/12/8 00:00,4.545454545
2021/12/9 00:00,5.797101449
2021/12/10 00:00,13.69863014
2021/12/11 00:00,-3.614457831
2021/12/12 00:00,-16.25
2021/12/13 00:00,-1.492537313
2021/12/14 00:00,0
2021/12/15 00:00,-3.03030303
2021/12/16 00:00,4.6875
2021/12/17 00:00,20.89552239
2021/12/18 00:00,-7.407407407
2021/12/19 00:00,-14.66666667
2021/12/20 00:00,0
2021/12/21 00:00,0
2021/12/22 00:00,4.6875
2021/12/23 00:00,5.970149254
2021/12/24 00:00,8.450704225
2021/12/25 00:00,-1.298701299
2021/12/26 00:00,-9.210526316
2021/12/27 00:00,-4.347826087
2021/12/28 00:00,4.545454545
2021/12/29 00:00,-1.449275362
2021/12/30 00:00,17.64705882
2021/12/31 00:00,-13.04347826
2022/1/1 00:00,-13.04347826
2022/1/2 00:00,-13.75
2022/1/3 00:00,37.68115942
2022/1/4 00:00,-40
2022/1/5 00:00,5.263157895
2022/1/6 00:00,23.33333333
2022/1/7 00:00,8.108108108
2022/1/8 00:00,2.5
2022/1/9 00:00,-15.85365854
2022/1/10 00:00,1.449275362
2022/1/11 00:00,-1.428571429
2022/1/12 00:00,-20.28985507
2022/1/13 00:00,12.72727273
2022/1/14 00:00,38.70967742
2022/1/15 00:00,-19.76744186
2022/1/16 00:00,-8.695652174
2022/1/17 00:00,-7.936507937
2022/1/18 00:00,10.34482759
2022/1/19 00:00,0
2022/1/20 00:00,10.9375
2022/1/21 00:00,19.71830986
2022/1/22 00:00,-4.705882353
2022/1/23 00:00,-27.16049383
2022/1/24 00:00,0
2022/1/25 00:00,6.779661017
2022/1/26 00:00,0
2022/1/27 00:00,15.87301587
2022/1/28 00:00,17.80821918
2022/1/29 00:00,-5.813953488
2022/1/30 00:00,-16.04938272
2022/1/31 00:00,4.838709677
2022/2/1 00:00,4.838709677
2022/2/2 00:00,-1.538461538
2022/2/3 00:00,7.8125
2022/2/4 00:00,5.797101449
2022/2/5 00:00,0
2022/2/6 00:00,-8.219178082
2022/2/7 00:00,-4.47761194
2022/2/8 00:00,6.25
2022/2/9 00:00,-19.11764706
2022/2/10 00:00,23.63636364
2022/2/11 00:00,16.17647059
2022/2/12 00:00,1.265822785
2022/2/13 00:00,-10
2022/2/14 00:00,-4.166666667
2022/2/15 00:00,0
2022/2/16 00:00,0
2022/2/17 00:00,30.43478261
2022/2/18 00:00,4.444444444
2022/2/19 00:00,-9.574468085
2022/2/20 00:00,-14.11764706
2022/2/21 00:00,5.479452055
2022/2/22 00:00,-9.090909091
2022/2/23 00:00,-7.142857143
2022/2/24 00:00,20
2022/2/25 00:00,15.38461538
2022/2/26 00:00,-11.11111111
2022/2/27 00:00,-16.25
2022/2/28 00:00,0
2022/3/1 00:00,0
2022/3/2 00:00,1.515151515
2022/3/3 00:00,20.89552239
2022/3/4 00:00,17.28395062
2022/3/5 00:00,-15.78947368
2022/3/6 00:00,-17.5
2022/3/7 00:00,3.03030303
2022/3/8 00:00,-4.411764706
2022/3/9 00:00,7.692307692
2022/3/10 00:00,12.85714286
2022/3/11 00:00,13.92405063
2022/3/12 00:00,-8.888888889
2022/3/13 00:00,-17.07317073
2022/3/14 00:00,-5.882352941
2022/3/15 00:00,-1.5625
2022/3/16 00:00,4.761904762
2022/3/17 00:00,13.63636364
2022/3/18 00:00,30.66666667
2022/3/19 00:00,-20.40816327
2022/3/20 00:00,-8.974358974
2022/3/21 00:00,-8.450704225
2022/3/22 00:00,-1.538461538
2022/3/23 00:00,3.125
2022/3/24 00:00,22.72727273
2022/3/25 00:00,14.81481481
2022/3/26 00:00,-13.97849462
2022/3/27 00:00,-18.75
2022/3/28 00:00,0
2022/3/29 00:00,0
2022/3/30 00:00,6.153846154
2022/3/31 00:00,6.153846154
