,date,AAPL_monthly
0,2015-04-01 00:00:00,-95
1,2015-04-02 00:00:00,94
2,2015-04-03 00:00:00,2
3,2015-04-04 00:00:00,-11
4,2015-04-05 00:00:00,87
5,2015-04-06 00:00:00,29
6,2015-04-07 00:00:00,88
7,2015-04-08 00:00:00,-58
8,2015-04-09 00:00:00,-99
9,2015-04-10 00:00:00,-48
10,2015-04-11 00:00:00,-93
11,2015-04-12 00:00:00,75
12,2015-04-13 00:00:00,-23
13,2015-04-14 00:00:00,1
14,2015-04-15 00:00:00,14
15,2015-04-16 00:00:00,94
16,2015-04-17 00:00:00,-9
17,2015-04-18 00:00:00,-4
18,2015-04-19 00:00:00,10
19,2015-04-20 00:00:00,29
20,2015-04-21 00:00:00,68
21,2015-04-22 00:00:00,79
22,2015-04-23 00:00:00,98
23,2015-04-24 00:00:00,5
24,2015-04-25 00:00:00,13
25,2015-04-26 00:00:00,10
26,2015-04-27 00:00:00,23
27,2015-04-28 00:00:00,73
28,2015-04-29 00:00:00,-28
29,2015-04-30 00:00:00,94
30,2015-05-01 00:00:00,-22
31,2015-05-02 00:00:00,-68
32,2015-05-03 00:00:00,98
33,2015-05-04 00:00:00,43
34,2015-05-05 00:00:00,-40
35,2015-05-06 00:00:00,-21
36,2015-05-07 00:00:00,40
37,2015-05-08 00:00:00,-79
38,2015-05-09 00:00:00,-52
39,2015-05-10 00:00:00,11
40,2015-05-11 00:00:00,22
41,2015-05-12 00:00:00,62
42,2015-05-13 00:00:00,-85
43,2015-05-14 00:00:00,40
44,2015-05-15 00:00:00,84
45,2015-05-16 00:00:00,-92
46,2015-05-17 00:00:00,79
47,2015-05-18 00:00:00,59
48,2015-05-19 00:00:00,-77
49,2015-05-20 00:00:00,-84
50,2015-05-21 00:00:00,65
51,2015-05-22 00:00:00,-20
52,2015-05-23 00:00:00,-14
53,2015-05-24 00:00:00,70
54,2015-05-25 00:00:00,-39
55,2015-05-26 00:00:00,-8
56,2015-05-27 00:00:00,5
57,2015-05-28 00:00:00,85
58,2015-05-29 00:00:00,-42
59,2015-05-30 00:00:00,-82
60,2015-05-31 00:00:00,80
61,2015-06-01 00:00:00,8
62,2015-06-02 00:00:00,47
63,2015-06-03 00:00:00,-19
64,2015-06-04 00:00:00,19
65,2015-06-05 00:00:00,-4
66,2015-06-06 00:00:00,-5
67,2015-06-07 00:00:00,46
68,2015-06-08 00:00:00,44
69,2015-06-09 00:00:00,71
70,2015-06-10 00:00:00,35
71,2015-06-11 00:00:00,47
72,2015-06-12 00:00:00,38
73,2015-06-13 00:00:00,-52
74,2015-06-14 00:00:00,23
75,2015-06-15 00:00:00,14
76,2015-06-16 00:00:00,-28
77,2015-06-17 00:00:00,-92
78,2015-06-18 00:00:00,-30
79,2015-06-19 00:00:00,30
80,2015-06-20 00:00:00,12
81,2015-06-21 00:00:00,44
82,2015-06-22 00:00:00,-29
83,2015-06-23 00:00:00,52
84,2015-06-24 00:00:00,26
85,2015-06-25 00:00:00,23
86,2015-06-26 00:00:00,45
87,2015-06-27 00:00:00,54
88,2015-06-28 00:00:00,47
89,2015-06-29 00:00:00,90
90,2015-06-30 00:00:00,87
91,2015-07-01 00:00:00,100
92,2015-07-02 00:00:00,-97
93,2015-07-03 00:00:00,-57
94,2015-07-04 00:00:00,64
95,2015-07-05 00:00:00,11
96,2015-07-06 00:00:00,66
97,2015-07-07 00:00:00,27
98,2015-07-08 00:00:00,14
99,2015-07-09 00:00:00,-30
100,2015-07-10 00:00:00,-49
101,2015-07-11 00:00:00,16
102,2015-07-12 00:00:00,60
103,2015-07-13 00:00:00,-11
104,2015-07-14 00:00:00,2
105,2015-07-15 00:00:00,96
106,2015-07-16 00:00:00,-15
107,2015-07-17 00:00:00,-31
108,2015-07-18 00:00:00,79
109,2015-07-19 00:00:00,26
110,2015-07-20 00:00:00,86
111,2015-07-21 00:00:00,-27
112,2015-07-22 00:00:00,77
113,2015-07-23 00:00:00,44
114,2015-07-24 00:00:00,-41
115,2015-07-25 00:00:00,6
116,2015-07-26 00:00:00,-54
117,2015-07-27 00:00:00,-83
118,2015-07-28 00:00:00,-49
119,2015-07-29 00:00:00,85
120,2015-07-30 00:00:00,-69
121,2015-07-31 00:00:00,99
122,2015-08-01 00:00:00,-21
123,2015-08-02 00:00:00,68
124,2015-08-03 00:00:00,-77
125,2015-08-04 00:00:00,-49
126,2015-08-05 00:00:00,23
127,2015-08-06 00:00:00,-42
128,2015-08-07 00:00:00,44
129,2015-08-08 00:00:00,-46
130,2015-08-09 00:00:00,-31
131,2015-08-10 00:00:00,29
132,2015-08-11 00:00:00,85
133,2015-08-12 00:00:00,-72
134,2015-08-13 00:00:00,-24
135,2015-08-14 00:00:00,47
136,2015-08-15 00:00:00,-57
137,2015-08-16 00:00:00,-60
138,2015-08-17 00:00:00,35
139,2015-08-18 00:00:00,-76
140,2015-08-19 00:00:00,42
141,2015-08-20 00:00:00,12
142,2015-08-21 00:00:00,-6
143,2015-08-22 00:00:00,3
144,2015-08-23 00:00:00,-80
145,2015-08-24 00:00:00,13
146,2015-08-25 00:00:00,-97
147,2015-08-26 00:00:00,82
148,2015-08-27 00:00:00,21
149,2015-08-28 00:00:00,-8
150,2015-08-29 00:00:00,-66
151,2015-08-30 00:00:00,-2
152,2015-08-31 00:00:00,-11
153,2015-09-01 00:00:00,49
154,2015-09-02 00:00:00,-35
155,2015-09-03 00:00:00,-5
156,2015-09-04 00:00:00,-65
157,2015-09-05 00:00:00,49
158,2015-09-06 00:00:00,-89
159,2015-09-07 00:00:00,67
160,2015-09-08 00:00:00,-67
161,2015-09-09 00:00:00,-43
162,2015-09-10 00:00:00,-27
163,2015-09-11 00:00:00,64
164,2015-09-12 00:00:00,-91
165,2015-09-13 00:00:00,-86
166,2015-09-14 00:00:00,81
167,2015-09-15 00:00:00,6
168,2015-09-16 00:00:00,94
169,2015-09-17 00:00:00,59
170,2015-09-18 00:00:00,84
171,2015-09-19 00:00:00,28
172,2015-09-20 00:00:00,-41
173,2015-09-21 00:00:00,79
174,2015-09-22 00:00:00,14
175,2015-09-23 00:00:00,39
176,2015-09-24 00:00:00,27
177,2015-09-25 00:00:00,-48
178,2015-09-26 00:00:00,-27
179,2015-09-27 00:00:00,-22
180,2015-09-28 00:00:00,63
181,2015-09-29 00:00:00,96
182,2015-09-30 00:00:00,-12
183,2015-10-01 00:00:00,68
184,2015-10-02 00:00:00,-10
185,2015-10-03 00:00:00,82
186,2015-10-04 00:00:00,-8
187,2015-10-05 00:00:00,-46
188,2015-10-06 00:00:00,31
189,2015-10-07 00:00:00,-13
190,2015-10-08 00:00:00,1
191,2015-10-09 00:00:00,80
192,2015-10-10 00:00:00,-14
193,2015-10-11 00:00:00,-86
194,2015-10-12 00:00:00,-67
195,2015-10-13 00:00:00,79
196,2015-10-14 00:00:00,-63
197,2015-10-15 00:00:00,-65
198,2015-10-16 00:00:00,87
199,2015-10-17 00:00:00,-78
200,2015-10-18 00:00:00,-77
201,2015-10-19 00:00:00,59
202,2015-10-20 00:00:00,-31
203,2015-10-21 00:00:00,-97
204,2015-10-22 00:00:00,-89
205,2015-10-23 00:00:00,35
206,2015-10-24 00:00:00,58
207,2015-10-25 00:00:00,62
208,2015-10-26 00:00:00,-50
209,2015-10-27 00:00:00,76
210,2015-10-28 00:00:00,-100
211,2015-10-29 00:00:00,23
212,2015-10-30 00:00:00,49
213,2015-10-31 00:00:00,21
214,2015-11-01 00:00:00,60
215,2015-11-02 00:00:00,41
216,2015-11-03 00:00:00,84
217,2015-11-04 00:00:00,58
218,2015-11-05 00:00:00,-12
219,2015-11-06 00:00:00,-57
220,2015-11-07 00:00:00,19
221,2015-11-08 00:00:00,14
222,2015-11-09 00:00:00,40
223,2015-11-10 00:00:00,56
224,2015-11-11 00:00:00,9
225,2015-11-12 00:00:00,-2
226,2015-11-13 00:00:00,-59
227,2015-11-14 00:00:00,81
228,2015-11-15 00:00:00,13
229,2015-11-16 00:00:00,-17
230,2015-11-17 00:00:00,-18
231,2015-11-18 00:00:00,67
232,2015-11-19 00:00:00,-34
233,2015-11-20 00:00:00,-11
234,2015-11-21 00:00:00,-100
235,2015-11-22 00:00:00,91
236,2015-11-23 00:00:00,56
237,2015-11-24 00:00:00,13
238,2015-11-25 00:00:00,-21
239,2015-11-26 00:00:00,39
240,2015-11-27 00:00:00,91
241,2015-11-28 00:00:00,84
242,2015-11-29 00:00:00,35
243,2015-11-30 00:00:00,-36
244,2015-12-01 00:00:00,-44
245,2015-12-02 00:00:00,-60
246,2015-12-03 00:00:00,82
247,2015-12-04 00:00:00,94
248,2015-12-05 00:00:00,52
249,2015-12-06 00:00:00,-33
250,2015-12-07 00:00:00,-28
251,2015-12-08 00:00:00,-84
252,2015-12-09 00:00:00,54
253,2015-12-10 00:00:00,-65
254,2015-12-11 00:00:00,88
255,2015-12-12 00:00:00,-30
256,2015-12-13 00:00:00,-11
257,2015-12-14 00:00:00,-10
258,2015-12-15 00:00:00,-2
259,2015-12-16 00:00:00,52
260,2015-12-17 00:00:00,55
261,2015-12-18 00:00:00,26
262,2015-12-19 00:00:00,-39
263,2015-12-20 00:00:00,7
264,2015-12-21 00:00:00,46
265,2015-12-22 00:00:00,-82
266,2015-12-23 00:00:00,77
267,2015-12-24 00:00:00,-41
268,2015-12-25 00:00:00,23
269,2015-12-26 00:00:00,-24
270,2015-12-27 00:00:00,84
271,2015-12-28 00:00:00,61
272,2015-12-29 00:00:00,-3
273,2015-12-30 00:00:00,-48
274,2015-12-31 00:00:00,-5
275,2016-01-01 00:00:00,3
276,2016-01-02 00:00:00,19
277,2016-01-03 00:00:00,-53
278,2016-01-04 00:00:00,-15
279,2016-01-05 00:00:00,-36
280,2016-01-06 00:00:00,-58
281,2016-01-07 00:00:00,-13
282,2016-01-08 00:00:00,-82
283,2016-01-09 00:00:00,-24
284,2016-01-10 00:00:00,62
285,2016-01-11 00:00:00,-68
286,2016-01-12 00:00:00,-9
287,2016-01-13 00:00:00,-76
288,2016-01-14 00:00:00,72
289,2016-01-15 00:00:00,52
290,2016-01-16 00:00:00,-49
291,2016-01-17 00:00:00,15
292,2016-01-18 00:00:00,18
293,2016-01-19 00:00:00,32
294,2016-01-20 00:00:00,25
295,2016-01-21 00:00:00,-76
296,2016-01-22 00:00:00,42
297,2016-01-23 00:00:00,-10
298,2016-01-24 00:00:00,-7
299,2016-01-25 00:00:00,-91
300,2016-01-26 00:00:00,41
301,2016-01-27 00:00:00,91
302,2016-01-28 00:00:00,-45
303,2016-01-29 00:00:00,-79
304,2016-01-30 00:00:00,78
305,2016-01-31 00:00:00,-4
306,2016-02-01 00:00:00,-41
307,2016-02-02 00:00:00,-87
308,2016-02-03 00:00:00,-38
309,2016-02-04 00:00:00,54
310,2016-02-05 00:00:00,-45
311,2016-02-06 00:00:00,-75
312,2016-02-07 00:00:00,56
313,2016-02-08 00:00:00,41
314,2016-02-09 00:00:00,-20
315,2016-02-10 00:00:00,-5
316,2016-02-11 00:00:00,-78
317,2016-02-12 00:00:00,8
318,2016-02-13 00:00:00,46
319,2016-02-14 00:00:00,-98
320,2016-02-15 00:00:00,93
321,2016-02-16 00:00:00,99
322,2016-02-17 00:00:00,35
323,2016-02-18 00:00:00,-40
324,2016-02-19 00:00:00,-41
325,2016-02-20 00:00:00,-8
326,2016-02-21 00:00:00,14
327,2016-02-22 00:00:00,60
328,2016-02-23 00:00:00,-62
329,2016-02-24 00:00:00,-76
330,2016-02-25 00:00:00,81
331,2016-02-26 00:00:00,-57
332,2016-02-27 00:00:00,-59
333,2016-02-28 00:00:00,-86
334,2016-02-29 00:00:00,-99
335,2016-03-01 00:00:00,-63
336,2016-03-02 00:00:00,17
337,2016-03-03 00:00:00,22
338,2016-03-04 00:00:00,84
339,2016-03-05 00:00:00,0
340,2016-03-06 00:00:00,24
341,2016-03-07 00:00:00,37
342,2016-03-08 00:00:00,-49
343,2016-03-09 00:00:00,35
344,2016-03-10 00:00:00,19
345,2016-03-11 00:00:00,82
346,2016-03-12 00:00:00,43
347,2016-03-13 00:00:00,59
348,2016-03-14 00:00:00,-45
349,2016-03-15 00:00:00,-54
350,2016-03-16 00:00:00,69
351,2016-03-17 00:00:00,91
352,2016-03-18 00:00:00,84
353,2016-03-19 00:00:00,26
354,2016-03-20 00:00:00,52
355,2016-03-21 00:00:00,-10
356,2016-03-22 00:00:00,95
357,2016-03-23 00:00:00,-19
358,2016-03-24 00:00:00,-38
359,2016-03-25 00:00:00,85
360,2016-03-26 00:00:00,54
361,2016-03-27 00:00:00,-98
362,2016-03-28 00:00:00,-73
363,2016-03-29 00:00:00,91
364,2016-03-30 00:00:00,96
365,2016-03-31 00:00:00,71
366,2016-04-01 00:00:00,17
367,2016-04-02 00:00:00,95
368,2016-04-03 00:00:00,63
369,2016-04-04 00:00:00,-70
370,2016-04-05 00:00:00,43
371,2016-04-06 00:00:00,-87
372,2016-04-07 00:00:00,8
373,2016-04-08 00:00:00,97
374,2016-04-09 00:00:00,72
375,2016-04-10 00:00:00,63
376,2016-04-11 00:00:00,-63
377,2016-04-12 00:00:00,-77
378,2016-04-13 00:00:00,-91
379,2016-04-14 00:00:00,71
380,2016-04-15 00:00:00,-86
381,2016-04-16 00:00:00,24
382,2016-04-17 00:00:00,34
383,2016-04-18 00:00:00,55
384,2016-04-19 00:00:00,90
385,2016-04-20 00:00:00,84
386,2016-04-21 00:00:00,-46
387,2016-04-22 00:00:00,84
388,2016-04-23 00:00:00,43
389,2016-04-24 00:00:00,-45
390,2016-04-25 00:00:00,99
391,2016-04-26 00:00:00,-100
392,2016-04-27 00:00:00,-70
393,2016-04-28 00:00:00,78
394,2016-04-29 00:00:00,-95
395,2016-04-30 00:00:00,-79
396,2016-05-01 00:00:00,-59
397,2016-05-02 00:00:00,-69
398,2016-05-03 00:00:00,99
399,2016-05-04 00:00:00,-93
400,2016-05-05 00:00:00,55
401,2016-05-06 00:00:00,10
402,2016-05-07 00:00:00,83
403,2016-05-08 00:00:00,-65
404,2016-05-09 00:00:00,-78
405,2016-05-10 00:00:00,-12
406,2016-05-11 00:00:00,-34
407,2016-05-12 00:00:00,-51
408,2016-05-13 00:00:00,-21
409,2016-05-14 00:00:00,94
410,2016-05-15 00:00:00,40
411,2016-05-16 00:00:00,18
412,2016-05-17 00:00:00,75
413,2016-05-18 00:00:00,93
414,2016-05-19 00:00:00,0
415,2016-05-20 00:00:00,-61
416,2016-05-21 00:00:00,77
417,2016-05-22 00:00:00,86
418,2016-05-23 00:00:00,30
419,2016-05-24 00:00:00,84
420,2016-05-25 00:00:00,25
421,2016-05-26 00:00:00,31
422,2016-05-27 00:00:00,-39
423,2016-05-28 00:00:00,-46
424,2016-05-29 00:00:00,23
425,2016-05-30 00:00:00,-9
426,2016-05-31 00:00:00,2
427,2016-06-01 00:00:00,-24
428,2016-06-02 00:00:00,37
429,2016-06-03 00:00:00,-43
430,2016-06-04 00:00:00,-99
431,2016-06-05 00:00:00,-88
432,2016-06-06 00:00:00,21
433,2016-06-07 00:00:00,4
434,2016-06-08 00:00:00,-42
435,2016-06-09 00:00:00,88
436,2016-06-10 00:00:00,-65
437,2016-06-11 00:00:00,94
438,2016-06-12 00:00:00,98
439,2016-06-13 00:00:00,90
440,2016-06-14 00:00:00,26
441,2016-06-15 00:00:00,-89
442,2016-06-16 00:00:00,98
443,2016-06-17 00:00:00,21
444,2016-06-18 00:00:00,-62
445,2016-06-19 00:00:00,81
446,2016-06-20 00:00:00,32
447,2016-06-21 00:00:00,56
448,2016-06-22 00:00:00,-79
449,2016-06-23 00:00:00,-5
450,2016-06-24 00:00:00,-49
451,2016-06-25 00:00:00,100
452,2016-06-26 00:00:00,-74
453,2016-06-27 00:00:00,82
454,2016-06-28 00:00:00,40
455,2016-06-29 00:00:00,90
456,2016-06-30 00:00:00,-93
457,2016-07-01 00:00:00,52
458,2016-07-02 00:00:00,92
459,2016-07-03 00:00:00,-53
460,2016-07-04 00:00:00,-65
461,2016-07-05 00:00:00,-100
462,2016-07-06 00:00:00,87
463,2016-07-07 00:00:00,82
464,2016-07-08 00:00:00,-97
465,2016-07-09 00:00:00,-51
466,2016-07-10 00:00:00,-29
467,2016-07-11 00:00:00,-95
468,2016-07-12 00:00:00,-71
469,2016-07-13 00:00:00,34
470,2016-07-14 00:00:00,84
471,2016-07-15 00:00:00,34
472,2016-07-16 00:00:00,52
473,2016-07-17 00:00:00,15
474,2016-07-18 00:00:00,-70
475,2016-07-19 00:00:00,11
476,2016-07-20 00:00:00,-69
477,2016-07-21 00:00:00,-7
478,2016-07-22 00:00:00,53
479,2016-07-23 00:00:00,-13
480,2016-07-24 00:00:00,-22
481,2016-07-25 00:00:00,-55
482,2016-07-26 00:00:00,6
483,2016-07-27 00:00:00,12
484,2016-07-28 00:00:00,-68
485,2016-07-29 00:00:00,2
486,2016-07-30 00:00:00,45
487,2016-07-31 00:00:00,34
488,2016-08-01 00:00:00,-11
489,2016-08-02 00:00:00,-97
490,2016-08-03 00:00:00,-71
491,2016-08-04 00:00:00,77
492,2016-08-05 00:00:00,51
493,2016-08-06 00:00:00,77
494,2016-08-07 00:00:00,87
495,2016-08-08 00:00:00,11
496,2016-08-09 00:00:00,22
497,2016-08-10 00:00:00,76
498,2016-08-11 00:00:00,-91
499,2016-08-12 00:00:00,44
500,2016-08-13 00:00:00,-90
501,2016-08-14 00:00:00,-55
502,2016-08-15 00:00:00,-81
503,2016-08-16 00:00:00,-15
504,2016-08-17 00:00:00,-13
505,2016-08-18 00:00:00,-27
506,2016-08-19 00:00:00,97
507,2016-08-20 00:00:00,12
508,2016-08-21 00:00:00,97
509,2016-08-22 00:00:00,13
510,2016-08-23 00:00:00,10
511,2016-08-24 00:00:00,28
512,2016-08-25 00:00:00,-66
513,2016-08-26 00:00:00,13
514,2016-08-27 00:00:00,63
515,2016-08-28 00:00:00,18
516,2016-08-29 00:00:00,-43
517,2016-08-30 00:00:00,59
518,2016-08-31 00:00:00,14
519,2016-09-01 00:00:00,9
520,2016-09-02 00:00:00,38
521,2016-09-03 00:00:00,-13
522,2016-09-04 00:00:00,-33
523,2016-09-05 00:00:00,64
524,2016-09-06 00:00:00,26
525,2016-09-07 00:00:00,-97
526,2016-09-08 00:00:00,58
527,2016-09-09 00:00:00,16
528,2016-09-10 00:00:00,7
529,2016-09-11 00:00:00,54
530,2016-09-12 00:00:00,73
531,2016-09-13 00:00:00,-72
532,2016-09-14 00:00:00,0
533,2016-09-15 00:00:00,39
534,2016-09-16 00:00:00,95
535,2016-09-17 00:00:00,-32
536,2016-09-18 00:00:00,65
537,2016-09-19 00:00:00,-99
538,2016-09-20 00:00:00,70
539,2016-09-21 00:00:00,78
540,2016-09-22 00:00:00,-26
541,2016-09-23 00:00:00,64
542,2016-09-24 00:00:00,17
543,2016-09-25 00:00:00,71
544,2016-09-26 00:00:00,4
545,2016-09-27 00:00:00,-84
546,2016-09-28 00:00:00,-89
547,2016-09-29 00:00:00,-60
548,2016-09-30 00:00:00,-71
549,2016-10-01 00:00:00,88
550,2016-10-02 00:00:00,53
551,2016-10-03 00:00:00,3
552,2016-10-04 00:00:00,72
553,2016-10-05 00:00:00,90
554,2016-10-06 00:00:00,-10
555,2016-10-07 00:00:00,1
556,2016-10-08 00:00:00,53
557,2016-10-09 00:00:00,-68
558,2016-10-10 00:00:00,-91
559,2016-10-11 00:00:00,-76
560,2016-10-12 00:00:00,-32
561,2016-10-13 00:00:00,-2
562,2016-10-14 00:00:00,69
563,2016-10-15 00:00:00,12
564,2016-10-16 00:00:00,-48
565,2016-10-17 00:00:00,50
566,2016-10-18 00:00:00,-81
567,2016-10-19 00:00:00,8
568,2016-10-20 00:00:00,3
569,2016-10-21 00:00:00,-32
570,2016-10-22 00:00:00,92
571,2016-10-23 00:00:00,37
572,2016-10-24 00:00:00,-97
573,2016-10-25 00:00:00,21
574,2016-10-26 00:00:00,-74
575,2016-10-27 00:00:00,31
576,2016-10-28 00:00:00,-58
577,2016-10-29 00:00:00,24
578,2016-10-30 00:00:00,51
579,2016-10-31 00:00:00,-11
580,2016-11-01 00:00:00,3
581,2016-11-02 00:00:00,64
582,2016-11-03 00:00:00,-46
583,2016-11-04 00:00:00,96
584,2016-11-05 00:00:00,-8
585,2016-11-06 00:00:00,-68
586,2016-11-07 00:00:00,-98
587,2016-11-08 00:00:00,-14
588,2016-11-09 00:00:00,50
589,2016-11-10 00:00:00,20
590,2016-11-11 00:00:00,-28
591,2016-11-12 00:00:00,66
592,2016-11-13 00:00:00,-91
593,2016-11-14 00:00:00,9
594,2016-11-15 00:00:00,17
595,2016-11-16 00:00:00,-67
596,2016-11-17 00:00:00,48
597,2016-11-18 00:00:00,42
598,2016-11-19 00:00:00,-36
599,2016-11-20 00:00:00,-39
600,2016-11-21 00:00:00,-72
601,2016-11-22 00:00:00,60
602,2016-11-23 00:00:00,93
603,2016-11-24 00:00:00,60
604,2016-11-25 00:00:00,65
605,2016-11-26 00:00:00,43
606,2016-11-27 00:00:00,60
607,2016-11-28 00:00:00,38
608,2016-11-29 00:00:00,23
609,2016-11-30 00:00:00,-31
610,2016-12-01 00:00:00,-46
611,2016-12-02 00:00:00,48
612,2016-12-03 00:00:00,69
613,2016-12-04 00:00:00,11
614,2016-12-05 00:00:00,-14
615,2016-12-06 00:00:00,30
616,2016-12-07 00:00:00,2
617,2016-12-08 00:00:00,-17
618,2016-12-09 00:00:00,90
619,2016-12-10 00:00:00,-54
620,2016-12-11 00:00:00,4
621,2016-12-12 00:00:00,84
622,2016-12-13 00:00:00,71
623,2016-12-14 00:00:00,-40
624,2016-12-15 00:00:00,93
625,2016-12-16 00:00:00,12
626,2016-12-17 00:00:00,14
627,2016-12-18 00:00:00,85
628,2016-12-19 00:00:00,-59
629,2016-12-20 00:00:00,-11
630,2016-12-21 00:00:00,42
631,2016-12-22 00:00:00,45
632,2016-12-23 00:00:00,-21
633,2016-12-24 00:00:00,-70
634,2016-12-25 00:00:00,-8
635,2016-12-26 00:00:00,-40
636,2016-12-27 00:00:00,96
637,2016-12-28 00:00:00,61
638,2016-12-29 00:00:00,83
639,2016-12-30 00:00:00,43
640,2016-12-31 00:00:00,-93
641,2017-01-01 00:00:00,45
642,2017-01-02 00:00:00,90
643,2017-01-03 00:00:00,93
644,2017-01-04 00:00:00,-38
645,2017-01-05 00:00:00,-92
646,2017-01-06 00:00:00,-21
647,2017-01-07 00:00:00,-82
648,2017-01-08 00:00:00,-79
649,2017-01-09 00:00:00,-100
650,2017-01-10 00:00:00,91
651,2017-01-11 00:00:00,-17
652,2017-01-12 00:00:00,-88
653,2017-01-13 00:00:00,27
654,2017-01-14 00:00:00,84
655,2017-01-15 00:00:00,61
656,2017-01-16 00:00:00,97
657,2017-01-17 00:00:00,54
658,2017-01-18 00:00:00,-4
659,2017-01-19 00:00:00,-62
660,2017-01-20 00:00:00,-19
661,2017-01-21 00:00:00,91
662,2017-01-22 00:00:00,17
663,2017-01-23 00:00:00,-30
664,2017-01-24 00:00:00,60
665,2017-01-25 00:00:00,56
666,2017-01-26 00:00:00,48
667,2017-01-27 00:00:00,35
668,2017-01-28 00:00:00,-79
669,2017-01-29 00:00:00,-29
670,2017-01-30 00:00:00,83
671,2017-01-31 00:00:00,-57
672,2017-02-01 00:00:00,100
673,2017-02-02 00:00:00,73
674,2017-02-03 00:00:00,-12
675,2017-02-04 00:00:00,-58
676,2017-02-05 00:00:00,71
677,2017-02-06 00:00:00,-56
678,2017-02-07 00:00:00,29
679,2017-02-08 00:00:00,-95
680,2017-02-09 00:00:00,8
681,2017-02-10 00:00:00,-71
682,2017-02-11 00:00:00,3
683,2017-02-12 00:00:00,99
684,2017-02-13 00:00:00,-84
685,2017-02-14 00:00:00,43
686,2017-02-15 00:00:00,-72
687,2017-02-16 00:00:00,-37
688,2017-02-17 00:00:00,74
689,2017-02-18 00:00:00,-18
690,2017-02-19 00:00:00,-80
691,2017-02-20 00:00:00,92
692,2017-02-21 00:00:00,-56
693,2017-02-22 00:00:00,-88
694,2017-02-23 00:00:00,-42
695,2017-02-24 00:00:00,-68
696,2017-02-25 00:00:00,-72
697,2017-02-26 00:00:00,-54
698,2017-02-27 00:00:00,-4
699,2017-02-28 00:00:00,16
700,2017-03-01 00:00:00,36
701,2017-03-02 00:00:00,-36
702,2017-03-03 00:00:00,65
703,2017-03-04 00:00:00,99
704,2017-03-05 00:00:00,96
705,2017-03-06 00:00:00,45
706,2017-03-07 00:00:00,29
707,2017-03-08 00:00:00,-54
708,2017-03-09 00:00:00,-29
709,2017-03-10 00:00:00,90
710,2017-03-11 00:00:00,-52
711,2017-03-12 00:00:00,-15
712,2017-03-13 00:00:00,-89
713,2017-03-14 00:00:00,55
714,2017-03-15 00:00:00,-100
715,2017-03-16 00:00:00,42
716,2017-03-17 00:00:00,-73
717,2017-03-18 00:00:00,52
718,2017-03-19 00:00:00,-42
719,2017-03-20 00:00:00,-49
720,2017-03-21 00:00:00,-41
721,2017-03-22 00:00:00,-89
722,2017-03-23 00:00:00,18
723,2017-03-24 00:00:00,53
724,2017-03-25 00:00:00,9
725,2017-03-26 00:00:00,50
726,2017-03-27 00:00:00,-93
727,2017-03-28 00:00:00,45
728,2017-03-29 00:00:00,87
729,2017-03-30 00:00:00,48
730,2017-03-31 00:00:00,33
731,2017-04-01 00:00:00,-95
732,2017-04-02 00:00:00,85
733,2017-04-03 00:00:00,-54
734,2017-04-04 00:00:00,-72
735,2017-04-05 00:00:00,-61
736,2017-04-06 00:00:00,-58
737,2017-04-07 00:00:00,-56
738,2017-04-08 00:00:00,-8
739,2017-04-09 00:00:00,30
740,2017-04-10 00:00:00,100
741,2017-04-11 00:00:00,10
742,2017-04-12 00:00:00,74
743,2017-04-13 00:00:00,14
744,2017-04-14 00:00:00,27
745,2017-04-15 00:00:00,45
746,2017-04-16 00:00:00,29
747,2017-04-17 00:00:00,70
748,2017-04-18 00:00:00,-42
749,2017-04-19 00:00:00,-3
750,2017-04-20 00:00:00,100
751,2017-04-21 00:00:00,3
752,2017-04-22 00:00:00,67
753,2017-04-23 00:00:00,90
754,2017-04-24 00:00:00,-94
755,2017-04-25 00:00:00,82
756,2017-04-26 00:00:00,-57
757,2017-04-27 00:00:00,18
758,2017-04-28 00:00:00,-27
759,2017-04-29 00:00:00,-38
760,2017-04-30 00:00:00,-91
761,2017-05-01 00:00:00,76
762,2017-05-02 00:00:00,66
763,2017-05-03 00:00:00,12
764,2017-05-04 00:00:00,-7
765,2017-05-05 00:00:00,39
766,2017-05-06 00:00:00,43
767,2017-05-07 00:00:00,82
768,2017-05-08 00:00:00,7
769,2017-05-09 00:00:00,54
770,2017-05-10 00:00:00,-18
771,2017-05-11 00:00:00,-71
772,2017-05-12 00:00:00,67
773,2017-05-13 00:00:00,-60
774,2017-05-14 00:00:00,90
775,2017-05-15 00:00:00,9
776,2017-05-16 00:00:00,-24
777,2017-05-17 00:00:00,-27
778,2017-05-18 00:00:00,34
779,2017-05-19 00:00:00,-68
780,2017-05-20 00:00:00,-81
781,2017-05-21 00:00:00,-42
782,2017-05-22 00:00:00,97
783,2017-05-23 00:00:00,47
784,2017-05-24 00:00:00,66
785,2017-05-25 00:00:00,39
786,2017-05-26 00:00:00,59
787,2017-05-27 00:00:00,-50
788,2017-05-28 00:00:00,1
789,2017-05-29 00:00:00,-22
790,2017-05-30 00:00:00,97
791,2017-05-31 00:00:00,-6
792,2017-06-01 00:00:00,-53
793,2017-06-02 00:00:00,76
794,2017-06-03 00:00:00,-76
795,2017-06-04 00:00:00,-69
796,2017-06-05 00:00:00,-87
797,2017-06-06 00:00:00,99
798,2017-06-07 00:00:00,-71
799,2017-06-08 00:00:00,92
800,2017-06-09 00:00:00,-19
801,2017-06-10 00:00:00,95
802,2017-06-11 00:00:00,99
803,2017-06-12 00:00:00,-48
804,2017-06-13 00:00:00,64
805,2017-06-14 00:00:00,92
806,2017-06-15 00:00:00,89
807,2017-06-16 00:00:00,-63
808,2017-06-17 00:00:00,-77
809,2017-06-18 00:00:00,-27
810,2017-06-19 00:00:00,46
811,2017-06-20 00:00:00,-57
812,2017-06-21 00:00:00,23
813,2017-06-22 00:00:00,9
814,2017-06-23 00:00:00,1
815,2017-06-24 00:00:00,-7
816,2017-06-25 00:00:00,-14
817,2017-06-26 00:00:00,-44
818,2017-06-27 00:00:00,68
819,2017-06-28 00:00:00,43
820,2017-06-29 00:00:00,-75
821,2017-06-30 00:00:00,66
822,2017-07-01 00:00:00,6
823,2017-07-02 00:00:00,42
824,2017-07-03 00:00:00,49
825,2017-07-04 00:00:00,77
826,2017-07-05 00:00:00,93
827,2017-07-06 00:00:00,33
828,2017-07-07 00:00:00,89
829,2017-07-08 00:00:00,-65
830,2017-07-09 00:00:00,-11
831,2017-07-10 00:00:00,-39
832,2017-07-11 00:00:00,-2
833,2017-07-12 00:00:00,45
834,2017-07-13 00:00:00,-84
835,2017-07-14 00:00:00,58
836,2017-07-15 00:00:00,-84
837,2017-07-16 00:00:00,-29
838,2017-07-17 00:00:00,-100
839,2017-07-18 00:00:00,62
840,2017-07-19 00:00:00,-24
841,2017-07-20 00:00:00,-30
842,2017-07-21 00:00:00,29
843,2017-07-22 00:00:00,-61
844,2017-07-23 00:00:00,-29
845,2017-07-24 00:00:00,-96
846,2017-07-25 00:00:00,-7
847,2017-07-26 00:00:00,-97
848,2017-07-27 00:00:00,-28
849,2017-07-28 00:00:00,14
850,2017-07-29 00:00:00,-57
851,2017-07-30 00:00:00,-88
852,2017-07-31 00:00:00,56
853,2017-08-01 00:00:00,49
854,2017-08-02 00:00:00,85
855,2017-08-03 00:00:00,-70
856,2017-08-04 00:00:00,8
857,2017-08-05 00:00:00,-10
858,2017-08-06 00:00:00,100
859,2017-08-07 00:00:00,81
860,2017-08-08 00:00:00,16
861,2017-08-09 00:00:00,-87
862,2017-08-10 00:00:00,74
863,2017-08-11 00:00:00,-72
864,2017-08-12 00:00:00,97
865,2017-08-13 00:00:00,-4
866,2017-08-14 00:00:00,-9
867,2017-08-15 00:00:00,-7
868,2017-08-16 00:00:00,19
869,2017-08-17 00:00:00,56
870,2017-08-18 00:00:00,7
871,2017-08-19 00:00:00,-8
872,2017-08-20 00:00:00,-4
873,2017-08-21 00:00:00,47
874,2017-08-22 00:00:00,-8
875,2017-08-23 00:00:00,-29
876,2017-08-24 00:00:00,-43
877,2017-08-25 00:00:00,42
878,2017-08-26 00:00:00,-62
879,2017-08-27 00:00:00,-35
880,2017-08-28 00:00:00,-13
881,2017-08-29 00:00:00,-63
882,2017-08-30 00:00:00,78
883,2017-08-31 00:00:00,74
884,2017-09-01 00:00:00,-81
885,2017-09-02 00:00:00,27
886,2017-09-03 00:00:00,22
887,2017-09-04 00:00:00,15
888,2017-09-05 00:00:00,-18
889,2017-09-06 00:00:00,39
890,2017-09-07 00:00:00,-89
891,2017-09-08 00:00:00,12
892,2017-09-09 00:00:00,2
893,2017-09-10 00:00:00,24
894,2017-09-11 00:00:00,-41
895,2017-09-12 00:00:00,-67
896,2017-09-13 00:00:00,-97
897,2017-09-14 00:00:00,3
898,2017-09-15 00:00:00,-53
899,2017-09-16 00:00:00,-53
900,2017-09-17 00:00:00,35
901,2017-09-18 00:00:00,-44
902,2017-09-19 00:00:00,36
903,2017-09-20 00:00:00,8
904,2017-09-21 00:00:00,8
905,2017-09-22 00:00:00,-48
906,2017-09-23 00:00:00,93
907,2017-09-24 00:00:00,-5
908,2017-09-25 00:00:00,-19
909,2017-09-26 00:00:00,87
910,2017-09-27 00:00:00,84
911,2017-09-28 00:00:00,28
912,2017-09-29 00:00:00,11
913,2017-09-30 00:00:00,-42
914,2017-10-01 00:00:00,-82
915,2017-10-02 00:00:00,-23
916,2017-10-03 00:00:00,49
917,2017-10-04 00:00:00,-14
918,2017-10-05 00:00:00,-84
919,2017-10-06 00:00:00,77
920,2017-10-07 00:00:00,-10
921,2017-10-08 00:00:00,15
922,2017-10-09 00:00:00,64
923,2017-10-10 00:00:00,-46
924,2017-10-11 00:00:00,-67
925,2017-10-12 00:00:00,-58
926,2017-10-13 00:00:00,13
927,2017-10-14 00:00:00,-90
928,2017-10-15 00:00:00,-48
929,2017-10-16 00:00:00,-40
930,2017-10-17 00:00:00,43
931,2017-10-18 00:00:00,16
932,2017-10-19 00:00:00,28
933,2017-10-20 00:00:00,-30
934,2017-10-21 00:00:00,8
935,2017-10-22 00:00:00,38
936,2017-10-23 00:00:00,11
937,2017-10-24 00:00:00,26
938,2017-10-25 00:00:00,-18
939,2017-10-26 00:00:00,95
940,2017-10-27 00:00:00,37
941,2017-10-28 00:00:00,-90
942,2017-10-29 00:00:00,-94
943,2017-10-30 00:00:00,51
944,2017-10-31 00:00:00,-84
945,2017-11-01 00:00:00,-17
946,2017-11-02 00:00:00,-58
947,2017-11-03 00:00:00,71
948,2017-11-04 00:00:00,72
949,2017-11-05 00:00:00,-71
950,2017-11-06 00:00:00,-66
951,2017-11-07 00:00:00,-40
952,2017-11-08 00:00:00,94
953,2017-11-09 00:00:00,86
954,2017-11-10 00:00:00,63
955,2017-11-11 00:00:00,75
956,2017-11-12 00:00:00,37
957,2017-11-13 00:00:00,-75
958,2017-11-14 00:00:00,71
959,2017-11-15 00:00:00,-80
960,2017-11-16 00:00:00,20
961,2017-11-17 00:00:00,64
962,2017-11-18 00:00:00,-83
963,2017-11-19 00:00:00,99
964,2017-11-20 00:00:00,14
965,2017-11-21 00:00:00,54
966,2017-11-22 00:00:00,48
967,2017-11-23 00:00:00,-6
968,2017-11-24 00:00:00,-68
969,2017-11-25 00:00:00,16
970,2017-11-26 00:00:00,82
971,2017-11-27 00:00:00,-49
972,2017-11-28 00:00:00,-68
973,2017-11-29 00:00:00,-66
974,2017-11-30 00:00:00,11
975,2017-12-01 00:00:00,17
976,2017-12-02 00:00:00,-15
977,2017-12-03 00:00:00,71
978,2017-12-04 00:00:00,-67
979,2017-12-05 00:00:00,52
980,2017-12-06 00:00:00,-8
981,2017-12-07 00:00:00,17
982,2017-12-08 00:00:00,61
983,2017-12-09 00:00:00,-42
984,2017-12-10 00:00:00,68
985,2017-12-11 00:00:00,-76
986,2017-12-12 00:00:00,-20
987,2017-12-13 00:00:00,-13
988,2017-12-14 00:00:00,-72
989,2017-12-15 00:00:00,-26
990,2017-12-16 00:00:00,99
991,2017-12-17 00:00:00,0
992,2017-12-18 00:00:00,14
993,2017-12-19 00:00:00,-51
994,2017-12-20 00:00:00,96
995,2017-12-21 00:00:00,84
996,2017-12-22 00:00:00,96
997,2017-12-23 00:00:00,45
998,2017-12-24 00:00:00,84
999,2017-12-25 00:00:00,-74
1000,2017-12-26 00:00:00,79
1001,2017-12-27 00:00:00,50
1002,2017-12-28 00:00:00,17
1003,2017-12-29 00:00:00,-55
1004,2017-12-30 00:00:00,30
1005,2017-12-31 00:00:00,96
1006,2018-01-01 00:00:00,53
1007,2018-01-02 00:00:00,-61
1008,2018-01-03 00:00:00,9
1009,2018-01-04 00:00:00,10
1010,2018-01-05 00:00:00,22
1011,2018-01-06 00:00:00,-48
1012,2018-01-07 00:00:00,-34
1013,2018-01-08 00:00:00,-29
1014,2018-01-09 00:00:00,68
1015,2018-01-10 00:00:00,-13
1016,2018-01-11 00:00:00,-1
1017,2018-01-12 00:00:00,-60
1018,2018-01-13 00:00:00,86
1019,2018-01-14 00:00:00,-40
1020,2018-01-15 00:00:00,76
1021,2018-01-16 00:00:00,20
1022,2018-01-17 00:00:00,87
1023,2018-01-18 00:00:00,76
1024,2018-01-19 00:00:00,-75
1025,2018-01-20 00:00:00,-33
1026,2018-01-21 00:00:00,-25
1027,2018-01-22 00:00:00,70
1028,2018-01-23 00:00:00,-27
1029,2018-01-24 00:00:00,-34
1030,2018-01-25 00:00:00,-52
1031,2018-01-26 00:00:00,32
1032,2018-01-27 00:00:00,30
1033,2018-01-28 00:00:00,58
1034,2018-01-29 00:00:00,-62
1035,2018-01-30 00:00:00,33
1036,2018-01-31 00:00:00,56
1037,2018-02-01 00:00:00,35
1038,2018-02-02 00:00:00,-11
1039,2018-02-03 00:00:00,17
1040,2018-02-04 00:00:00,-45
1041,2018-02-05 00:00:00,-81
1042,2018-02-06 00:00:00,-92
1043,2018-02-07 00:00:00,-77
1044,2018-02-08 00:00:00,-79
1045,2018-02-09 00:00:00,-70
1046,2018-02-10 00:00:00,14
1047,2018-02-11 00:00:00,33
1048,2018-02-12 00:00:00,19
1049,2018-02-13 00:00:00,17
1050,2018-02-14 00:00:00,54
1051,2018-02-15 00:00:00,87
1052,2018-02-16 00:00:00,87
1053,2018-02-17 00:00:00,-10
1054,2018-02-18 00:00:00,66
1055,2018-02-19 00:00:00,-8
1056,2018-02-20 00:00:00,0
1057,2018-02-21 00:00:00,85
1058,2018-02-22 00:00:00,-14
1059,2018-02-23 00:00:00,-30
1060,2018-02-24 00:00:00,86
1061,2018-02-25 00:00:00,14
1062,2018-02-26 00:00:00,68
1063,2018-02-27 00:00:00,-53
1064,2018-02-28 00:00:00,-78
1065,2018-03-01 00:00:00,20
1066,2018-03-02 00:00:00,-90
1067,2018-03-03 00:00:00,20
1068,2018-03-04 00:00:00,78
1069,2018-03-05 00:00:00,-79
1070,2018-03-06 00:00:00,-49
1071,2018-03-07 00:00:00,-75
1072,2018-03-08 00:00:00,-48
1073,2018-03-09 00:00:00,76
1074,2018-03-10 00:00:00,-91
1075,2018-03-11 00:00:00,-8
1076,2018-03-12 00:00:00,-63
1077,2018-03-13 00:00:00,95
1078,2018-03-14 00:00:00,-64
1079,2018-03-15 00:00:00,-79
1080,2018-03-16 00:00:00,100
1081,2018-03-17 00:00:00,-18
1082,2018-03-18 00:00:00,-7
1083,2018-03-19 00:00:00,-66
1084,2018-03-20 00:00:00,26
1085,2018-03-21 00:00:00,-98
1086,2018-03-22 00:00:00,-70
1087,2018-03-23 00:00:00,15
1088,2018-03-24 00:00:00,-24
1089,2018-03-25 00:00:00,-38
1090,2018-03-26 00:00:00,42
1091,2018-03-27 00:00:00,61
1092,2018-03-28 00:00:00,81
1093,2018-03-29 00:00:00,39
1094,2018-03-30 00:00:00,-9
1095,2018-03-31 00:00:00,2
1096,2018-04-01 00:00:00,28
1097,2018-04-02 00:00:00,64
1098,2018-04-03 00:00:00,-7
1099,2018-04-04 00:00:00,22
1100,2018-04-05 00:00:00,-81
1101,2018-04-06 00:00:00,91
1102,2018-04-07 00:00:00,71
1103,2018-04-08 00:00:00,-3
1104,2018-04-09 00:00:00,49
1105,2018-04-10 00:00:00,-90
1106,2018-04-11 00:00:00,-69
1107,2018-04-12 00:00:00,-15
1108,2018-04-13 00:00:00,-15
1109,2018-04-14 00:00:00,9
1110,2018-04-15 00:00:00,-83
1111,2018-04-16 00:00:00,58
1112,2018-04-17 00:00:00,73
1113,2018-04-18 00:00:00,-98
1114,2018-04-19 00:00:00,-52
1115,2018-04-20 00:00:00,55
1116,2018-04-21 00:00:00,38
1117,2018-04-22 00:00:00,-88
1118,2018-04-23 00:00:00,-48
1119,2018-04-24 00:00:00,-67
1120,2018-04-25 00:00:00,37
1121,2018-04-26 00:00:00,29
1122,2018-04-27 00:00:00,33
1123,2018-04-28 00:00:00,-5
1124,2018-04-29 00:00:00,-84
1125,2018-04-30 00:00:00,90
1126,2018-05-01 00:00:00,8
1127,2018-05-02 00:00:00,-48
1128,2018-05-03 00:00:00,-53
1129,2018-05-04 00:00:00,-19
1130,2018-05-05 00:00:00,-68
1131,2018-05-06 00:00:00,35
1132,2018-05-07 00:00:00,1
1133,2018-05-08 00:00:00,-75
1134,2018-05-09 00:00:00,-57
1135,2018-05-10 00:00:00,4
1136,2018-05-11 00:00:00,-57
1137,2018-05-12 00:00:00,-73
1138,2018-05-13 00:00:00,47
1139,2018-05-14 00:00:00,-47
1140,2018-05-15 00:00:00,-51
1141,2018-05-16 00:00:00,-83
1142,2018-05-17 00:00:00,22
1143,2018-05-18 00:00:00,-93
1144,2018-05-19 00:00:00,29
1145,2018-05-20 00:00:00,38
1146,2018-05-21 00:00:00,10
1147,2018-05-22 00:00:00,83
1148,2018-05-23 00:00:00,59
1149,2018-05-24 00:00:00,-74
1150,2018-05-25 00:00:00,-99
1151,2018-05-26 00:00:00,95
1152,2018-05-27 00:00:00,-18
1153,2018-05-28 00:00:00,7
1154,2018-05-29 00:00:00,33
1155,2018-05-30 00:00:00,18
1156,2018-05-31 00:00:00,9
1157,2018-06-01 00:00:00,-11
1158,2018-06-02 00:00:00,95
1159,2018-06-03 00:00:00,-45
1160,2018-06-04 00:00:00,-61
1161,2018-06-05 00:00:00,-100
1162,2018-06-06 00:00:00,-33
1163,2018-06-07 00:00:00,-43
1164,2018-06-08 00:00:00,56
1165,2018-06-09 00:00:00,13
1166,2018-06-10 00:00:00,-46
1167,2018-06-11 00:00:00,-92
1168,2018-06-12 00:00:00,0
1169,2018-06-13 00:00:00,44
1170,2018-06-14 00:00:00,-16
1171,2018-06-15 00:00:00,-7
1172,2018-06-16 00:00:00,74
1173,2018-06-17 00:00:00,-8
1174,2018-06-18 00:00:00,-33
1175,2018-06-19 00:00:00,39
1176,2018-06-20 00:00:00,-18
1177,2018-06-21 00:00:00,68
1178,2018-06-22 00:00:00,-85
1179,2018-06-23 00:00:00,-59
1180,2018-06-24 00:00:00,-92
1181,2018-06-25 00:00:00,0
1182,2018-06-26 00:00:00,94
1183,2018-06-27 00:00:00,69
1184,2018-06-28 00:00:00,-8
1185,2018-06-29 00:00:00,27
1186,2018-06-30 00:00:00,-60
1187,2018-07-01 00:00:00,9
1188,2018-07-02 00:00:00,6
1189,2018-07-03 00:00:00,27
1190,2018-07-04 00:00:00,-44
1191,2018-07-05 00:00:00,71
1192,2018-07-06 00:00:00,-58
1193,2018-07-07 00:00:00,-2
1194,2018-07-08 00:00:00,77
1195,2018-07-09 00:00:00,26
1196,2018-07-10 00:00:00,-23
1197,2018-07-11 00:00:00,63
1198,2018-07-12 00:00:00,38
1199,2018-07-13 00:00:00,-87
1200,2018-07-14 00:00:00,-66
1201,2018-07-15 00:00:00,-52
1202,2018-07-16 00:00:00,-75
1203,2018-07-17 00:00:00,65
1204,2018-07-18 00:00:00,-17
1205,2018-07-19 00:00:00,26
1206,2018-07-20 00:00:00,-76
1207,2018-07-21 00:00:00,-94
1208,2018-07-22 00:00:00,-70
1209,2018-07-23 00:00:00,99
1210,2018-07-24 00:00:00,-7
1211,2018-07-25 00:00:00,4
1212,2018-07-26 00:00:00,82
1213,2018-07-27 00:00:00,46
1214,2018-07-28 00:00:00,52
1215,2018-07-29 00:00:00,12
1216,2018-07-30 00:00:00,42
1217,2018-07-31 00:00:00,20
1218,2018-08-01 00:00:00,80
1219,2018-08-02 00:00:00,94
1220,2018-08-03 00:00:00,-92
1221,2018-08-04 00:00:00,37
1222,2018-08-05 00:00:00,-29
1223,2018-08-06 00:00:00,-88
1224,2018-08-07 00:00:00,-40
1225,2018-08-08 00:00:00,87
1226,2018-08-09 00:00:00,-39
1227,2018-08-10 00:00:00,-78
1228,2018-08-11 00:00:00,-59
1229,2018-08-12 00:00:00,-81
1230,2018-08-13 00:00:00,-48
1231,2018-08-14 00:00:00,8
1232,2018-08-15 00:00:00,-47
1233,2018-08-16 00:00:00,51
1234,2018-08-17 00:00:00,57
1235,2018-08-18 00:00:00,-71
1236,2018-08-19 00:00:00,-43
1237,2018-08-20 00:00:00,-78
1238,2018-08-21 00:00:00,-32
1239,2018-08-22 00:00:00,9
1240,2018-08-23 00:00:00,-24
1241,2018-08-24 00:00:00,-1
1242,2018-08-25 00:00:00,93
1243,2018-08-26 00:00:00,27
1244,2018-08-27 00:00:00,-10
1245,2018-08-28 00:00:00,-41
1246,2018-08-29 00:00:00,-16
1247,2018-08-30 00:00:00,13
1248,2018-08-31 00:00:00,-46
1249,2018-09-01 00:00:00,-50
1250,2018-09-02 00:00:00,-55
1251,2018-09-03 00:00:00,47
1252,2018-09-04 00:00:00,-98
1253,2018-09-05 00:00:00,22
1254,2018-09-06 00:00:00,82
1255,2018-09-07 00:00:00,15
1256,2018-09-08 00:00:00,11
1257,2018-09-09 00:00:00,-5
1258,2018-09-10 00:00:00,82
1259,2018-09-11 00:00:00,-15
1260,2018-09-12 00:00:00,-35
1261,2018-09-13 00:00:00,71
1262,2018-09-14 00:00:00,-31
1263,2018-09-15 00:00:00,-99
1264,2018-09-16 00:00:00,5
1265,2018-09-17 00:00:00,-17
1266,2018-09-18 00:00:00,-62
1267,2018-09-19 00:00:00,72
1268,2018-09-20 00:00:00,-98
1269,2018-09-21 00:00:00,46
1270,2018-09-22 00:00:00,39
1271,2018-09-23 00:00:00,-75
1272,2018-09-24 00:00:00,-28
1273,2018-09-25 00:00:00,-18
1274,2018-09-26 00:00:00,-28
1275,2018-09-27 00:00:00,88
1276,2018-09-28 00:00:00,-58
1277,2018-09-29 00:00:00,-72
1278,2018-09-30 00:00:00,56
1279,2018-10-01 00:00:00,-29
1280,2018-10-02 00:00:00,-74
1281,2018-10-03 00:00:00,-39
1282,2018-10-04 00:00:00,-51
1283,2018-10-05 00:00:00,-46
1284,2018-10-06 00:00:00,-24
1285,2018-10-07 00:00:00,-18
1286,2018-10-08 00:00:00,-36
1287,2018-10-09 00:00:00,60
1288,2018-10-10 00:00:00,74
1289,2018-10-11 00:00:00,-19
1290,2018-10-12 00:00:00,96
1291,2018-10-13 00:00:00,48
1292,2018-10-14 00:00:00,-39
1293,2018-10-15 00:00:00,87
1294,2018-10-16 00:00:00,17
1295,2018-10-17 00:00:00,64
1296,2018-10-18 00:00:00,-73
1297,2018-10-19 00:00:00,26
1298,2018-10-20 00:00:00,74
1299,2018-10-21 00:00:00,56
1300,2018-10-22 00:00:00,39
1301,2018-10-23 00:00:00,65
1302,2018-10-24 00:00:00,88
1303,2018-10-25 00:00:00,-87
1304,2018-10-26 00:00:00,13
1305,2018-10-27 00:00:00,-42
1306,2018-10-28 00:00:00,-2
1307,2018-10-29 00:00:00,44
1308,2018-10-30 00:00:00,94
1309,2018-10-31 00:00:00,57
1310,2018-11-01 00:00:00,-57
1311,2018-11-02 00:00:00,15
1312,2018-11-03 00:00:00,17
1313,2018-11-04 00:00:00,-40
1314,2018-11-05 00:00:00,-17
1315,2018-11-06 00:00:00,71
1316,2018-11-07 00:00:00,-83
1317,2018-11-08 00:00:00,-59
1318,2018-11-09 00:00:00,95
1319,2018-11-10 00:00:00,7
1320,2018-11-11 00:00:00,-69
1321,2018-11-12 00:00:00,-91
1322,2018-11-13 00:00:00,-67
1323,2018-11-14 00:00:00,54
1324,2018-11-15 00:00:00,-95
1325,2018-11-16 00:00:00,44
1326,2018-11-17 00:00:00,58
1327,2018-11-18 00:00:00,50
1328,2018-11-19 00:00:00,59
1329,2018-11-20 00:00:00,68
1330,2018-11-21 00:00:00,75
1331,2018-11-22 00:00:00,-62
1332,2018-11-23 00:00:00,-29
1333,2018-11-24 00:00:00,-14
1334,2018-11-25 00:00:00,45
1335,2018-11-26 00:00:00,1
1336,2018-11-27 00:00:00,57
1337,2018-11-28 00:00:00,91
1338,2018-11-29 00:00:00,-89
1339,2018-11-30 00:00:00,65
1340,2018-12-01 00:00:00,-17
1341,2018-12-02 00:00:00,62
1342,2018-12-03 00:00:00,-28
1343,2018-12-04 00:00:00,-65
1344,2018-12-05 00:00:00,0
1345,2018-12-06 00:00:00,-15
1346,2018-12-07 00:00:00,-71
1347,2018-12-08 00:00:00,-13
1348,2018-12-09 00:00:00,50
1349,2018-12-10 00:00:00,-74
1350,2018-12-11 00:00:00,43
1351,2018-12-12 00:00:00,-1
1352,2018-12-13 00:00:00,-60
1353,2018-12-14 00:00:00,65
1354,2018-12-15 00:00:00,4
1355,2018-12-16 00:00:00,-51
1356,2018-12-17 00:00:00,-40
1357,2018-12-18 00:00:00,42
1358,2018-12-19 00:00:00,-57
1359,2018-12-20 00:00:00,10
1360,2018-12-21 00:00:00,67
1361,2018-12-22 00:00:00,-73
1362,2018-12-23 00:00:00,16
1363,2018-12-24 00:00:00,-15
1364,2018-12-25 00:00:00,-21
1365,2018-12-26 00:00:00,-27
1366,2018-12-27 00:00:00,81
1367,2018-12-28 00:00:00,44
1368,2018-12-29 00:00:00,-41
1369,2018-12-30 00:00:00,-83
1370,2018-12-31 00:00:00,-93
1371,2019-01-01 00:00:00,29
1372,2019-01-02 00:00:00,-53
1373,2019-01-03 00:00:00,19
1374,2019-01-04 00:00:00,-100
1375,2019-01-05 00:00:00,-20
1376,2019-01-06 00:00:00,-74
1377,2019-01-07 00:00:00,-12
1378,2019-01-08 00:00:00,64
1379,2019-01-09 00:00:00,-18
1380,2019-01-10 00:00:00,47
1381,2019-01-11 00:00:00,-32
1382,2019-01-12 00:00:00,-44
1383,2019-01-13 00:00:00,-49
1384,2019-01-14 00:00:00,10
1385,2019-01-15 00:00:00,-30
1386,2019-01-16 00:00:00,85
1387,2019-01-17 00:00:00,6
1388,2019-01-18 00:00:00,-55
1389,2019-01-19 00:00:00,75
1390,2019-01-20 00:00:00,-71
1391,2019-01-21 00:00:00,-15
1392,2019-01-22 00:00:00,-51
1393,2019-01-23 00:00:00,-23
1394,2019-01-24 00:00:00,-73
1395,2019-01-25 00:00:00,90
1396,2019-01-26 00:00:00,94
1397,2019-01-27 00:00:00,15
1398,2019-01-28 00:00:00,-42
1399,2019-01-29 00:00:00,63
1400,2019-01-30 00:00:00,40
1401,2019-01-31 00:00:00,-76
1402,2019-02-01 00:00:00,-28
1403,2019-02-02 00:00:00,-16
1404,2019-02-03 00:00:00,50
1405,2019-02-04 00:00:00,14
1406,2019-02-05 00:00:00,-29
1407,2019-02-06 00:00:00,83
1408,2019-02-07 00:00:00,72
1409,2019-02-08 00:00:00,95
1410,2019-02-09 00:00:00,51
1411,2019-02-10 00:00:00,99
1412,2019-02-11 00:00:00,-10
1413,2019-02-12 00:00:00,-35
1414,2019-02-13 00:00:00,22
1415,2019-02-14 00:00:00,14
1416,2019-02-15 00:00:00,94
1417,2019-02-16 00:00:00,-95
1418,2019-02-17 00:00:00,-42
1419,2019-02-18 00:00:00,20
1420,2019-02-19 00:00:00,-91
1421,2019-02-20 00:00:00,-24
1422,2019-02-21 00:00:00,79
1423,2019-02-22 00:00:00,-81
1424,2019-02-23 00:00:00,-6
1425,2019-02-24 00:00:00,-77
1426,2019-02-25 00:00:00,-1
1427,2019-02-26 00:00:00,34
1428,2019-02-27 00:00:00,-97
1429,2019-02-28 00:00:00,21
1430,2019-03-01 00:00:00,65
1431,2019-03-02 00:00:00,-88
1432,2019-03-03 00:00:00,-18
1433,2019-03-04 00:00:00,-92
1434,2019-03-05 00:00:00,52
1435,2019-03-06 00:00:00,89
1436,2019-03-07 00:00:00,40
1437,2019-03-08 00:00:00,53
1438,2019-03-09 00:00:00,78
1439,2019-03-10 00:00:00,53
1440,2019-03-11 00:00:00,35
1441,2019-03-12 00:00:00,48
1442,2019-03-13 00:00:00,2
1443,2019-03-14 00:00:00,-7
1444,2019-03-15 00:00:00,73
1445,2019-03-16 00:00:00,-83
1446,2019-03-17 00:00:00,79
1447,2019-03-18 00:00:00,-98
1448,2019-03-19 00:00:00,55
1449,2019-03-20 00:00:00,-68
1450,2019-03-21 00:00:00,15
1451,2019-03-22 00:00:00,-67
1452,2019-03-23 00:00:00,75
1453,2019-03-24 00:00:00,-86
1454,2019-03-25 00:00:00,77
1455,2019-03-26 00:00:00,61
1456,2019-03-27 00:00:00,52
1457,2019-03-28 00:00:00,26
1458,2019-03-29 00:00:00,18
1459,2019-03-30 00:00:00,-58
1460,2019-03-31 00:00:00,10
1461,2019-04-01 00:00:00,-35
1462,2019-04-02 00:00:00,-94
1463,2019-04-03 00:00:00,100
1464,2019-04-04 00:00:00,29
1465,2019-04-05 00:00:00,-39
1466,2019-04-06 00:00:00,58
1467,2019-04-07 00:00:00,3
1468,2019-04-08 00:00:00,-74
1469,2019-04-09 00:00:00,20
1470,2019-04-10 00:00:00,97
1471,2019-04-11 00:00:00,-74
1472,2019-04-12 00:00:00,74
1473,2019-04-13 00:00:00,63
1474,2019-04-14 00:00:00,-50
1475,2019-04-15 00:00:00,-36
1476,2019-04-16 00:00:00,43
1477,2019-04-17 00:00:00,-40
1478,2019-04-18 00:00:00,86
1479,2019-04-19 00:00:00,-17
1480,2019-04-20 00:00:00,86
1481,2019-04-21 00:00:00,46
1482,2019-04-22 00:00:00,-43
1483,2019-04-23 00:00:00,46
1484,2019-04-24 00:00:00,61
1485,2019-04-25 00:00:00,74
1486,2019-04-26 00:00:00,-5
1487,2019-04-27 00:00:00,-75
1488,2019-04-28 00:00:00,-60
1489,2019-04-29 00:00:00,-86
1490,2019-04-30 00:00:00,-61
1491,2019-05-01 00:00:00,59
1492,2019-05-02 00:00:00,-94
1493,2019-05-03 00:00:00,26
1494,2019-05-04 00:00:00,6
1495,2019-05-05 00:00:00,30
1496,2019-05-06 00:00:00,89
1497,2019-05-07 00:00:00,19
1498,2019-05-08 00:00:00,19
1499,2019-05-09 00:00:00,-21
1500,2019-05-10 00:00:00,-57
1501,2019-05-11 00:00:00,43
1502,2019-05-12 00:00:00,56
1503,2019-05-13 00:00:00,-10
1504,2019-05-14 00:00:00,-11
1505,2019-05-15 00:00:00,66
1506,2019-05-16 00:00:00,-30
1507,2019-05-17 00:00:00,-12
1508,2019-05-18 00:00:00,-44
1509,2019-05-19 00:00:00,94
1510,2019-05-20 00:00:00,82
1511,2019-05-21 00:00:00,-45
1512,2019-05-22 00:00:00,91
1513,2019-05-23 00:00:00,-4
1514,2019-05-24 00:00:00,58
1515,2019-05-25 00:00:00,-95
1516,2019-05-26 00:00:00,-70
1517,2019-05-27 00:00:00,-70
1518,2019-05-28 00:00:00,-19
1519,2019-05-29 00:00:00,-45
1520,2019-05-30 00:00:00,96
1521,2019-05-31 00:00:00,11
1522,2019-06-01 00:00:00,-22
1523,2019-06-02 00:00:00,-41
1524,2019-06-03 00:00:00,38
1525,2019-06-04 00:00:00,-88
1526,2019-06-05 00:00:00,60
1527,2019-06-06 00:00:00,-33
1528,2019-06-07 00:00:00,-21
1529,2019-06-08 00:00:00,-17
1530,2019-06-09 00:00:00,12
1531,2019-06-10 00:00:00,-3
1532,2019-06-11 00:00:00,-65
1533,2019-06-12 00:00:00,83
1534,2019-06-13 00:00:00,-95
1535,2019-06-14 00:00:00,99
1536,2019-06-15 00:00:00,100
1537,2019-06-16 00:00:00,-86
1538,2019-06-17 00:00:00,79
1539,2019-06-18 00:00:00,-38
1540,2019-06-19 00:00:00,88
1541,2019-06-20 00:00:00,93
1542,2019-06-21 00:00:00,98
1543,2019-06-22 00:00:00,-12
1544,2019-06-23 00:00:00,-17
1545,2019-06-24 00:00:00,28
1546,2019-06-25 00:00:00,38
1547,2019-06-26 00:00:00,54
1548,2019-06-27 00:00:00,66
1549,2019-06-28 00:00:00,-9
1550,2019-06-29 00:00:00,68
1551,2019-06-30 00:00:00,-19
1552,2019-07-01 00:00:00,-47
1553,2019-07-02 00:00:00,76
1554,2019-07-03 00:00:00,-14
1555,2019-07-04 00:00:00,81
1556,2019-07-05 00:00:00,91
1557,2019-07-06 00:00:00,-28
1558,2019-07-07 00:00:00,-79
1559,2019-07-08 00:00:00,11
1560,2019-07-09 00:00:00,-75
1561,2019-07-10 00:00:00,-90
1562,2019-07-11 00:00:00,36
1563,2019-07-12 00:00:00,-52
1564,2019-07-13 00:00:00,33
1565,2019-07-14 00:00:00,-39
1566,2019-07-15 00:00:00,7
1567,2019-07-16 00:00:00,41
1568,2019-07-17 00:00:00,-90
1569,2019-07-18 00:00:00,-33
1570,2019-07-19 00:00:00,-10
1571,2019-07-20 00:00:00,-57
1572,2019-07-21 00:00:00,85
1573,2019-07-22 00:00:00,-97
1574,2019-07-23 00:00:00,74
1575,2019-07-24 00:00:00,-18
1576,2019-07-25 00:00:00,-73
1577,2019-07-26 00:00:00,87
1578,2019-07-27 00:00:00,-92
1579,2019-07-28 00:00:00,-1
1580,2019-07-29 00:00:00,71
1581,2019-07-30 00:00:00,-99
1582,2019-07-31 00:00:00,-25
1583,2019-08-01 00:00:00,-45
1584,2019-08-02 00:00:00,-71
1585,2019-08-03 00:00:00,-13
1586,2019-08-04 00:00:00,-31
1587,2019-08-05 00:00:00,20
1588,2019-08-06 00:00:00,86
1589,2019-08-07 00:00:00,21
1590,2019-08-08 00:00:00,-48
1591,2019-08-09 00:00:00,71
1592,2019-08-10 00:00:00,83
1593,2019-08-11 00:00:00,11
1594,2019-08-12 00:00:00,-48
1595,2019-08-13 00:00:00,33
1596,2019-08-14 00:00:00,-40
1597,2019-08-15 00:00:00,-98
1598,2019-08-16 00:00:00,43
1599,2019-08-17 00:00:00,11
1600,2019-08-18 00:00:00,9
1601,2019-08-19 00:00:00,5
1602,2019-08-20 00:00:00,-78
1603,2019-08-21 00:00:00,-6
1604,2019-08-22 00:00:00,98
1605,2019-08-23 00:00:00,-5
1606,2019-08-24 00:00:00,-79
1607,2019-08-25 00:00:00,-98
1608,2019-08-26 00:00:00,91
1609,2019-08-27 00:00:00,-66
1610,2019-08-28 00:00:00,21
1611,2019-08-29 00:00:00,-16
1612,2019-08-30 00:00:00,-14
1613,2019-08-31 00:00:00,-5
1614,2019-09-01 00:00:00,55
1615,2019-09-02 00:00:00,5
1616,2019-09-03 00:00:00,73
1617,2019-09-04 00:00:00,92
1618,2019-09-05 00:00:00,92
1619,2019-09-06 00:00:00,-40
1620,2019-09-07 00:00:00,-51
1621,2019-09-08 00:00:00,-70
1622,2019-09-09 00:00:00,21
1623,2019-09-10 00:00:00,-89
1624,2019-09-11 00:00:00,4
1625,2019-09-12 00:00:00,65
1626,2019-09-13 00:00:00,55
1627,2019-09-14 00:00:00,33
1628,2019-09-15 00:00:00,73
1629,2019-09-16 00:00:00,-9
1630,2019-09-17 00:00:00,28
1631,2019-09-18 00:00:00,21
1632,2019-09-19 00:00:00,-43
1633,2019-09-20 00:00:00,-97
1634,2019-09-21 00:00:00,-47
1635,2019-09-22 00:00:00,-5
1636,2019-09-23 00:00:00,-11
1637,2019-09-24 00:00:00,-61
1638,2019-09-25 00:00:00,-83
1639,2019-09-26 00:00:00,-78
1640,2019-09-27 00:00:00,72
1641,2019-09-28 00:00:00,-60
1642,2019-09-29 00:00:00,91
1643,2019-09-30 00:00:00,28
1644,2019-10-01 00:00:00,-74
1645,2019-10-02 00:00:00,74
1646,2019-10-03 00:00:00,2
1647,2019-10-04 00:00:00,30
1648,2019-10-05 00:00:00,61
1649,2019-10-06 00:00:00,-73
1650,2019-10-07 00:00:00,56
1651,2019-10-08 00:00:00,-49
1652,2019-10-09 00:00:00,88
1653,2019-10-10 00:00:00,-12
1654,2019-10-11 00:00:00,-79
1655,2019-10-12 00:00:00,11
1656,2019-10-13 00:00:00,49
1657,2019-10-14 00:00:00,79
1658,2019-10-15 00:00:00,4
1659,2019-10-16 00:00:00,46
1660,2019-10-17 00:00:00,-91
1661,2019-10-18 00:00:00,32
1662,2019-10-19 00:00:00,-52
1663,2019-10-20 00:00:00,-64
1664,2019-10-21 00:00:00,-49
1665,2019-10-22 00:00:00,-49
1666,2019-10-23 00:00:00,23
1667,2019-10-24 00:00:00,-77
1668,2019-10-25 00:00:00,-82
1669,2019-10-26 00:00:00,14
1670,2019-10-27 00:00:00,67
1671,2019-10-28 00:00:00,-44
1672,2019-10-29 00:00:00,-94
1673,2019-10-30 00:00:00,-55
1674,2019-10-31 00:00:00,-74
1675,2019-11-01 00:00:00,67
1676,2019-11-02 00:00:00,39
1677,2019-11-03 00:00:00,-12
1678,2019-11-04 00:00:00,17
1679,2019-11-05 00:00:00,36
1680,2019-11-06 00:00:00,-85
1681,2019-11-07 00:00:00,-24
1682,2019-11-08 00:00:00,12
1683,2019-11-09 00:00:00,-43
1684,2019-11-10 00:00:00,52
1685,2019-11-11 00:00:00,-4
1686,2019-11-12 00:00:00,51
1687,2019-11-13 00:00:00,86
1688,2019-11-14 00:00:00,66
1689,2019-11-15 00:00:00,97
1690,2019-11-16 00:00:00,68
1691,2019-11-17 00:00:00,84
1692,2019-11-18 00:00:00,5
1693,2019-11-19 00:00:00,32
1694,2019-11-20 00:00:00,-37
1695,2019-11-21 00:00:00,28
1696,2019-11-22 00:00:00,-68
1697,2019-11-23 00:00:00,-98
1698,2019-11-24 00:00:00,58
1699,2019-11-25 00:00:00,63
1700,2019-11-26 00:00:00,40
1701,2019-11-27 00:00:00,-94
1702,2019-11-28 00:00:00,13
1703,2019-11-29 00:00:00,47
1704,2019-11-30 00:00:00,71
1705,2019-12-01 00:00:00,67
1706,2019-12-02 00:00:00,-10
1707,2019-12-03 00:00:00,4
1708,2019-12-04 00:00:00,18
1709,2019-12-05 00:00:00,60
1710,2019-12-06 00:00:00,47
1711,2019-12-07 00:00:00,60
1712,2019-12-08 00:00:00,8
1713,2019-12-09 00:00:00,-45
1714,2019-12-10 00:00:00,-56
1715,2019-12-11 00:00:00,-12
1716,2019-12-12 00:00:00,44
1717,2019-12-13 00:00:00,-3
1718,2019-12-14 00:00:00,-42
1719,2019-12-15 00:00:00,6
1720,2019-12-16 00:00:00,53
1721,2019-12-17 00:00:00,-72
1722,2019-12-18 00:00:00,12
1723,2019-12-19 00:00:00,30
1724,2019-12-20 00:00:00,-54
1725,2019-12-21 00:00:00,21
1726,2019-12-22 00:00:00,66
1727,2019-12-23 00:00:00,-19
1728,2019-12-24 00:00:00,-66
1729,2019-12-25 00:00:00,-82
1730,2019-12-26 00:00:00,-34
1731,2019-12-27 00:00:00,57
1732,2019-12-28 00:00:00,-81
1733,2019-12-29 00:00:00,-41
1734,2019-12-30 00:00:00,-80
1735,2019-12-31 00:00:00,63
1736,2020-01-01 00:00:00,69
1737,2020-01-02 00:00:00,88
1738,2020-01-03 00:00:00,-62
1739,2020-01-04 00:00:00,-34
1740,2020-01-05 00:00:00,38
1741,2020-01-06 00:00:00,86
1742,2020-01-07 00:00:00,91
1743,2020-01-08 00:00:00,67
1744,2020-01-09 00:00:00,6
1745,2020-01-10 00:00:00,13
1746,2020-01-11 00:00:00,-64
1747,2020-01-12 00:00:00,-49
1748,2020-01-13 00:00:00,68
1749,2020-01-14 00:00:00,69
1750,2020-01-15 00:00:00,52
1751,2020-01-16 00:00:00,89
1752,2020-01-17 00:00:00,-52
1753,2020-01-18 00:00:00,93
1754,2020-01-19 00:00:00,79
1755,2020-01-20 00:00:00,19
1756,2020-01-21 00:00:00,74
1757,2020-01-22 00:00:00,77
1758,2020-01-23 00:00:00,-48
1759,2020-01-24 00:00:00,-28
1760,2020-01-25 00:00:00,-40
1761,2020-01-26 00:00:00,100
1762,2020-01-27 00:00:00,48
1763,2020-01-28 00:00:00,-93
1764,2020-01-29 00:00:00,-16
1765,2020-01-30 00:00:00,-81
1766,2020-01-31 00:00:00,-43
1767,2020-02-01 00:00:00,-66
1768,2020-02-02 00:00:00,97
1769,2020-02-03 00:00:00,98
1770,2020-02-04 00:00:00,2
1771,2020-02-05 00:00:00,49
1772,2020-02-06 00:00:00,-71
1773,2020-02-07 00:00:00,-17
1774,2020-02-08 00:00:00,16
1775,2020-02-09 00:00:00,-76
1776,2020-02-10 00:00:00,91
1777,2020-02-11 00:00:00,-27
1778,2020-02-12 00:00:00,-59
1779,2020-02-13 00:00:00,-13
1780,2020-02-14 00:00:00,-12
1781,2020-02-15 00:00:00,85
1782,2020-02-16 00:00:00,-15
1783,2020-02-17 00:00:00,97
1784,2020-02-18 00:00:00,35
1785,2020-02-19 00:00:00,52
1786,2020-02-20 00:00:00,-16
1787,2020-02-21 00:00:00,14
1788,2020-02-22 00:00:00,-80
1789,2020-02-23 00:00:00,43
1790,2020-02-24 00:00:00,37
1791,2020-02-25 00:00:00,97
1792,2020-02-26 00:00:00,-42
1793,2020-02-27 00:00:00,-59
1794,2020-02-28 00:00:00,-50
1795,2020-02-29 00:00:00,-73
1796,2020-03-01 00:00:00,28
1797,2020-03-02 00:00:00,80
1798,2020-03-03 00:00:00,-45
1799,2020-03-04 00:00:00,90
1800,2020-03-05 00:00:00,-93
1801,2020-03-06 00:00:00,33
1802,2020-03-07 00:00:00,21
1803,2020-03-08 00:00:00,-41
1804,2020-03-09 00:00:00,-71
1805,2020-03-10 00:00:00,73
1806,2020-03-11 00:00:00,-51
1807,2020-03-12 00:00:00,52
1808,2020-03-13 00:00:00,-39
1809,2020-03-14 00:00:00,16
1810,2020-03-15 00:00:00,74
1811,2020-03-16 00:00:00,57
1812,2020-03-17 00:00:00,-25
1813,2020-03-18 00:00:00,-20
1814,2020-03-19 00:00:00,-75
1815,2020-03-20 00:00:00,-40
1816,2020-03-21 00:00:00,-17
1817,2020-03-22 00:00:00,54
1818,2020-03-23 00:00:00,-41
1819,2020-03-24 00:00:00,-94
1820,2020-03-25 00:00:00,60
1821,2020-03-26 00:00:00,-52
1822,2020-03-27 00:00:00,-50
1823,2020-03-28 00:00:00,-77
1824,2020-03-29 00:00:00,60
1825,2020-03-30 00:00:00,20
1826,2020-03-31 00:00:00,47
1827,2020-04-01 00:00:00,20
1828,2020-04-02 00:00:00,-4
1829,2020-04-03 00:00:00,91
1830,2020-04-04 00:00:00,95
1831,2020-04-05 00:00:00,14
1832,2020-04-06 00:00:00,30
1833,2020-04-07 00:00:00,-78
1834,2020-04-08 00:00:00,42
1835,2020-04-09 00:00:00,-17
1836,2020-04-10 00:00:00,1
1837,2020-04-11 00:00:00,42
1838,2020-04-12 00:00:00,89
1839,2020-04-13 00:00:00,-83
1840,2020-04-14 00:00:00,29
1841,2020-04-15 00:00:00,71
1842,2020-04-16 00:00:00,70
1843,2020-04-17 00:00:00,-63
1844,2020-04-18 00:00:00,52
1845,2020-04-19 00:00:00,-5
1846,2020-04-20 00:00:00,-64
1847,2020-04-21 00:00:00,8
1848,2020-04-22 00:00:00,34
1849,2020-04-23 00:00:00,-27
1850,2020-04-24 00:00:00,-56
1851,2020-04-25 00:00:00,-71
1852,2020-04-26 00:00:00,-88
1853,2020-04-27 00:00:00,-58
1854,2020-04-28 00:00:00,-37
1855,2020-04-29 00:00:00,1
1856,2020-04-30 00:00:00,93
1857,2020-05-01 00:00:00,-55
1858,2020-05-02 00:00:00,-46
1859,2020-05-03 00:00:00,-79
1860,2020-05-04 00:00:00,100
1861,2020-05-05 00:00:00,78
1862,2020-05-06 00:00:00,-22
1863,2020-05-07 00:00:00,53
1864,2020-05-08 00:00:00,21
1865,2020-05-09 00:00:00,7
1866,2020-05-10 00:00:00,9
1867,2020-05-11 00:00:00,-98
1868,2020-05-12 00:00:00,91
1869,2020-05-13 00:00:00,-44
1870,2020-05-14 00:00:00,-75
1871,2020-05-15 00:00:00,94
1872,2020-05-16 00:00:00,99
1873,2020-05-17 00:00:00,10
1874,2020-05-18 00:00:00,-50
1875,2020-05-19 00:00:00,-78
1876,2020-05-20 00:00:00,-87
1877,2020-05-21 00:00:00,-79
1878,2020-05-22 00:00:00,50
1879,2020-05-23 00:00:00,81
1880,2020-05-24 00:00:00,60
1881,2020-05-25 00:00:00,-42
1882,2020-05-26 00:00:00,-20
1883,2020-05-27 00:00:00,77
1884,2020-05-28 00:00:00,0
1885,2020-05-29 00:00:00,52
1886,2020-05-30 00:00:00,34
1887,2020-05-31 00:00:00,79
1888,2020-06-01 00:00:00,57
1889,2020-06-02 00:00:00,-35
1890,2020-06-03 00:00:00,37
1891,2020-06-04 00:00:00,63
1892,2020-06-05 00:00:00,-63
1893,2020-06-06 00:00:00,-86
1894,2020-06-07 00:00:00,13
1895,2020-06-08 00:00:00,0
1896,2020-06-09 00:00:00,63
1897,2020-06-10 00:00:00,-25
1898,2020-06-11 00:00:00,17
1899,2020-06-12 00:00:00,45
1900,2020-06-13 00:00:00,92
1901,2020-06-14 00:00:00,-14
1902,2020-06-15 00:00:00,-53
1903,2020-06-16 00:00:00,30
1904,2020-06-17 00:00:00,-26
1905,2020-06-18 00:00:00,-85
1906,2020-06-19 00:00:00,8
1907,2020-06-20 00:00:00,-34
1908,2020-06-21 00:00:00,-54
1909,2020-06-22 00:00:00,50
1910,2020-06-23 00:00:00,3
1911,2020-06-24 00:00:00,-13
1912,2020-06-25 00:00:00,14
1913,2020-06-26 00:00:00,78
1914,2020-06-27 00:00:00,21
1915,2020-06-28 00:00:00,-58
1916,2020-06-29 00:00:00,89
1917,2020-06-30 00:00:00,56
1918,2020-07-01 00:00:00,-42
1919,2020-07-02 00:00:00,-41
1920,2020-07-03 00:00:00,34
1921,2020-07-04 00:00:00,-57
1922,2020-07-05 00:00:00,-13
1923,2020-07-06 00:00:00,2
1924,2020-07-07 00:00:00,-42
1925,2020-07-08 00:00:00,-19
1926,2020-07-09 00:00:00,-74
1927,2020-07-10 00:00:00,84
1928,2020-07-11 00:00:00,-21
1929,2020-07-12 00:00:00,-76
1930,2020-07-13 00:00:00,1
1931,2020-07-14 00:00:00,94
1932,2020-07-15 00:00:00,17
1933,2020-07-16 00:00:00,18
1934,2020-07-17 00:00:00,30
1935,2020-07-18 00:00:00,-9
1936,2020-07-19 00:00:00,-3
1937,2020-07-20 00:00:00,52
1938,2020-07-21 00:00:00,60
1939,2020-07-22 00:00:00,17
1940,2020-07-23 00:00:00,-63
1941,2020-07-24 00:00:00,-74
1942,2020-07-25 00:00:00,39
1943,2020-07-26 00:00:00,95
1944,2020-07-27 00:00:00,-8
1945,2020-07-28 00:00:00,-25
1946,2020-07-29 00:00:00,2
1947,2020-07-30 00:00:00,-86
1948,2020-07-31 00:00:00,40
1949,2020-08-01 00:00:00,13
1950,2020-08-02 00:00:00,16
1951,2020-08-03 00:00:00,51
1952,2020-08-04 00:00:00,31
1953,2020-08-05 00:00:00,-89
1954,2020-08-06 00:00:00,-58
1955,2020-08-07 00:00:00,94
1956,2020-08-08 00:00:00,50
1957,2020-08-09 00:00:00,-89
1958,2020-08-10 00:00:00,60
1959,2020-08-11 00:00:00,-90
1960,2020-08-12 00:00:00,-36
1961,2020-08-13 00:00:00,18
1962,2020-08-14 00:00:00,-58
1963,2020-08-15 00:00:00,-95
1964,2020-08-16 00:00:00,-52
1965,2020-08-17 00:00:00,-52
1966,2020-08-18 00:00:00,-53
1967,2020-08-19 00:00:00,-83
1968,2020-08-20 00:00:00,-96
1969,2020-08-21 00:00:00,85
1970,2020-08-22 00:00:00,-63
1971,2020-08-23 00:00:00,44
1972,2020-08-24 00:00:00,24
1973,2020-08-25 00:00:00,-4
1974,2020-08-26 00:00:00,-35
1975,2020-08-27 00:00:00,-82
1976,2020-08-28 00:00:00,-22
1977,2020-08-29 00:00:00,67
1978,2020-08-30 00:00:00,-18
1979,2020-08-31 00:00:00,49
1980,2020-09-01 00:00:00,-100
1981,2020-09-02 00:00:00,82
1982,2020-09-03 00:00:00,-62
1983,2020-09-04 00:00:00,-77
1984,2020-09-05 00:00:00,-53
1985,2020-09-06 00:00:00,-24
1986,2020-09-07 00:00:00,54
1987,2020-09-08 00:00:00,-99
1988,2020-09-09 00:00:00,56
1989,2020-09-10 00:00:00,-43
1990,2020-09-11 00:00:00,-5
1991,2020-09-12 00:00:00,-65
1992,2020-09-13 00:00:00,22
1993,2020-09-14 00:00:00,-23
1994,2020-09-15 00:00:00,-4
1995,2020-09-16 00:00:00,34
1996,2020-09-17 00:00:00,61
1997,2020-09-18 00:00:00,99
1998,2020-09-19 00:00:00,-50
1999,2020-09-20 00:00:00,-84
2000,2020-09-21 00:00:00,25
2001,2020-09-22 00:00:00,-84
2002,2020-09-23 00:00:00,-95
2003,2020-09-24 00:00:00,1
2004,2020-09-25 00:00:00,84
2005,2020-09-26 00:00:00,-9
2006,2020-09-27 00:00:00,51
2007,2020-09-28 00:00:00,28
2008,2020-09-29 00:00:00,-32
2009,2020-09-30 00:00:00,27
2010,2020-10-01 00:00:00,44
2011,2020-10-02 00:00:00,16
2012,2020-10-03 00:00:00,-57
2013,2020-10-04 00:00:00,75
2014,2020-10-05 00:00:00,29
2015,2020-10-06 00:00:00,19
2016,2020-10-07 00:00:00,75
2017,2020-10-08 00:00:00,46
2018,2020-10-09 00:00:00,41
2019,2020-10-10 00:00:00,24
2020,2020-10-11 00:00:00,14
2021,2020-10-12 00:00:00,-33
2022,2020-10-13 00:00:00,-27
2023,2020-10-14 00:00:00,-33
2024,2020-10-15 00:00:00,-23
2025,2020-10-16 00:00:00,49
2026,2020-10-17 00:00:00,-70
2027,2020-10-18 00:00:00,28
2028,2020-10-19 00:00:00,-70
2029,2020-10-20 00:00:00,59
2030,2020-10-21 00:00:00,26
2031,2020-10-22 00:00:00,-88
2032,2020-10-23 00:00:00,-89
2033,2020-10-24 00:00:00,12
2034,2020-10-25 00:00:00,45
2035,2020-10-26 00:00:00,68
2036,2020-10-27 00:00:00,-15
2037,2020-10-28 00:00:00,35
2038,2020-10-29 00:00:00,-3
2039,2020-10-30 00:00:00,-33
2040,2020-10-31 00:00:00,67
2041,2020-11-01 00:00:00,32
2042,2020-11-02 00:00:00,31
2043,2020-11-03 00:00:00,-63
2044,2020-11-04 00:00:00,-90
2045,2020-11-05 00:00:00,16
2046,2020-11-06 00:00:00,73
2047,2020-11-07 00:00:00,61
2048,2020-11-08 00:00:00,98
2049,2020-11-09 00:00:00,29
2050,2020-11-10 00:00:00,2
2051,2020-11-11 00:00:00,-93
2052,2020-11-12 00:00:00,-56
2053,2020-11-13 00:00:00,53
2054,2020-11-14 00:00:00,68
2055,2020-11-15 00:00:00,-90
2056,2020-11-16 00:00:00,75
2057,2020-11-17 00:00:00,-99
2058,2020-11-18 00:00:00,35
2059,2020-11-19 00:00:00,99
2060,2020-11-20 00:00:00,-50
2061,2020-11-21 00:00:00,-60
2062,2020-11-22 00:00:00,-19
2063,2020-11-23 00:00:00,-17
2064,2020-11-24 00:00:00,-30
2065,2020-11-25 00:00:00,10
2066,2020-11-26 00:00:00,11
2067,2020-11-27 00:00:00,39
2068,2020-11-28 00:00:00,-91
2069,2020-11-29 00:00:00,84
2070,2020-11-30 00:00:00,74
2071,2020-12-01 00:00:00,52
2072,2020-12-02 00:00:00,-26
2073,2020-12-03 00:00:00,4
2074,2020-12-04 00:00:00,-17
2075,2020-12-05 00:00:00,-23
2076,2020-12-06 00:00:00,94
2077,2020-12-07 00:00:00,72
2078,2020-12-08 00:00:00,57
2079,2020-12-09 00:00:00,99
2080,2020-12-10 00:00:00,3
2081,2020-12-11 00:00:00,-51
2082,2020-12-12 00:00:00,-11
2083,2020-12-13 00:00:00,-88
2084,2020-12-14 00:00:00,-46
2085,2020-12-15 00:00:00,69
2086,2020-12-16 00:00:00,-13
2087,2020-12-17 00:00:00,-98
2088,2020-12-18 00:00:00,9
2089,2020-12-19 00:00:00,-54
2090,2020-12-20 00:00:00,-27
2091,2020-12-21 00:00:00,-40
2092,2020-12-22 00:00:00,-21
2093,2020-12-23 00:00:00,43
2094,2020-12-24 00:00:00,-82
2095,2020-12-25 00:00:00,-46
2096,2020-12-26 00:00:00,-1
2097,2020-12-27 00:00:00,-36
2098,2020-12-28 00:00:00,-59
2099,2020-12-29 00:00:00,-87
2100,2020-12-30 00:00:00,-55
2101,2020-12-31 00:00:00,62
2102,2021-01-01 00:00:00,54
2103,2021-01-02 00:00:00,-97
2104,2021-01-03 00:00:00,-77
2105,2021-01-04 00:00:00,-25
2106,2021-01-05 00:00:00,41
2107,2021-01-06 00:00:00,-27
2108,2021-01-07 00:00:00,-55
2109,2021-01-08 00:00:00,-97
2110,2021-01-09 00:00:00,68
2111,2021-01-10 00:00:00,-32
2112,2021-01-11 00:00:00,-88
2113,2021-01-12 00:00:00,92
2114,2021-01-13 00:00:00,-45
2115,2021-01-14 00:00:00,-97
2116,2021-01-15 00:00:00,-17
2117,2021-01-16 00:00:00,-36
2118,2021-01-17 00:00:00,70
2119,2021-01-18 00:00:00,21
2120,2021-01-19 00:00:00,17
2121,2021-01-20 00:00:00,39
2122,2021-01-21 00:00:00,33
2123,2021-01-22 00:00:00,92
2124,2021-01-23 00:00:00,57
2125,2021-01-24 00:00:00,-72
2126,2021-01-25 00:00:00,52
2127,2021-01-26 00:00:00,-65
2128,2021-01-27 00:00:00,34
2129,2021-01-28 00:00:00,91
2130,2021-01-29 00:00:00,-36
2131,2021-01-30 00:00:00,-43
2132,2021-01-31 00:00:00,-88
2133,2021-02-01 00:00:00,10
2134,2021-02-02 00:00:00,93
2135,2021-02-03 00:00:00,43
2136,2021-02-04 00:00:00,38
2137,2021-02-05 00:00:00,-83
2138,2021-02-06 00:00:00,-50
2139,2021-02-07 00:00:00,18
2140,2021-02-08 00:00:00,6
2141,2021-02-09 00:00:00,98
2142,2021-02-10 00:00:00,77
2143,2021-02-11 00:00:00,-8
2144,2021-02-12 00:00:00,57
2145,2021-02-13 00:00:00,-58
2146,2021-02-14 00:00:00,96
2147,2021-02-15 00:00:00,21
2148,2021-02-16 00:00:00,23
2149,2021-02-17 00:00:00,58
2150,2021-02-18 00:00:00,-22
2151,2021-02-19 00:00:00,69
2152,2021-02-20 00:00:00,13
2153,2021-02-21 00:00:00,93
2154,2021-02-22 00:00:00,28
2155,2021-02-23 00:00:00,-38
2156,2021-02-24 00:00:00,45
2157,2021-02-25 00:00:00,-66
2158,2021-02-26 00:00:00,12
2159,2021-02-27 00:00:00,-68
2160,2021-02-28 00:00:00,3
2161,2021-03-01 00:00:00,6
2162,2021-03-02 00:00:00,-73
2163,2021-03-03 00:00:00,-3
2164,2021-03-04 00:00:00,-88
2165,2021-03-05 00:00:00,67
2166,2021-03-06 00:00:00,-29
2167,2021-03-07 00:00:00,-89
2168,2021-03-08 00:00:00,-34
2169,2021-03-09 00:00:00,-3
2170,2021-03-10 00:00:00,87
2171,2021-03-11 00:00:00,89
2172,2021-03-12 00:00:00,98
2173,2021-03-13 00:00:00,-79
2174,2021-03-14 00:00:00,41
2175,2021-03-15 00:00:00,67
2176,2021-03-16 00:00:00,-34
2177,2021-03-17 00:00:00,-96
2178,2021-03-18 00:00:00,-25
2179,2021-03-19 00:00:00,-75
2180,2021-03-20 00:00:00,37
2181,2021-03-21 00:00:00,53
2182,2021-03-22 00:00:00,68
2183,2021-03-23 00:00:00,57
2184,2021-03-24 00:00:00,32
2185,2021-03-25 00:00:00,22
2186,2021-03-26 00:00:00,-25
2187,2021-03-27 00:00:00,50
2188,2021-03-28 00:00:00,17
2189,2021-03-29 00:00:00,-13
2190,2021-03-30 00:00:00,-85
2191,2021-03-31 00:00:00,-21
2192,2021-04-01 00:00:00,42
2193,2021-04-02 00:00:00,-42
2194,2021-04-03 00:00:00,76
2195,2021-04-04 00:00:00,-94
2196,2021-04-05 00:00:00,-43
2197,2021-04-06 00:00:00,-85
2198,2021-04-07 00:00:00,-69
2199,2021-04-08 00:00:00,-18
2200,2021-04-09 00:00:00,44
2201,2021-04-10 00:00:00,43
2202,2021-04-11 00:00:00,69
2203,2021-04-12 00:00:00,91
2204,2021-04-13 00:00:00,0
2205,2021-04-14 00:00:00,65
2206,2021-04-15 00:00:00,58
2207,2021-04-16 00:00:00,-6
2208,2021-04-17 00:00:00,46
2209,2021-04-18 00:00:00,68
2210,2021-04-19 00:00:00,15
2211,2021-04-20 00:00:00,-50
2212,2021-04-21 00:00:00,79
2213,2021-04-22 00:00:00,-51
2214,2021-04-23 00:00:00,56
2215,2021-04-24 00:00:00,61
2216,2021-04-25 00:00:00,20
2217,2021-04-26 00:00:00,-94
2218,2021-04-27 00:00:00,-33
2219,2021-04-28 00:00:00,5
2220,2021-04-29 00:00:00,5
2221,2021-04-30 00:00:00,-48
2222,2021-05-01 00:00:00,13
2223,2021-05-02 00:00:00,26
2224,2021-05-03 00:00:00,-24
2225,2021-05-04 00:00:00,-89
2226,2021-05-05 00:00:00,-80
2227,2021-05-06 00:00:00,-16
2228,2021-05-07 00:00:00,-99
2229,2021-05-08 00:00:00,63
2230,2021-05-09 00:00:00,12
2231,2021-05-10 00:00:00,50
2232,2021-05-11 00:00:00,-72
2233,2021-05-12 00:00:00,-27
2234,2021-05-13 00:00:00,-72
2235,2021-05-14 00:00:00,43
2236,2021-05-15 00:00:00,88
2237,2021-05-16 00:00:00,87
2238,2021-05-17 00:00:00,-43
2239,2021-05-18 00:00:00,-26
2240,2021-05-19 00:00:00,77
2241,2021-05-20 00:00:00,-80
2242,2021-05-21 00:00:00,-11
2243,2021-05-22 00:00:00,79
2244,2021-05-23 00:00:00,3
2245,2021-05-24 00:00:00,80
2246,2021-05-25 00:00:00,98
2247,2021-05-26 00:00:00,-11
2248,2021-05-27 00:00:00,-39
2249,2021-05-28 00:00:00,8
2250,2021-05-29 00:00:00,-67
2251,2021-05-30 00:00:00,31
2252,2021-05-31 00:00:00,-90
2253,2021-06-01 00:00:00,-8
2254,2021-06-02 00:00:00,-74
2255,2021-06-03 00:00:00,41
2256,2021-06-04 00:00:00,88
2257,2021-06-05 00:00:00,-7
2258,2021-06-06 00:00:00,6
2259,2021-06-07 00:00:00,23
2260,2021-06-08 00:00:00,-28
2261,2021-06-09 00:00:00,99
2262,2021-06-10 00:00:00,41
2263,2021-06-11 00:00:00,-95
2264,2021-06-12 00:00:00,-50
2265,2021-06-13 00:00:00,37
2266,2021-06-14 00:00:00,-44
2267,2021-06-15 00:00:00,5
2268,2021-06-16 00:00:00,-41
2269,2021-06-17 00:00:00,20
2270,2021-06-18 00:00:00,-81
2271,2021-06-19 00:00:00,85
2272,2021-06-20 00:00:00,-86
2273,2021-06-21 00:00:00,-8
2274,2021-06-22 00:00:00,47
2275,2021-06-23 00:00:00,2
2276,2021-06-24 00:00:00,-16
2277,2021-06-25 00:00:00,-12
2278,2021-06-26 00:00:00,30
2279,2021-06-27 00:00:00,33
2280,2021-06-28 00:00:00,-82
2281,2021-06-29 00:00:00,-100
2282,2021-06-30 00:00:00,98
2283,2021-07-01 00:00:00,-27
2284,2021-07-02 00:00:00,-49
2285,2021-07-03 00:00:00,30
2286,2021-07-04 00:00:00,-29
2287,2021-07-05 00:00:00,-99
2288,2021-07-06 00:00:00,-4
2289,2021-07-07 00:00:00,-41
2290,2021-07-08 00:00:00,-100
2291,2021-07-09 00:00:00,-60
2292,2021-07-10 00:00:00,-50
2293,2021-07-11 00:00:00,6
2294,2021-07-12 00:00:00,-33
2295,2021-07-13 00:00:00,21
2296,2021-07-14 00:00:00,-64
2297,2021-07-15 00:00:00,-85
2298,2021-07-16 00:00:00,85
2299,2021-07-17 00:00:00,39
2300,2021-07-18 00:00:00,-95
2301,2021-07-19 00:00:00,28
2302,2021-07-20 00:00:00,-41
2303,2021-07-21 00:00:00,-24
2304,2021-07-22 00:00:00,95
2305,2021-07-23 00:00:00,15
2306,2021-07-24 00:00:00,-9
2307,2021-07-25 00:00:00,-60
2308,2021-07-26 00:00:00,84
2309,2021-07-27 00:00:00,59
2310,2021-07-28 00:00:00,97
2311,2021-07-29 00:00:00,33
2312,2021-07-30 00:00:00,-15
2313,2021-07-31 00:00:00,76
2314,2021-08-01 00:00:00,-3
2315,2021-08-02 00:00:00,3
2316,2021-08-03 00:00:00,-97
2317,2021-08-04 00:00:00,-31
2318,2021-08-05 00:00:00,2
2319,2021-08-06 00:00:00,77
2320,2021-08-07 00:00:00,60
2321,2021-08-08 00:00:00,79
2322,2021-08-09 00:00:00,-88
2323,2021-08-10 00:00:00,97
2324,2021-08-11 00:00:00,-1
2325,2021-08-12 00:00:00,78
2326,2021-08-13 00:00:00,-31
2327,2021-08-14 00:00:00,97
2328,2021-08-15 00:00:00,-16
2329,2021-08-16 00:00:00,-95
2330,2021-08-17 00:00:00,-32
2331,2021-08-18 00:00:00,75
2332,2021-08-19 00:00:00,70
2333,2021-08-20 00:00:00,26
2334,2021-08-21 00:00:00,13
2335,2021-08-22 00:00:00,7
2336,2021-08-23 00:00:00,24
2337,2021-08-24 00:00:00,94
2338,2021-08-25 00:00:00,39
2339,2021-08-26 00:00:00,-26
2340,2021-08-27 00:00:00,38
2341,2021-08-28 00:00:00,63
2342,2021-08-29 00:00:00,89
2343,2021-08-30 00:00:00,35
2344,2021-08-31 00:00:00,53
2345,2021-09-01 00:00:00,50
2346,2021-09-02 00:00:00,24
2347,2021-09-03 00:00:00,18
2348,2021-09-04 00:00:00,-7
2349,2021-09-05 00:00:00,-27
2350,2021-09-06 00:00:00,74
2351,2021-09-07 00:00:00,-24
2352,2021-09-08 00:00:00,-51
2353,2021-09-09 00:00:00,1
2354,2021-09-10 00:00:00,-86
2355,2021-09-11 00:00:00,-44
2356,2021-09-12 00:00:00,61
2357,2021-09-13 00:00:00,29
2358,2021-09-14 00:00:00,-56
2359,2021-09-15 00:00:00,3
2360,2021-09-16 00:00:00,69
2361,2021-09-17 00:00:00,-85
2362,2021-09-18 00:00:00,31
2363,2021-09-19 00:00:00,-14
2364,2021-09-20 00:00:00,50
2365,2021-09-21 00:00:00,-5
2366,2021-09-22 00:00:00,-39
2367,2021-09-23 00:00:00,-54
2368,2021-09-24 00:00:00,24
2369,2021-09-25 00:00:00,97
2370,2021-09-26 00:00:00,-73
2371,2021-09-27 00:00:00,-25
2372,2021-09-28 00:00:00,-85
2373,2021-09-29 00:00:00,66
2374,2021-09-30 00:00:00,94
2375,2021-10-01 00:00:00,22
2376,2021-10-02 00:00:00,99
2377,2021-10-03 00:00:00,-85
2378,2021-10-04 00:00:00,88
2379,2021-10-05 00:00:00,-95
2380,2021-10-06 00:00:00,2
2381,2021-10-07 00:00:00,87
2382,2021-10-08 00:00:00,-7
2383,2021-10-09 00:00:00,90
2384,2021-10-10 00:00:00,-6
2385,2021-10-11 00:00:00,-42
2386,2021-10-12 00:00:00,72
2387,2021-10-13 00:00:00,-54
2388,2021-10-14 00:00:00,35
2389,2021-10-15 00:00:00,53
2390,2021-10-16 00:00:00,22
2391,2021-10-17 00:00:00,-6
2392,2021-10-18 00:00:00,-61
2393,2021-10-19 00:00:00,45
2394,2021-10-20 00:00:00,97
2395,2021-10-21 00:00:00,79
2396,2021-10-22 00:00:00,0
2397,2021-10-23 00:00:00,-94
2398,2021-10-24 00:00:00,-41
2399,2021-10-25 00:00:00,17
2400,2021-10-26 00:00:00,-48
2401,2021-10-27 00:00:00,56
2402,2021-10-28 00:00:00,17
2403,2021-10-29 00:00:00,7
2404,2021-10-30 00:00:00,-4
2405,2021-10-31 00:00:00,-8
2406,2021-11-01 00:00:00,34
2407,2021-11-02 00:00:00,56
2408,2021-11-03 00:00:00,43
2409,2021-11-04 00:00:00,-34
2410,2021-11-05 00:00:00,87
2411,2021-11-06 00:00:00,-45
2412,2021-11-07 00:00:00,-16
2413,2021-11-08 00:00:00,-75
2414,2021-11-09 00:00:00,75
2415,2021-11-10 00:00:00,-46
2416,2021-11-11 00:00:00,82
2417,2021-11-12 00:00:00,-95
2418,2021-11-13 00:00:00,68
2419,2021-11-14 00:00:00,-32
2420,2021-11-15 00:00:00,-77
2421,2021-11-16 00:00:00,62
2422,2021-11-17 00:00:00,-26
2423,2021-11-18 00:00:00,33
2424,2021-11-19 00:00:00,-67
2425,2021-11-20 00:00:00,-52
2426,2021-11-21 00:00:00,43
2427,2021-11-22 00:00:00,-67
2428,2021-11-23 00:00:00,88
2429,2021-11-24 00:00:00,40
2430,2021-11-25 00:00:00,57
2431,2021-11-26 00:00:00,51
2432,2021-11-27 00:00:00,84
2433,2021-11-28 00:00:00,75
2434,2021-11-29 00:00:00,14
2435,2021-11-30 00:00:00,-29
2436,2021-12-01 00:00:00,-67
2437,2021-12-02 00:00:00,-47
2438,2021-12-03 00:00:00,75
2439,2021-12-04 00:00:00,57
2440,2021-12-05 00:00:00,-18
2441,2021-12-06 00:00:00,87
2442,2021-12-07 00:00:00,23
2443,2021-12-08 00:00:00,36
2444,2021-12-09 00:00:00,-57
2445,2021-12-10 00:00:00,-83
2446,2021-12-11 00:00:00,-64
2447,2021-12-12 00:00:00,-31
2448,2021-12-13 00:00:00,-43
2449,2021-12-14 00:00:00,-85
2450,2021-12-15 00:00:00,89
2451,2021-12-16 00:00:00,-83
2452,2021-12-17 00:00:00,-21
2453,2021-12-18 00:00:00,-82
2454,2021-12-19 00:00:00,88
2455,2021-12-20 00:00:00,56
2456,2021-12-21 00:00:00,-63
2457,2021-12-22 00:00:00,-98
2458,2021-12-23 00:00:00,63
2459,2021-12-24 00:00:00,-33
2460,2021-12-25 00:00:00,-100
2461,2021-12-26 00:00:00,40
2462,2021-12-27 00:00:00,-12
2463,2021-12-28 00:00:00,-21
2464,2021-12-29 00:00:00,69
2465,2021-12-30 00:00:00,91
2466,2021-12-31 00:00:00,72
2467,2022-01-01 00:00:00,-91
2468,2022-01-02 00:00:00,-28
2469,2022-01-03 00:00:00,-67
2470,2022-01-04 00:00:00,85
2471,2022-01-05 00:00:00,-77
2472,2022-01-06 00:00:00,-87
2473,2022-01-07 00:00:00,60
2474,2022-01-08 00:00:00,44
2475,2022-01-09 00:00:00,-99
2476,2022-01-10 00:00:00,86
2477,2022-01-11 00:00:00,54
2478,2022-01-12 00:00:00,-80
2479,2022-01-13 00:00:00,87
2480,2022-01-14 00:00:00,-54
2481,2022-01-15 00:00:00,-10
2482,2022-01-16 00:00:00,61
2483,2022-01-17 00:00:00,-5
2484,2022-01-18 00:00:00,-3
2485,2022-01-19 00:00:00,10
2486,2022-01-20 00:00:00,50
2487,2022-01-21 00:00:00,-12
2488,2022-01-22 00:00:00,51
2489,2022-01-23 00:00:00,-15
2490,2022-01-24 00:00:00,-65
2491,2022-01-25 00:00:00,-87
2492,2022-01-26 00:00:00,-14
2493,2022-01-27 00:00:00,-55
2494,2022-01-28 00:00:00,-39
2495,2022-01-29 00:00:00,75
2496,2022-01-30 00:00:00,76
2497,2022-01-31 00:00:00,-40
2498,2022-02-01 00:00:00,-87
2499,2022-02-02 00:00:00,90
2500,2022-02-03 00:00:00,89
2501,2022-02-04 00:00:00,15
2502,2022-02-05 00:00:00,-90
2503,2022-02-06 00:00:00,70
2504,2022-02-07 00:00:00,54
2505,2022-02-08 00:00:00,6
2506,2022-02-09 00:00:00,-63
2507,2022-02-10 00:00:00,59
2508,2022-02-11 00:00:00,-68
2509,2022-02-12 00:00:00,54
2510,2022-02-13 00:00:00,-21
2511,2022-02-14 00:00:00,-72
2512,2022-02-15 00:00:00,-46
2513,2022-02-16 00:00:00,-11
2514,2022-02-17 00:00:00,-12
2515,2022-02-18 00:00:00,22
2516,2022-02-19 00:00:00,92
2517,2022-02-20 00:00:00,-71
2518,2022-02-21 00:00:00,51
2519,2022-02-22 00:00:00,73
2520,2022-02-23 00:00:00,-70
2521,2022-02-24 00:00:00,-8
2522,2022-02-25 00:00:00,86
2523,2022-02-26 00:00:00,-65
2524,2022-02-27 00:00:00,53
2525,2022-02-28 00:00:00,-71
2526,2022-03-01 00:00:00,38
2527,2022-03-02 00:00:00,14
2528,2022-03-03 00:00:00,57
2529,2022-03-04 00:00:00,-92
2530,2022-03-05 00:00:00,-29
2531,2022-03-06 00:00:00,43
2532,2022-03-07 00:00:00,6
2533,2022-03-08 00:00:00,-15
2534,2022-03-09 00:00:00,54
2535,2022-03-10 00:00:00,55
2536,2022-03-11 00:00:00,46
2537,2022-03-12 00:00:00,95
2538,2022-03-13 00:00:00,98
2539,2022-03-14 00:00:00,41
2540,2022-03-15 00:00:00,30
2541,2022-03-16 00:00:00,-11
2542,2022-03-17 00:00:00,-48
2543,2022-03-18 00:00:00,34
2544,2022-03-19 00:00:00,36
2545,2022-03-20 00:00:00,53
2546,2022-03-21 00:00:00,42
2547,2022-03-22 00:00:00,39
2548,2022-03-23 00:00:00,-92
2549,2022-03-24 00:00:00,5
2550,2022-03-25 00:00:00,-52
2551,2022-03-26 00:00:00,-60
2552,2022-03-27 00:00:00,5
2553,2022-03-28 00:00:00,89
2554,2022-03-29 00:00:00,43
2555,2022-03-30 00:00:00,19
2556,2022-03-31 00:00:00,-96
