date,QCOM_monthly
2015-04-01 00:00:00,-22.58064516
2015-04-02 00:00:00,-22.58064516
2015-04-03 00:00:00,8.333333333
2015-04-04 00:00:00,103.8461538
2015-04-05 00:00:00,-100
2015-04-06 00:00:00,inf
2015-04-07 00:00:00,-4.87804878
2015-04-08 00:00:00,-17.94871795
2015-04-09 00:00:00,15.625
2015-04-10 00:00:00,-13.51351351
2015-04-11 00:00:00,-43.75
2015-04-12 00:00:00,44.44444444
2015-04-13 00:00:00,134.6153846
2015-04-14 00:00:00,-19.67213115
2015-04-15 00:00:00,-40.81632653
2015-04-16 00:00:00,62.06896552
2015-04-17 00:00:00,-17.0212766
2015-04-18 00:00:00,-69.23076923
2015-04-19 00:00:00,8.333333333
2015-04-20 00:00:00,238.4615385
2015-04-21 00:00:00,0
2015-04-22 00:00:00,79.54545455
2015-04-23 00:00:00,26.58227848
2015-04-24 00:00:00,-63
2015-04-25 00:00:00,-40.54054054
2015-04-26 00:00:00,9.090909091
2015-04-27 00:00:00,95.83333333
2015-04-28 00:00:00,59.57446809
2015-04-29 00:00:00,-32
2015-04-30 00:00:00,-37.25490196
2015-05-01 00:00:00,-68.18181818
2015-05-02 00:00:00,-68.18181818
2015-05-03 00:00:00,-100
2015-05-04 00:00:00,inf
2015-05-05 00:00:00,8.163265306
2015-05-06 00:00:00,7.547169811
2015-05-07 00:00:00,-5.263157895
2015-05-08 00:00:00,-38.88888889
2015-05-09 00:00:00,-69.6969697
2015-05-10 00:00:00,160
2015-05-11 00:00:00,165.3846154
2015-05-12 00:00:00,-18.84057971
2015-05-13 00:00:00,-14.28571429
2015-05-14 00:00:00,18.75
2015-05-15 00:00:00,31.57894737
2015-05-16 00:00:00,-57.33333333
2015-05-17 00:00:00,-34.375
2015-05-18 00:00:00,133.3333333
2015-05-19 00:00:00,10.20408163
2015-05-20 00:00:00,5.555555556
2015-05-21 00:00:00,29.8245614
2015-05-22 00:00:00,-14.86486486
2015-05-23 00:00:00,12.6984127
2015-05-24 00:00:00,-56.33802817
2015-05-25 00:00:00,-25.80645161
2015-05-26 00:00:00,82.60869565
2015-05-27 00:00:00,47.61904762
2015-05-28 00:00:00,61.29032258
2015-05-29 00:00:00,-27
2015-05-30 00:00:00,-68.49315068
2015-05-31 00:00:00,26.08695652
2015-06-01 00:00:00,-29.62962963
2015-06-02 00:00:00,-29.62962963
2015-06-03 00:00:00,47.36842105
2015-06-04 00:00:00,-17.85714286
2015-06-05 00:00:00,-4.347826087
2015-06-06 00:00:00,-59.09090909
2015-06-07 00:00:00,-22.22222222
2015-06-08 00:00:00,271.4285714
2015-06-09 00:00:00,-26.92307692
2015-06-10 00:00:00,15.78947368
2015-06-11 00:00:00,-45.45454545
2015-06-12 00:00:00,66.66666667
2015-06-13 00:00:00,-65
2015-06-14 00:00:00,14.28571429
2015-06-15 00:00:00,200
2015-06-16 00:00:00,-12.5
2015-06-17 00:00:00,-9.523809524
2015-06-18 00:00:00,5.263157895
2015-06-19 00:00:00,0
2015-06-20 00:00:00,-70
2015-06-21 00:00:00,66.66666667
2015-06-22 00:00:00,190
2015-06-23 00:00:00,-13.79310345
2015-06-24 00:00:00,-24
2015-06-25 00:00:00,78.94736842
2015-06-26 00:00:00,-35.29411765
2015-06-27 00:00:00,-54.54545455
2015-06-28 00:00:00,-10
2015-06-29 00:00:00,133.3333333
2015-06-30 00:00:00,76.19047619
2015-07-01 00:00:00,-34.28571429
2015-07-02 00:00:00,-34.28571429
2015-07-03 00:00:00,-30.43478261
2015-07-04 00:00:00,-50
2015-07-05 00:00:00,-25
2015-07-06 00:00:00,200
2015-07-07 00:00:00,100
2015-07-08 00:00:00,-19.44444444
2015-07-09 00:00:00,20.68965517
2015-07-10 00:00:00,-11.42857143
2015-07-11 00:00:00,-100
2015-07-12 00:00:00,inf
2015-07-13 00:00:00,inf
2015-07-14 00:00:00,40.90909091
2015-07-15 00:00:00,6.451612903
2015-07-16 00:00:00,24.24242424
2015-07-17 00:00:00,-14.63414634
2015-07-18 00:00:00,-62.85714286
2015-07-19 00:00:00,-69.23076923
2015-07-20 00:00:00,625
2015-07-21 00:00:00,120.6896552
2015-07-22 00:00:00,56.25
2015-07-23 00:00:00,-17
2015-07-24 00:00:00,-26.5060241
2015-07-25 00:00:00,-67.21311475
2015-07-26 00:00:00,-65
2015-07-27 00:00:00,671.4285714
2015-07-28 00:00:00,-37.03703704
2015-07-29 00:00:00,-11.76470588
2015-07-30 00:00:00,-13.33333333
2015-07-31 00:00:00,26.92307692
2015-08-01 00:00:00,145.4545455
2015-08-02 00:00:00,145.4545455
2015-08-03 00:00:00,103.7037037
2015-08-04 00:00:00,23.63636364
2015-08-05 00:00:00,-2.941176471
2015-08-06 00:00:00,-21.21212121
2015-08-07 00:00:00,1.923076923
2015-08-08 00:00:00,-64.1509434
2015-08-09 00:00:00,-26.31578947
2015-08-10 00:00:00,114.2857143
2015-08-11 00:00:00,136.6666667
2015-08-12 00:00:00,-22.53521127
2015-08-13 00:00:00,-12.72727273
2015-08-14 00:00:00,-2.083333333
2015-08-15 00:00:00,-87.23404255
2015-08-16 00:00:00,-100
2015-08-17 00:00:00,inf
2015-08-18 00:00:00,71.42857143
2015-08-19 00:00:00,-16.66666667
2015-08-20 00:00:00,10
2015-08-21 00:00:00,0
2015-08-22 00:00:00,-58.18181818
2015-08-23 00:00:00,-56.52173913
2015-08-24 00:00:00,870
2015-08-25 00:00:00,3.092783505
2015-08-26 00:00:00,-35
2015-08-27 00:00:00,-10.76923077
2015-08-28 00:00:00,-6.896551724
2015-08-29 00:00:00,-62.96296296
2015-08-30 00:00:00,5
2015-08-31 00:00:00,119.047619
2015-09-01 00:00:00,-3.529411765
2015-09-02 00:00:00,-3.529411765
2015-09-03 00:00:00,-9.756097561
2015-09-04 00:00:00,-10.81081081
2015-09-05 00:00:00,-27.27272727
2015-09-06 00:00:00,-64.58333333
2015-09-07 00:00:00,-100
2015-09-08 00:00:00,inf
2015-09-09 00:00:00,-44.92753623
2015-09-10 00:00:00,115.7894737
2015-09-11 00:00:00,-34.14634146
2015-09-12 00:00:00,-70.37037037
2015-09-13 00:00:00,50
2015-09-14 00:00:00,137.5
2015-09-15 00:00:00,22.80701754
2015-09-16 00:00:00,5.714285714
2015-09-17 00:00:00,13.51351351
2015-09-18 00:00:00,-10.71428571
2015-09-19 00:00:00,-17.33333333
2015-09-20 00:00:00,-72.58064516
2015-09-21 00:00:00,152.9411765
2015-09-22 00:00:00,9.302325581
2015-09-23 00:00:00,-19.14893617
2015-09-24 00:00:00,128.9473684
2015-09-25 00:00:00,-5.747126437
2015-09-26 00:00:00,-56.09756098
2015-09-27 00:00:00,-100
2015-09-28 00:00:00,inf
2015-09-29 00:00:00,68.88888889
2015-09-30 00:00:00,-38.15789474
2015-10-01 00:00:00,-26.31578947
2015-10-02 00:00:00,-26.31578947
2015-10-03 00:00:00,-50
2015-10-04 00:00:00,14.28571429
2015-10-05 00:00:00,200
2015-10-06 00:00:00,-4.166666667
2015-10-07 00:00:00,-47.82608696
2015-10-08 00:00:00,66.66666667
2015-10-09 00:00:00,30
2015-10-10 00:00:00,-50
2015-10-11 00:00:00,-23.07692308
2015-10-12 00:00:00,30
2015-10-13 00:00:00,61.53846154
2015-10-14 00:00:00,0
2015-10-15 00:00:00,-19.04761905
2015-10-16 00:00:00,41.17647059
2015-10-17 00:00:00,-70.83333333
2015-10-18 00:00:00,-42.85714286
2015-10-19 00:00:00,500
2015-10-20 00:00:00,-20.83333333
2015-10-21 00:00:00,-5.263157895
2015-10-22 00:00:00,44.44444444
2015-10-23 00:00:00,30.76923077
2015-10-24 00:00:00,-55.88235294
2015-10-25 00:00:00,-40
2015-10-26 00:00:00,188.8888889
2015-10-27 00:00:00,-19.23076923
2015-10-28 00:00:00,0
2015-10-29 00:00:00,52.38095238
2015-10-30 00:00:00,-18.75
2015-10-31 00:00:00,-57.69230769
2015-11-01 00:00:00,81.81818182
2015-11-02 00:00:00,81.81818182
2015-11-03 00:00:00,35
2015-11-04 00:00:00,140.7407407
2015-11-05 00:00:00,53.84615385
2015-11-06 00:00:00,-32
2015-11-07 00:00:00,-75
2015-11-08 00:00:00,-52.94117647
2015-11-09 00:00:00,225
2015-11-10 00:00:00,-30.76923077
2015-11-11 00:00:00,77.77777778
2015-11-12 00:00:00,46.875
2015-11-13 00:00:00,-51.06382979
2015-11-14 00:00:00,-100
2015-11-15 00:00:00,inf
2015-11-16 00:00:00,inf
2015-11-17 00:00:00,28.57142857
2015-11-18 00:00:00,140.7407407
2015-11-19 00:00:00,6.153846154
2015-11-20 00:00:00,-44.92753623
2015-11-21 00:00:00,-36.84210526
2015-11-22 00:00:00,-66.66666667
2015-11-23 00:00:00,300
2015-11-24 00:00:00,-9.375
2015-11-25 00:00:00,-24.13793103
2015-11-26 00:00:00,-13.63636364
2015-11-27 00:00:00,-5.263157895
2015-11-28 00:00:00,-11.11111111
2015-11-29 00:00:00,0
2015-11-30 00:00:00,118.75
2015-12-01 00:00:00,108.5106383
2015-12-02 00:00:00,108.5106383
2015-12-03 00:00:00,-36.73469388
2015-12-04 00:00:00,-33.87096774
2015-12-05 00:00:00,-21.95121951
2015-12-06 00:00:00,-71.875
2015-12-07 00:00:00,422.2222222
2015-12-08 00:00:00,31.91489362
2015-12-09 00:00:00,-19.35483871
2015-12-10 00:00:00,-6
2015-12-11 00:00:00,-44.68085106
2015-12-12 00:00:00,-19.23076923
2015-12-13 00:00:00,-66.66666667
2015-12-14 00:00:00,328.5714286
2015-12-15 00:00:00,170
2015-12-16 00:00:00,-38.27160494
2015-12-17 00:00:00,14
2015-12-18 00:00:00,8.771929825
2015-12-19 00:00:00,-72.58064516
2015-12-20 00:00:00,-11.76470588
2015-12-21 00:00:00,166.6666667
2015-12-22 00:00:00,30
2015-12-23 00:00:00,-42.30769231
2015-12-24 00:00:00,13.33333333
2015-12-25 00:00:00,-67.64705882
2015-12-26 00:00:00,36.36363636
2015-12-27 00:00:00,-33.33333333
2015-12-28 00:00:00,220
2015-12-29 00:00:00,21.875
2015-12-30 00:00:00,-17.94871795
2015-12-31 00:00:00,-31.25
2016-01-01 00:00:00,-100
2016-01-02 00:00:00,-100
2016-01-03 00:00:00,inf
2016-01-04 00:00:00,420
2016-01-05 00:00:00,-17.30769231
2016-01-06 00:00:00,2.325581395
2016-01-07 00:00:00,4.545454545
2016-01-08 00:00:00,32.60869565
2016-01-09 00:00:00,-83.60655738
2016-01-10 00:00:00,20
2016-01-11 00:00:00,283.3333333
2016-01-12 00:00:00,-8.695652174
2016-01-13 00:00:00,-7.142857143
2016-01-14 00:00:00,0
2016-01-15 00:00:00,17.94871795
2016-01-16 00:00:00,-58.69565217
2016-01-17 00:00:00,-73.68421053
2016-01-18 00:00:00,780
2016-01-19 00:00:00,9.090909091
2016-01-20 00:00:00,-60.41666667
2016-01-21 00:00:00,136.8421053
2016-01-22 00:00:00,-17.77777778
2016-01-23 00:00:00,-64.86486486
2016-01-24 00:00:00,15.38461538
2016-01-25 00:00:00,220
2016-01-26 00:00:00,-16.66666667
2016-01-27 00:00:00,150
2016-01-28 00:00:00,-4
2016-01-29 00:00:00,-33.33333333
2016-01-30 00:00:00,-68.75
2016-01-31 00:00:00,-100
2016-02-01 00:00:00,42.42424242
2016-02-02 00:00:00,42.42424242
2016-02-03 00:00:00,-25.53191489
2016-02-04 00:00:00,42.85714286
2016-02-05 00:00:00,-27
2016-02-06 00:00:00,-76.71232877
2016-02-07 00:00:00,-100
2016-02-08 00:00:00,inf
2016-02-09 00:00:00,-13.04347826
2016-02-10 00:00:00,-10
2016-02-11 00:00:00,-5.555555556
2016-02-12 00:00:00,-3.921568627
2016-02-13 00:00:00,-32.65306122
2016-02-14 00:00:00,-30.3030303
2016-02-15 00:00:00,65.2173913
2016-02-16 00:00:00,71.05263158
2016-02-17 00:00:00,0
2016-02-18 00:00:00,27.69230769
2016-02-19 00:00:00,-22.89156627
2016-02-20 00:00:00,-84.375
2016-02-21 00:00:00,60
2016-02-22 00:00:00,368.75
2016-02-23 00:00:00,17.33333333
2016-02-24 00:00:00,-31.81818182
2016-02-25 00:00:00,31.66666667
2016-02-26 00:00:00,11.39240506
2016-02-27 00:00:00,-75
2016-02-28 00:00:00,-59.09090909
2016-02-29 00:00:00,511.1111111
2016-03-01 00:00:00,-10.34482759
2016-03-02 00:00:00,-10.34482759
2016-03-03 00:00:00,0
2016-03-04 00:00:00,-13.46153846
2016-03-05 00:00:00,-48.88888889
2016-03-06 00:00:00,-69.56521739
2016-03-07 00:00:00,585.7142857
2016-03-08 00:00:00,22.91666667
2016-03-09 00:00:00,-25.42372881
2016-03-10 00:00:00,-9.090909091
2016-03-11 00:00:00,25
2016-03-12 00:00:00,-70
2016-03-13 00:00:00,-100
2016-03-14 00:00:00,inf
2016-03-15 00:00:00,85.71428571
2016-03-16 00:00:00,2.564102564
2016-03-17 00:00:00,37.5
2016-03-18 00:00:00,-34.54545455
2016-03-19 00:00:00,-27.77777778
2016-03-20 00:00:00,0
2016-03-21 00:00:00,34.61538462
2016-03-22 00:00:00,22.85714286
2016-03-23 00:00:00,18.60465116
2016-03-24 00:00:00,-39.21568627
2016-03-25 00:00:00,-48.38709677
2016-03-26 00:00:00,-68.75
2016-03-27 00:00:00,100
2016-03-28 00:00:00,350
2016-03-29 00:00:00,-48.88888889
2016-03-30 00:00:00,78.26086957
2016-03-31 00:00:00,-14.63414634
2016-04-01 00:00:00,-66.66666667
2016-04-02 00:00:00,-66.66666667
2016-04-03 00:00:00,-100
2016-04-04 00:00:00,inf
2016-04-05 00:00:00,-8.333333333
2016-04-06 00:00:00,-6.060606061
2016-04-07 00:00:00,22.58064516
2016-04-08 00:00:00,-39.47368421
2016-04-09 00:00:00,-73.91304348
2016-04-10 00:00:00,-100
2016-04-11 00:00:00,inf
2016-04-12 00:00:00,-7.5
2016-04-13 00:00:00,24.32432432
2016-04-14 00:00:00,-4.347826087
2016-04-15 00:00:00,15.90909091
2016-04-16 00:00:00,-62.74509804
2016-04-17 00:00:00,89.47368421
2016-04-18 00:00:00,-16.66666667
2016-04-19 00:00:00,93.33333333
2016-04-20 00:00:00,72.4137931
2016-04-21 00:00:00,-36
2016-04-22 00:00:00,-15.625
2016-04-23 00:00:00,-59.25925926
2016-04-24 00:00:00,-72.72727273
2016-04-25 00:00:00,450
2016-04-26 00:00:00,27.27272727
2016-04-27 00:00:00,-28.57142857
2016-04-28 00:00:00,53.33333333
2016-04-29 00:00:00,-19.56521739
2016-04-30 00:00:00,-48.64864865
2016-05-01 00:00:00,388.2352941
2016-05-02 00:00:00,388.2352941
2016-05-03 00:00:00,-26.5060241
2016-05-04 00:00:00,-3.278688525
2016-05-05 00:00:00,-18.6440678
2016-05-06 00:00:00,47.91666667
2016-05-07 00:00:00,-63.38028169
2016-05-08 00:00:00,-61.53846154
2016-05-09 00:00:00,410
2016-05-10 00:00:00,15.68627451
2016-05-11 00:00:00,3.389830508
2016-05-12 00:00:00,-19.67213115
2016-05-13 00:00:00,24.48979592
2016-05-14 00:00:00,-77.04918033
2016-05-15 00:00:00,-42.85714286
2016-05-16 00:00:00,675
2016-05-17 00:00:00,-8.064516129
2016-05-18 00:00:00,-5.263157895
2016-05-19 00:00:00,22.22222222
2016-05-20 00:00:00,-6.060606061
2016-05-21 00:00:00,-33.87096774
2016-05-22 00:00:00,-17.07317073
2016-05-23 00:00:00,194.1176471
2016-05-24 00:00:00,-36
2016-05-25 00:00:00,50
2016-05-26 00:00:00,-15.625
2016-05-27 00:00:00,-1.234567901
2016-05-28 00:00:00,-60
2016-05-29 00:00:00,-100
2016-05-30 00:00:00,inf
2016-05-31 00:00:00,12.5
2016-06-01 00:00:00,3.846153846
2016-06-02 00:00:00,3.846153846
2016-06-03 00:00:00,-40.74074074
2016-06-04 00:00:00,-18.75
2016-06-05 00:00:00,-100
2016-06-06 00:00:00,inf
2016-06-07 00:00:00,-11.11111111
2016-06-08 00:00:00,31.25
2016-06-09 00:00:00,-47.61904762
2016-06-10 00:00:00,81.81818182
2016-06-11 00:00:00,-30
2016-06-12 00:00:00,-35.71428571
2016-06-13 00:00:00,133.3333333
2016-06-14 00:00:00,-19.04761905
2016-06-15 00:00:00,41.17647059
2016-06-16 00:00:00,-33.33333333
2016-06-17 00:00:00,12.5
2016-06-18 00:00:00,-50
2016-06-19 00:00:00,-11.11111111
2016-06-20 00:00:00,150
2016-06-21 00:00:00,10
2016-06-22 00:00:00,-45.45454545
2016-06-23 00:00:00,91.66666667
2016-06-24 00:00:00,13.04347826
2016-06-25 00:00:00,-73.07692308
2016-06-26 00:00:00,-100
2016-06-27 00:00:00,inf
2016-06-28 00:00:00,-8
2016-06-29 00:00:00,-4.347826087
2016-06-30 00:00:00,13.63636364
2016-07-01 00:00:00,-73.68421053
2016-07-02 00:00:00,-73.68421053
2016-07-03 00:00:00,0
2016-07-04 00:00:00,0
2016-07-05 00:00:00,60
2016-07-06 00:00:00,137.5
2016-07-07 00:00:00,-31.57894737
2016-07-08 00:00:00,-7.692307692
2016-07-09 00:00:00,-8.333333333
2016-07-10 00:00:00,-63.63636364
2016-07-11 00:00:00,500
2016-07-12 00:00:00,12.5
2016-07-13 00:00:00,-48.14814815
2016-07-14 00:00:00,42.85714286
2016-07-15 00:00:00,20
2016-07-16 00:00:00,-62.5
2016-07-17 00:00:00,-33.33333333
2016-07-18 00:00:00,200
2016-07-19 00:00:00,72.22222222
2016-07-20 00:00:00,119.3548387
2016-07-21 00:00:00,47.05882353
2016-07-22 00:00:00,-21
2016-07-23 00:00:00,-79.74683544
2016-07-24 00:00:00,-37.5
2016-07-25 00:00:00,150
2016-07-26 00:00:00,16
2016-07-27 00:00:00,79.31034483
2016-07-28 00:00:00,-32.69230769
2016-07-29 00:00:00,2.857142857
2016-07-30 00:00:00,-77.77777778
2016-07-31 00:00:00,12.5
2016-08-01 00:00:00,-27.63157895
2016-08-02 00:00:00,-27.63157895
2016-08-03 00:00:00,-10.90909091
2016-08-04 00:00:00,2.040816327
2016-08-05 00:00:00,20
2016-08-06 00:00:00,-75
2016-08-07 00:00:00,-66.66666667
2016-08-08 00:00:00,940
2016-08-09 00:00:00,-1.923076923
2016-08-10 00:00:00,-19.60784314
2016-08-11 00:00:00,-2.43902439
2016-08-12 00:00:00,7.5
2016-08-13 00:00:00,-81.39534884
2016-08-14 00:00:00,37.5
2016-08-15 00:00:00,309.0909091
2016-08-16 00:00:00,20
2016-08-17 00:00:00,1.851851852
2016-08-18 00:00:00,-32.72727273
2016-08-19 00:00:00,21.62162162
2016-08-20 00:00:00,-57.77777778
2016-08-21 00:00:00,-31.57894737
2016-08-22 00:00:00,184.6153846
2016-08-23 00:00:00,-10.81081081
2016-08-24 00:00:00,33.33333333
2016-08-25 00:00:00,-18.18181818
2016-08-26 00:00:00,19.44444444
2016-08-27 00:00:00,-79.06976744
2016-08-28 00:00:00,22.22222222
2016-08-29 00:00:00,236.3636364
2016-08-30 00:00:00,13.51351351
2016-08-31 00:00:00,-33.33333333
2016-09-01 00:00:00,-29.72972973
2016-09-02 00:00:00,-29.72972973
2016-09-03 00:00:00,-65.38461538
2016-09-04 00:00:00,22.22222222
2016-09-05 00:00:00,-100
2016-09-06 00:00:00,inf
2016-09-07 00:00:00,-14.63414634
2016-09-08 00:00:00,25.71428571
2016-09-09 00:00:00,-54.54545455
2016-09-10 00:00:00,-35
2016-09-11 00:00:00,-100
2016-09-12 00:00:00,inf
2016-09-13 00:00:00,20
2016-09-14 00:00:00,-3.333333333
2016-09-15 00:00:00,-17.24137931
2016-09-16 00:00:00,54.16666667
2016-09-17 00:00:00,-59.45945946
2016-09-18 00:00:00,-100
2016-09-19 00:00:00,inf
2016-09-20 00:00:00,-40
2016-09-21 00:00:00,-37.03703704
2016-09-22 00:00:00,-35.29411765
2016-09-23 00:00:00,127.2727273
2016-09-24 00:00:00,-100
2016-09-25 00:00:00,inf
2016-09-26 00:00:00,150
2016-09-27 00:00:00,-36.66666667
2016-09-28 00:00:00,36.84210526
2016-09-29 00:00:00,207.6923077
2016-09-30 00:00:00,13.75
2016-10-01 00:00:00,8.333333333
2016-10-02 00:00:00,8.333333333
2016-10-03 00:00:00,192.3076923
2016-10-04 00:00:00,55.26315789
2016-10-05 00:00:00,-28.81355932
2016-10-06 00:00:00,-26.19047619
2016-10-07 00:00:00,41.93548387
2016-10-08 00:00:00,-75
2016-10-09 00:00:00,-36.36363636
2016-10-10 00:00:00,185.7142857
2016-10-11 00:00:00,105
2016-10-12 00:00:00,4.87804878
2016-10-13 00:00:00,-30.23255814
2016-10-14 00:00:00,3.333333333
2016-10-15 00:00:00,-48.38709677
2016-10-16 00:00:00,-12.5
2016-10-17 00:00:00,100
2016-10-18 00:00:00,-14.28571429
2016-10-19 00:00:00,50
2016-10-20 00:00:00,-13.88888889
2016-10-21 00:00:00,67.74193548
2016-10-22 00:00:00,-76.92307692
2016-10-23 00:00:00,16.66666667
2016-10-24 00:00:00,214.2857143
2016-10-25 00:00:00,-18.18181818
2016-10-26 00:00:00,5.555555556
2016-10-27 00:00:00,163.1578947
2016-10-28 00:00:00,-10
2016-10-29 00:00:00,-82.22222222
2016-10-30 00:00:00,25
2016-10-31 00:00:00,45
2016-11-01 00:00:00,56.25
2016-11-02 00:00:00,56.25
2016-11-03 00:00:00,-5
2016-11-04 00:00:00,-32.63157895
2016-11-05 00:00:00,-76.5625
2016-11-06 00:00:00,86.66666667
2016-11-07 00:00:00,150
2016-11-08 00:00:00,-25.71428571
2016-11-09 00:00:00,78.84615385
2016-11-10 00:00:00,-34.40860215
2016-11-11 00:00:00,-3.278688525
2016-11-12 00:00:00,-52.54237288
2016-11-13 00:00:00,-46.42857143
2016-11-14 00:00:00,153.3333333
2016-11-15 00:00:00,63.15789474
2016-11-16 00:00:00,-32.25806452
2016-11-17 00:00:00,0
2016-11-18 00:00:00,4.761904762
2016-11-19 00:00:00,-45.45454545
2016-11-20 00:00:00,-25
2016-11-21 00:00:00,116.6666667
2016-11-22 00:00:00,53.84615385
2016-11-23 00:00:00,3.333333333
2016-11-24 00:00:00,-48.38709677
2016-11-25 00:00:00,-18.75
2016-11-26 00:00:00,0
2016-11-27 00:00:00,-30.76923077
2016-11-28 00:00:00,261.1111111
2016-11-29 00:00:00,-16.92307692
2016-11-30 00:00:00,-7.407407407
2016-12-01 00:00:00,4.347826087
2016-12-02 00:00:00,4.347826087
2016-12-03 00:00:00,-45.83333333
2016-12-04 00:00:00,-53.84615385
2016-12-05 00:00:00,283.3333333
2016-12-06 00:00:00,-13.04347826
2016-12-07 00:00:00,0
2016-12-08 00:00:00,10
2016-12-09 00:00:00,-18.18181818
2016-12-10 00:00:00,-44.44444444
2016-12-11 00:00:00,-80
2016-12-12 00:00:00,900
2016-12-13 00:00:00,15
2016-12-14 00:00:00,0
2016-12-15 00:00:00,-13.04347826
2016-12-16 00:00:00,-20
2016-12-17 00:00:00,-18.75
2016-12-18 00:00:00,-61.53846154
2016-12-19 00:00:00,200
2016-12-20 00:00:00,13.33333333
2016-12-21 00:00:00,5.882352941
2016-12-22 00:00:00,-38.88888889
2016-12-23 00:00:00,36.36363636
2016-12-24 00:00:00,-60
2016-12-25 00:00:00,-100
2016-12-26 00:00:00,inf
2016-12-27 00:00:00,0
2016-12-28 00:00:00,90.90909091
2016-12-29 00:00:00,-28.57142857
2016-12-30 00:00:00,-13.33333333
2016-12-31 00:00:00,-46.15384615
2017-01-01 00:00:00,175
2017-01-02 00:00:00,175
2017-01-03 00:00:00,27.27272727
2017-01-04 00:00:00,28.57142857
2017-01-05 00:00:00,-33.33333333
2017-01-06 00:00:00,-25
2017-01-07 00:00:00,-33.33333333
2017-01-08 00:00:00,33.33333333
2017-01-09 00:00:00,62.5
2017-01-10 00:00:00,69.23076923
2017-01-11 00:00:00,-59.09090909
2017-01-12 00:00:00,77.77777778
2017-01-13 00:00:00,-31.25
2017-01-14 00:00:00,-36.36363636
2017-01-15 00:00:00,-57.14285714
2017-01-16 00:00:00,100
2017-01-17 00:00:00,300
2017-01-18 00:00:00,66.66666667
2017-01-19 00:00:00,-55
2017-01-20 00:00:00,44.44444444
2017-01-21 00:00:00,-23.07692308
2017-01-22 00:00:00,-65
2017-01-23 00:00:00,1328.571429
2017-01-24 00:00:00,-24
2017-01-25 00:00:00,11.84210526
2017-01-26 00:00:00,12.94117647
2017-01-27 00:00:00,-56.25
2017-01-28 00:00:00,-69.04761905
2017-01-29 00:00:00,-23.07692308
2017-01-30 00:00:00,240
2017-01-31 00:00:00,11.76470588
2017-02-01 00:00:00,-20
2017-02-02 00:00:00,-20
2017-02-03 00:00:00,33.33333333
2017-02-04 00:00:00,-71.875
2017-02-05 00:00:00,-40.74074074
2017-02-06 00:00:00,312.5
2017-02-07 00:00:00,19.6969697
2017-02-08 00:00:00,6.329113924
2017-02-09 00:00:00,2.380952381
2017-02-10 00:00:00,-10.46511628
2017-02-11 00:00:00,-72.72727273
2017-02-12 00:00:00,19.04761905
2017-02-13 00:00:00,152
2017-02-14 00:00:00,30.15873016
2017-02-15 00:00:00,8.536585366
2017-02-16 00:00:00,12.35955056
2017-02-17 00:00:00,-35
2017-02-18 00:00:00,-64.61538462
2017-02-19 00:00:00,-26.08695652
2017-02-20 00:00:00,82.35294118
2017-02-21 00:00:00,87.09677419
2017-02-22 00:00:00,55.17241379
2017-02-23 00:00:00,-22.22222222
2017-02-24 00:00:00,-31.42857143
2017-02-25 00:00:00,-75
2017-02-26 00:00:00,83.33333333
2017-02-27 00:00:00,159.0909091
2017-02-28 00:00:00,31.57894737
2017-03-01 00:00:00,8.695652174
2017-03-02 00:00:00,8.695652174
2017-03-03 00:00:00,-22
2017-03-04 00:00:00,-76.92307692
2017-03-05 00:00:00,55.55555556
2017-03-06 00:00:00,100
2017-03-07 00:00:00,28.57142857
2017-03-08 00:00:00,25
2017-03-09 00:00:00,2.222222222
2017-03-10 00:00:00,17.39130435
2017-03-11 00:00:00,-55.55555556
2017-03-12 00:00:00,-41.66666667
2017-03-13 00:00:00,178.5714286
2017-03-14 00:00:00,-30.76923077
2017-03-15 00:00:00,48.14814815
2017-03-16 00:00:00,-37.5
2017-03-17 00:00:00,12
2017-03-18 00:00:00,-39.28571429
2017-03-19 00:00:00,-11.76470588
2017-03-20 00:00:00,146.6666667
2017-03-21 00:00:00,-2.702702703
2017-03-22 00:00:00,-30.55555556
2017-03-23 00:00:00,36
2017-03-24 00:00:00,2.941176471
2017-03-25 00:00:00,-65.71428571
2017-03-26 00:00:00,-33.33333333
2017-03-27 00:00:00,312.5
2017-03-28 00:00:00,12.12121212
2017-03-29 00:00:00,-8.108108108
2017-03-30 00:00:00,8.823529412
2017-03-31 00:00:00,-16.21621622
2017-04-01 00:00:00,-47.05882353
2017-04-02 00:00:00,-47.05882353
2017-04-03 00:00:00,300
2017-04-04 00:00:00,-16.66666667
2017-04-05 00:00:00,40
2017-04-06 00:00:00,-38.0952381
2017-04-07 00:00:00,7.692307692
2017-04-08 00:00:00,-85.71428571
2017-04-09 00:00:00,75
2017-04-10 00:00:00,185.7142857
2017-04-11 00:00:00,150
2017-04-12 00:00:00,10
2017-04-13 00:00:00,-9.090909091
2017-04-14 00:00:00,-52
2017-04-15 00:00:00,-58.33333333
2017-04-16 00:00:00,-100
2017-04-17 00:00:00,inf
2017-04-18 00:00:00,-12.5
2017-04-19 00:00:00,123.8095238
2017-04-20 00:00:00,6.382978723
2017-04-21 00:00:00,-61
2017-04-22 00:00:00,-61.53846154
2017-04-23 00:00:00,-46.66666667
2017-04-24 00:00:00,325
2017-04-25 00:00:00,38.23529412
2017-04-26 00:00:00,-21.27659574
2017-04-27 00:00:00,-27.02702703
2017-04-28 00:00:00,166.6666667
2017-04-29 00:00:00,-61.11111111
2017-04-30 00:00:00,-42.85714286
2017-05-01 00:00:00,45
2017-05-02 00:00:00,45
2017-05-03 00:00:00,25.86206897
2017-05-04 00:00:00,2.739726027
2017-05-05 00:00:00,-28
2017-05-06 00:00:00,-25.92592593
2017-05-07 00:00:00,-65
2017-05-08 00:00:00,157.1428571
2017-05-09 00:00:00,86.11111111
2017-05-10 00:00:00,-58.20895522
2017-05-11 00:00:00,82.14285714
2017-05-12 00:00:00,-29.41176471
2017-05-13 00:00:00,11.11111111
2017-05-14 00:00:00,-35
2017-05-15 00:00:00,80.76923077
2017-05-16 00:00:00,63.82978723
2017-05-17 00:00:00,-11.68831169
2017-05-18 00:00:00,-14.70588235
2017-05-19 00:00:00,13.79310345
2017-05-20 00:00:00,-54.54545455
2017-05-21 00:00:00,-23.33333333
2017-05-22 00:00:00,295.6521739
2017-05-23 00:00:00,9.89010989
2017-05-24 00:00:00,-13
2017-05-25 00:00:00,-43.67816092
2017-05-26 00:00:00,28.57142857
2017-05-27 00:00:00,-74.6031746
2017-05-28 00:00:00,-100
2017-05-29 00:00:00,inf
2017-05-30 00:00:00,371.4285714
2017-05-31 00:00:00,-4.545454545
2017-06-01 00:00:00,-35.48387097
2017-06-02 00:00:00,-35.48387097
2017-06-03 00:00:00,-60
2017-06-04 00:00:00,-25
2017-06-05 00:00:00,225
2017-06-06 00:00:00,-2.564102564
2017-06-07 00:00:00,18.42105263
2017-06-08 00:00:00,8.888888889
2017-06-09 00:00:00,24.48979592
2017-06-10 00:00:00,-72.13114754
2017-06-11 00:00:00,23.52941176
2017-06-12 00:00:00,4.761904762
2017-06-13 00:00:00,45.45454545
2017-06-14 00:00:00,31.25
2017-06-15 00:00:00,-4.761904762
2017-06-16 00:00:00,-35
2017-06-17 00:00:00,-38.46153846
2017-06-18 00:00:00,-43.75
2017-06-19 00:00:00,155.5555556
2017-06-20 00:00:00,82.60869565
2017-06-21 00:00:00,-30.95238095
2017-06-22 00:00:00,-27.5862069
2017-06-23 00:00:00,76.19047619
2017-06-24 00:00:00,-37.83783784
2017-06-25 00:00:00,-47.82608696
2017-06-26 00:00:00,241.6666667
2017-06-27 00:00:00,-4.87804878
2017-06-28 00:00:00,-12.82051282
2017-06-29 00:00:00,2.941176471
2017-06-30 00:00:00,5.714285714
2017-07-01 00:00:00,-16.66666667
2017-07-02 00:00:00,-16.66666667
2017-07-03 00:00:00,240
2017-07-04 00:00:00,0
2017-07-05 00:00:00,64.70588235
2017-07-06 00:00:00,25
2017-07-07 00:00:00,-20
2017-07-08 00:00:00,-82.14285714
2017-07-09 00:00:00,-40
2017-07-10 00:00:00,500
2017-07-11 00:00:00,83.33333333
2017-07-12 00:00:00,-27.27272727
2017-07-13 00:00:00,33.33333333
2017-07-14 00:00:00,15.625
2017-07-15 00:00:00,-67.56756757
2017-07-16 00:00:00,25
2017-07-17 00:00:00,73.33333333
2017-07-18 00:00:00,34.61538462
2017-07-19 00:00:00,171.4285714
2017-07-20 00:00:00,5.263157895
2017-07-21 00:00:00,-29
2017-07-22 00:00:00,-73.23943662
2017-07-23 00:00:00,-52.63157895
2017-07-24 00:00:00,277.7777778
2017-07-25 00:00:00,23.52941176
2017-07-26 00:00:00,16.66666667
2017-07-27 00:00:00,-22.44897959
2017-07-28 00:00:00,7.894736842
2017-07-29 00:00:00,-56.09756098
2017-07-30 00:00:00,-33.33333333
2017-07-31 00:00:00,141.6666667
2017-08-01 00:00:00,-11.11111111
2017-08-02 00:00:00,-11.11111111
2017-08-03 00:00:00,23.61111111
2017-08-04 00:00:00,-7.865168539
2017-08-05 00:00:00,-70.73170732
2017-08-06 00:00:00,-4.166666667
2017-08-07 00:00:00,178.2608696
2017-08-08 00:00:00,14.0625
2017-08-09 00:00:00,5.479452055
2017-08-10 00:00:00,-35.06493506
2017-08-11 00:00:00,-8
2017-08-12 00:00:00,-76.08695652
2017-08-13 00:00:00,0
2017-08-14 00:00:00,427.2727273
2017-08-15 00:00:00,-1.724137931
2017-08-16 00:00:00,75.43859649
2017-08-17 00:00:00,-31
2017-08-18 00:00:00,-24.63768116
2017-08-19 00:00:00,-100
2017-08-20 00:00:00,inf
2017-08-21 00:00:00,257.1428571
2017-08-22 00:00:00,2
2017-08-23 00:00:00,15.68627451
2017-08-24 00:00:00,-52.54237288
2017-08-25 00:00:00,128.5714286
2017-08-26 00:00:00,-50
2017-08-27 00:00:00,-50
2017-08-28 00:00:00,212.5
2017-08-29 00:00:00,38
2017-08-30 00:00:00,-27.53623188
2017-08-31 00:00:00,38
2017-09-01 00:00:00,-38.0952381
2017-09-02 00:00:00,-38.0952381
2017-09-03 00:00:00,-76.92307692
2017-09-04 00:00:00,400
2017-09-05 00:00:00,153.3333333
2017-09-06 00:00:00,28.94736842
2017-09-07 00:00:00,-51.02040816
2017-09-08 00:00:00,70.83333333
2017-09-09 00:00:00,-65.85365854
2017-09-10 00:00:00,-14.28571429
2017-09-11 00:00:00,150
2017-09-12 00:00:00,6.666666667
2017-09-13 00:00:00,3.125
2017-09-14 00:00:00,-6.060606061
2017-09-15 00:00:00,12.90322581
2017-09-16 00:00:00,-60
2017-09-17 00:00:00,-28.57142857
2017-09-18 00:00:00,190
2017-09-19 00:00:00,10.34482759
2017-09-20 00:00:00,-21.875
2017-09-21 00:00:00,4
2017-09-22 00:00:00,0
2017-09-23 00:00:00,-46.15384615
2017-09-24 00:00:00,-35.71428571
2017-09-25 00:00:00,144.4444444
2017-09-26 00:00:00,63.63636364
2017-09-27 00:00:00,-36.11111111
2017-09-28 00:00:00,13.04347826
2017-09-29 00:00:00,7.692307692
2017-09-30 00:00:00,-64.28571429
2017-10-01 00:00:00,57.14285714
2017-10-02 00:00:00,57.14285714
2017-10-03 00:00:00,0
2017-10-04 00:00:00,-18.18181818
2017-10-05 00:00:00,44.44444444
2017-10-06 00:00:00,-30.76923077
2017-10-07 00:00:00,-22.22222222
2017-10-08 00:00:00,0
2017-10-09 00:00:00,42.85714286
2017-10-10 00:00:00,40
2017-10-11 00:00:00,35.71428571
2017-10-12 00:00:00,0
2017-10-13 00:00:00,-15.78947368
2017-10-14 00:00:00,-56.25
2017-10-15 00:00:00,-42.85714286
2017-10-16 00:00:00,225
2017-10-17 00:00:00,30.76923077
2017-10-18 00:00:00,-17.64705882
2017-10-19 00:00:00,7.142857143
2017-10-20 00:00:00,-20
2017-10-21 00:00:00,-66.66666667
2017-10-22 00:00:00,-25
2017-10-23 00:00:00,466.6666667
2017-10-24 00:00:00,-5.882352941
2017-10-25 00:00:00,-6.25
2017-10-26 00:00:00,13.33333333
2017-10-27 00:00:00,29.41176471
2017-10-28 00:00:00,-59.09090909
2017-10-29 00:00:00,-55.55555556
2017-10-30 00:00:00,275
2017-10-31 00:00:00,193.3333333
2017-11-01 00:00:00,-14.58333333
2017-11-02 00:00:00,-14.58333333
2017-11-03 00:00:00,97.56097561
2017-11-04 00:00:00,-55.55555556
2017-11-05 00:00:00,-38.88888889
2017-11-06 00:00:00,354.5454545
2017-11-07 00:00:00,-42
2017-11-08 00:00:00,-15.51724138
2017-11-09 00:00:00,-4.081632653
2017-11-10 00:00:00,-34.04255319
2017-11-11 00:00:00,-64.51612903
2017-11-12 00:00:00,-36.36363636
2017-11-13 00:00:00,571.4285714
2017-11-14 00:00:00,-19.14893617
2017-11-15 00:00:00,-5.263157895
2017-11-16 00:00:00,-19.44444444
2017-11-17 00:00:00,-3.448275862
2017-11-18 00:00:00,-42.85714286
2017-11-19 00:00:00,-62.5
2017-11-20 00:00:00,416.6666667
2017-11-21 00:00:00,-29.03225806
2017-11-22 00:00:00,50
2017-11-23 00:00:00,-36.36363636
2017-11-24 00:00:00,4.761904762
2017-11-25 00:00:00,-50
2017-11-26 00:00:00,-54.54545455
2017-11-27 00:00:00,460
2017-11-28 00:00:00,14.28571429
2017-11-29 00:00:00,-3.125
2017-11-30 00:00:00,-3.225806452
2017-12-01 00:00:00,-49.31506849
2017-12-02 00:00:00,-49.31506849
2017-12-03 00:00:00,-59.45945946
2017-12-04 00:00:00,320
2017-12-05 00:00:00,11.11111111
2017-12-06 00:00:00,-4.285714286
2017-12-07 00:00:00,-26.86567164
2017-12-08 00:00:00,28.57142857
2017-12-09 00:00:00,-63.49206349
2017-12-10 00:00:00,-30.43478261
2017-12-11 00:00:00,293.75
2017-12-12 00:00:00,-3.174603175
2017-12-13 00:00:00,-9.836065574
2017-12-14 00:00:00,-12.72727273
2017-12-15 00:00:00,0
2017-12-16 00:00:00,-47.91666667
2017-12-17 00:00:00,-36
2017-12-18 00:00:00,118.75
2017-12-19 00:00:00,11.42857143
2017-12-20 00:00:00,41.02564103
2017-12-21 00:00:00,-9.090909091
2017-12-22 00:00:00,4
2017-12-23 00:00:00,-82.69230769
2017-12-24 00:00:00,144.4444444
2017-12-25 00:00:00,0
2017-12-26 00:00:00,40.90909091
2017-12-27 00:00:00,83.87096774
2017-12-28 00:00:00,-12.28070175
2017-12-29 00:00:00,-50
2017-12-30 00:00:00,-100
2017-12-31 00:00:00,inf
2018-01-01 00:00:00,316.6666667
2018-01-02 00:00:00,316.6666667
2018-01-03 00:00:00,16
2018-01-04 00:00:00,6.896551724
2018-01-05 00:00:00,0
2018-01-06 00:00:00,-58.06451613
2018-01-07 00:00:00,-30.76923077
2018-01-08 00:00:00,177.7777778
2018-01-09 00:00:00,24
2018-01-10 00:00:00,-25.80645161
2018-01-11 00:00:00,43.47826087
2018-01-12 00:00:00,-15.15151515
2018-01-13 00:00:00,-53.57142857
2018-01-14 00:00:00,-38.46153846
2018-01-15 00:00:00,87.5
2018-01-16 00:00:00,173.3333333
2018-01-17 00:00:00,-2.43902439
2018-01-18 00:00:00,15
2018-01-19 00:00:00,-19.56521739
2018-01-20 00:00:00,-70.27027027
2018-01-21 00:00:00,-36.36363636
2018-01-22 00:00:00,357.1428571
2018-01-23 00:00:00,34.375
2018-01-24 00:00:00,11.62790698
2018-01-25 00:00:00,-16.66666667
2018-01-26 00:00:00,-2.5
2018-01-27 00:00:00,-51.28205128
2018-01-28 00:00:00,-68.42105263
2018-01-29 00:00:00,433.3333333
2018-01-30 00:00:00,-6.25
2018-01-31 00:00:00,86.66666667
2018-02-01 00:00:00,-48.14814815
2018-02-02 00:00:00,-48.14814815
2018-02-03 00:00:00,-71.42857143
2018-02-04 00:00:00,-50
2018-02-05 00:00:00,1850
2018-02-06 00:00:00,-33.33333333
2018-02-07 00:00:00,-25
2018-02-08 00:00:00,-7.692307692
2018-02-09 00:00:00,8.333333333
2018-02-10 00:00:00,-58.97435897
2018-02-11 00:00:00,-62.5
2018-02-12 00:00:00,466.6666667
2018-02-13 00:00:00,14.70588235
2018-02-14 00:00:00,25.64102564
2018-02-15 00:00:00,-20.40816327
2018-02-16 00:00:00,0
2018-02-17 00:00:00,-56.41025641
2018-02-18 00:00:00,-23.52941176
2018-02-19 00:00:00,53.84615385
2018-02-20 00:00:00,110
2018-02-21 00:00:00,-16.66666667
2018-02-22 00:00:00,-11.42857143
2018-02-23 00:00:00,-9.677419355
2018-02-24 00:00:00,-57.14285714
2018-02-25 00:00:00,-50
2018-02-26 00:00:00,683.3333333
2018-02-27 00:00:00,23.40425532
2018-02-28 00:00:00,-36.20689655
2018-03-01 00:00:00,-16.66666667
2018-03-02 00:00:00,-16.66666667
2018-03-03 00:00:00,-68.57142857
2018-03-04 00:00:00,-27.27272727
2018-03-05 00:00:00,400
2018-03-06 00:00:00,27.5
2018-03-07 00:00:00,-35.29411765
2018-03-08 00:00:00,0
2018-03-09 00:00:00,48.48484848
2018-03-10 00:00:00,-63.26530612
2018-03-11 00:00:00,-44.44444444
2018-03-12 00:00:00,410
2018-03-13 00:00:00,96.07843137
2018-03-14 00:00:00,-42
2018-03-15 00:00:00,-34.48275862
2018-03-16 00:00:00,68.42105263
2018-03-17 00:00:00,-62.5
2018-03-18 00:00:00,-83.33333333
2018-03-19 00:00:00,975
2018-03-20 00:00:00,-20.93023256
2018-03-21 00:00:00,17.64705882
2018-03-22 00:00:00,0
2018-03-23 00:00:00,-5
2018-03-24 00:00:00,-57.89473684
2018-03-25 00:00:00,-25
2018-03-26 00:00:00,141.6666667
2018-03-27 00:00:00,31.03448276
2018-03-28 00:00:00,-28.94736842
2018-03-29 00:00:00,7.407407407
2018-03-30 00:00:00,-34.48275862
2018-03-31 00:00:00,-73.68421053
2018-04-01 00:00:00,173.9130435
2018-04-02 00:00:00,173.9130435
2018-04-03 00:00:00,-22.22222222
2018-04-04 00:00:00,14.28571429
2018-04-05 00:00:00,8.928571429
2018-04-06 00:00:00,-13.1147541
2018-04-07 00:00:00,-67.9245283
2018-04-08 00:00:00,-29.41176471
2018-04-09 00:00:00,350
2018-04-10 00:00:00,-16.66666667
2018-04-11 00:00:00,-20
2018-04-12 00:00:00,52.77777778
2018-04-13 00:00:00,27.27272727
2018-04-14 00:00:00,-64.28571429
2018-04-15 00:00:00,-60
2018-04-16 00:00:00,310
2018-04-17 00:00:00,46.34146341
2018-04-18 00:00:00,-3.333333333
2018-04-19 00:00:00,53.44827586
2018-04-20 00:00:00,-32.58426966
2018-04-21 00:00:00,-65
2018-04-22 00:00:00,-38.0952381
2018-04-23 00:00:00,423.0769231
2018-04-24 00:00:00,-7.352941176
2018-04-25 00:00:00,58.73015873
2018-04-26 00:00:00,0
2018-04-27 00:00:00,-36
2018-04-28 00:00:00,-73.4375
2018-04-29 00:00:00,17.64705882
2018-04-30 00:00:00,90
2018-05-01 00:00:00,-9.756097561
2018-05-02 00:00:00,-9.756097561
2018-05-03 00:00:00,24.32432432
2018-05-04 00:00:00,19.56521739
2018-05-05 00:00:00,-58.18181818
2018-05-06 00:00:00,-47.82608696
2018-05-07 00:00:00,266.6666667
2018-05-08 00:00:00,2.272727273
2018-05-09 00:00:00,-6.666666667
2018-05-10 00:00:00,69.04761905
2018-05-11 00:00:00,-33.8028169
2018-05-12 00:00:00,-55.31914894
2018-05-13 00:00:00,4.761904762
2018-05-14 00:00:00,236.3636364
2018-05-15 00:00:00,-17.56756757
2018-05-16 00:00:00,-37.70491803
2018-05-17 00:00:00,42.10526316
2018-05-18 00:00:00,37.03703704
2018-05-19 00:00:00,-74.32432432
2018-05-20 00:00:00,0
2018-05-21 00:00:00,157.8947368
2018-05-22 00:00:00,24.48979592
2018-05-23 00:00:00,-19.67213115
2018-05-24 00:00:00,-10.20408163
2018-05-25 00:00:00,31.81818182
2018-05-26 00:00:00,-60.34482759
2018-05-27 00:00:00,26.08695652
2018-05-28 00:00:00,-6.896551724
2018-05-29 00:00:00,155.5555556
2018-05-30 00:00:00,-28.98550725
2018-05-31 00:00:00,46.93877551
2018-06-01 00:00:00,-64.51612903
2018-06-02 00:00:00,-64.51612903
2018-06-03 00:00:00,-54.54545455
2018-06-04 00:00:00,660
2018-06-05 00:00:00,13.15789474
2018-06-06 00:00:00,-16.27906977
2018-06-07 00:00:00,41.66666667
2018-06-08 00:00:00,-7.843137255
2018-06-09 00:00:00,-63.82978723
2018-06-10 00:00:00,0
2018-06-11 00:00:00,47.05882353
2018-06-12 00:00:00,32
2018-06-13 00:00:00,21.21212121
2018-06-14 00:00:00,2.5
2018-06-15 00:00:00,70.73170732
2018-06-16 00:00:00,-71.42857143
2018-06-17 00:00:00,-30
2018-06-18 00:00:00,142.8571429
2018-06-19 00:00:00,-26.47058824
2018-06-20 00:00:00,8
2018-06-21 00:00:00,3.703703704
2018-06-22 00:00:00,-3.571428571
2018-06-23 00:00:00,-59.25925926
2018-06-24 00:00:00,-100
2018-06-25 00:00:00,inf
2018-06-26 00:00:00,25
2018-06-27 00:00:00,-6.666666667
2018-06-28 00:00:00,-10.71428571
2018-06-29 00:00:00,0
2018-06-30 00:00:00,-52
2018-07-01 00:00:00,283.3333333
2018-07-02 00:00:00,283.3333333
2018-07-03 00:00:00,-17.39130435
2018-07-04 00:00:00,-21.05263158
2018-07-05 00:00:00,80
2018-07-06 00:00:00,22.22222222
2018-07-07 00:00:00,-48.48484848
2018-07-08 00:00:00,-52.94117647
2018-07-09 00:00:00,150
2018-07-10 00:00:00,55
2018-07-11 00:00:00,-6.451612903
2018-07-12 00:00:00,-13.79310345
2018-07-13 00:00:00,40
2018-07-14 00:00:00,-65.71428571
2018-07-15 00:00:00,-66.66666667
2018-07-16 00:00:00,475
2018-07-17 00:00:00,65.2173913
2018-07-18 00:00:00,-5.263157895
2018-07-19 00:00:00,-5.555555556
2018-07-20 00:00:00,-20.58823529
2018-07-21 00:00:00,-40.74074074
2018-07-22 00:00:00,-18.75
2018-07-23 00:00:00,176.9230769
2018-07-24 00:00:00,11.11111111
2018-07-25 00:00:00,122.5
2018-07-26 00:00:00,12.35955056
2018-07-27 00:00:00,-33
2018-07-28 00:00:00,-73.13432836
2018-07-29 00:00:00,-50
2018-07-30 00:00:00,322.2222222
2018-07-31 00:00:00,34.21052632
2018-08-01 00:00:00,-11.45833333
2018-08-02 00:00:00,-11.45833333
2018-08-03 00:00:00,4.705882353
2018-08-04 00:00:00,-73.03370787
2018-08-05 00:00:00,-70.83333333
2018-08-06 00:00:00,971.4285714
2018-08-07 00:00:00,12
2018-08-08 00:00:00,-34.52380952
2018-08-09 00:00:00,-1.818181818
2018-08-10 00:00:00,-1.851851852
2018-08-11 00:00:00,-39.62264151
2018-08-12 00:00:00,-87.5
2018-08-13 00:00:00,400
2018-08-14 00:00:00,170
2018-08-15 00:00:00,-18.51851852
2018-08-16 00:00:00,40.90909091
2018-08-17 00:00:00,-11.29032258
2018-08-18 00:00:00,-56.36363636
2018-08-19 00:00:00,-54.16666667
2018-08-20 00:00:00,254.5454545
2018-08-21 00:00:00,43.58974359
2018-08-22 00:00:00,8.928571429
2018-08-23 00:00:00,8.196721311
2018-08-24 00:00:00,-9.090909091
2018-08-25 00:00:00,-56.66666667
2018-08-26 00:00:00,-61.53846154
2018-08-27 00:00:00,500
2018-08-28 00:00:00,66.66666667
2018-08-29 00:00:00,-9
2018-08-30 00:00:00,-32.96703297
2018-08-31 00:00:00,8.196721311
2018-09-01 00:00:00,-48.38709677
2018-09-02 00:00:00,-48.38709677
2018-09-03 00:00:00,150
2018-09-04 00:00:00,112.5
2018-09-05 00:00:00,-14.11764706
2018-09-06 00:00:00,-17.80821918
2018-09-07 00:00:00,8.333333333
2018-09-08 00:00:00,-43.07692308
2018-09-09 00:00:00,-81.08108108
2018-09-10 00:00:00,742.8571429
2018-09-11 00:00:00,45.76271186
2018-09-12 00:00:00,-18.60465116
2018-09-13 00:00:00,42.85714286
2018-09-14 00:00:00,-18
2018-09-15 00:00:00,-40.24390244
2018-09-16 00:00:00,-57.14285714
2018-09-17 00:00:00,314.2857143
2018-09-18 00:00:00,1.149425287
2018-09-19 00:00:00,-11.36363636
2018-09-20 00:00:00,-24.35897436
2018-09-21 00:00:00,-1.694915254
2018-09-22 00:00:00,-63.79310345
2018-09-23 00:00:00,4.761904762
2018-09-24 00:00:00,104.5454545
2018-09-25 00:00:00,13.33333333
2018-09-26 00:00:00,21.56862745
2018-09-27 00:00:00,-1.612903226
2018-09-28 00:00:00,-9.836065574
2018-09-29 00:00:00,-29.09090909
2018-09-30 00:00:00,-38.46153846
2018-10-01 00:00:00,22.85714286
2018-10-02 00:00:00,22.85714286
2018-10-03 00:00:00,-13.95348837
2018-10-04 00:00:00,-5.405405405
2018-10-05 00:00:00,22.85714286
2018-10-06 00:00:00,-74.41860465
2018-10-07 00:00:00,9.090909091
2018-10-08 00:00:00,116.6666667
2018-10-09 00:00:00,34.61538462
2018-10-10 00:00:00,-14.28571429
2018-10-11 00:00:00,86.66666667
2018-10-12 00:00:00,-7.142857143
2018-10-13 00:00:00,-73.07692308
2018-10-14 00:00:00,-35.71428571
2018-10-15 00:00:00,266.6666667
2018-10-16 00:00:00,48.48484848
2018-10-17 00:00:00,-14.28571429
2018-10-18 00:00:00,-40.47619048
2018-10-19 00:00:00,56
2018-10-20 00:00:00,-64.1025641
2018-10-21 00:00:00,-21.42857143
2018-10-22 00:00:00,172.7272727
2018-10-23 00:00:00,36.66666667
2018-10-24 00:00:00,-26.82926829
2018-10-25 00:00:00,20
2018-10-26 00:00:00,22.22222222
2018-10-27 00:00:00,-93.18181818
2018-10-28 00:00:00,-100
2018-10-29 00:00:00,inf
2018-10-30 00:00:00,24.24242424
2018-10-31 00:00:00,-9.756097561
2018-11-01 00:00:00,3.571428571
2018-11-02 00:00:00,3.571428571
2018-11-03 00:00:00,-51.72413793
2018-11-04 00:00:00,-42.85714286
2018-11-05 00:00:00,200
2018-11-06 00:00:00,70.83333333
2018-11-07 00:00:00,68.29268293
2018-11-08 00:00:00,44.92753623
2018-11-09 00:00:00,-44
2018-11-10 00:00:00,-66.07142857
2018-11-11 00:00:00,5.263157895
2018-11-12 00:00:00,90
2018-11-13 00:00:00,-7.894736842
2018-11-14 00:00:00,-5.714285714
2018-11-15 00:00:00,-3.03030303
2018-11-16 00:00:00,53.125
2018-11-17 00:00:00,-73.46938776
2018-11-18 00:00:00,7.692307692
2018-11-19 00:00:00,92.85714286
2018-11-20 00:00:00,33.33333333
2018-11-21 00:00:00,-8.333333333
2018-11-22 00:00:00,-45.45454545
2018-11-23 00:00:00,61.11111111
2018-11-24 00:00:00,-75.86206897
2018-11-25 00:00:00,-28.57142857
2018-11-26 00:00:00,460
2018-11-27 00:00:00,7.142857143
2018-11-28 00:00:00,26.66666667
2018-11-29 00:00:00,63.15789474
2018-11-30 00:00:00,-29.03225806
2018-12-01 00:00:00,-8.695652174
2018-12-02 00:00:00,-8.695652174
2018-12-03 00:00:00,200
2018-12-04 00:00:00,-3.174603175
2018-12-05 00:00:00,-27.86885246
2018-12-06 00:00:00,-2.272727273
2018-12-07 00:00:00,-23.25581395
2018-12-08 00:00:00,-66.66666667
2018-12-09 00:00:00,-100
2018-12-10 00:00:00,inf
2018-12-11 00:00:00,-20
2018-12-12 00:00:00,8.333333333
2018-12-13 00:00:00,-21.15384615
2018-12-14 00:00:00,0
2018-12-15 00:00:00,-43.90243902
2018-12-16 00:00:00,-65.2173913
2018-12-17 00:00:00,350
2018-12-18 00:00:00,30.55555556
2018-12-19 00:00:00,-23.40425532
2018-12-20 00:00:00,33.33333333
2018-12-21 00:00:00,-20.83333333
2018-12-22 00:00:00,-34.21052632
2018-12-23 00:00:00,-64
2018-12-24 00:00:00,255.5555556
2018-12-25 00:00:00,-37.5
2018-12-26 00:00:00,165
2018-12-27 00:00:00,-1.886792453
2018-12-28 00:00:00,-19.23076923
2018-12-29 00:00:00,-61.9047619
2018-12-30 00:00:00,-18.75
2018-12-31 00:00:00,146.1538462
2019-01-01 00:00:00,182.3529412
2019-01-02 00:00:00,182.3529412
2019-01-03 00:00:00,-10.41666667
2019-01-04 00:00:00,23.25581395
2019-01-05 00:00:00,-58.49056604
2019-01-06 00:00:00,-50
2019-01-07 00:00:00,200
2019-01-08 00:00:00,36.36363636
2019-01-09 00:00:00,-13.33333333
2019-01-10 00:00:00,12.82051282
2019-01-11 00:00:00,-15.90909091
2019-01-12 00:00:00,-70.27027027
2019-01-13 00:00:00,-18.18181818
2019-01-14 00:00:00,255.5555556
2019-01-15 00:00:00,9.375
2019-01-16 00:00:00,22.85714286
2019-01-17 00:00:00,13.95348837
2019-01-18 00:00:00,0
2019-01-19 00:00:00,-61.2244898
2019-01-20 00:00:00,-57.89473684
2019-01-21 00:00:00,275
2019-01-22 00:00:00,63.33333333
2019-01-23 00:00:00,26.53061224
2019-01-24 00:00:00,4.838709677
2019-01-25 00:00:00,-13.84615385
2019-01-26 00:00:00,-51.78571429
2019-01-27 00:00:00,-55.55555556
2019-01-28 00:00:00,366.6666667
2019-01-29 00:00:00,23.21428571
2019-01-30 00:00:00,36.23188406
2019-01-31 00:00:00,6.382978723
2019-02-01 00:00:00,-78.57142857
2019-02-02 00:00:00,-78.57142857
2019-02-03 00:00:00,-4.761904762
2019-02-04 00:00:00,285
2019-02-05 00:00:00,14.28571429
2019-02-06 00:00:00,-20.45454545
2019-02-07 00:00:00,-1.428571429
2019-02-08 00:00:00,-10.14492754
2019-02-09 00:00:00,-72.58064516
2019-02-10 00:00:00,58.82352941
2019-02-11 00:00:00,74.07407407
2019-02-12 00:00:00,46.80851064
2019-02-13 00:00:00,14.49275362
2019-02-14 00:00:00,-22.78481013
2019-02-15 00:00:00,3.278688525
2019-02-16 00:00:00,-66.66666667
2019-02-17 00:00:00,38.0952381
2019-02-18 00:00:00,48.27586207
2019-02-19 00:00:00,13.95348837
2019-02-20 00:00:00,6.12244898
2019-02-21 00:00:00,50
2019-02-22 00:00:00,-14.1025641
2019-02-23 00:00:00,-73.13432836
2019-02-24 00:00:00,0
2019-02-25 00:00:00,216.6666667
2019-02-26 00:00:00,14.03508772
2019-02-27 00:00:00,-16.92307692
2019-02-28 00:00:00,-7.407407407
2019-03-01 00:00:00,-54.54545455
2019-03-02 00:00:00,-54.54545455
2019-03-03 00:00:00,-40
2019-03-04 00:00:00,233.3333333
2019-03-05 00:00:00,10
2019-03-06 00:00:00,27.27272727
2019-03-07 00:00:00,7.142857143
2019-03-08 00:00:00,-20
2019-03-09 00:00:00,-66.66666667
2019-03-10 00:00:00,-25
2019-03-11 00:00:00,200
2019-03-12 00:00:00,33.33333333
2019-03-13 00:00:00,0
2019-03-14 00:00:00,-16.66666667
2019-03-15 00:00:00,50
2019-03-16 00:00:00,-60
2019-03-17 00:00:00,-66.66666667
2019-03-18 00:00:00,400
2019-03-19 00:00:00,40
2019-03-20 00:00:00,-7.142857143
2019-03-21 00:00:00,7.692307692
2019-03-22 00:00:00,-21.42857143
2019-03-23 00:00:00,-63.63636364
2019-03-24 00:00:00,-25
2019-03-25 00:00:00,400
2019-03-26 00:00:00,13.33333333
2019-03-27 00:00:00,-17.64705882
2019-03-28 00:00:00,-50
2019-03-29 00:00:00,42.85714286
2019-03-30 00:00:00,-80
2019-03-31 00:00:00,50
2019-04-01 00:00:00,0
2019-04-02 00:00:00,0
2019-04-03 00:00:00,10
2019-04-04 00:00:00,18.18181818
2019-04-05 00:00:00,-15.38461538
2019-04-06 00:00:00,-54.54545455
2019-04-07 00:00:00,-60
2019-04-08 00:00:00,300
2019-04-09 00:00:00,37.5
2019-04-10 00:00:00,-9.090909091
2019-04-11 00:00:00,-10
2019-04-12 00:00:00,33.33333333
2019-04-13 00:00:00,-66.66666667
2019-04-14 00:00:00,-50
2019-04-15 00:00:00,450
2019-04-16 00:00:00,327.2727273
2019-04-17 00:00:00,112.7659574
2019-04-18 00:00:00,-49
2019-04-19 00:00:00,-60.78431373
2019-04-20 00:00:00,-60
2019-04-21 00:00:00,-25
2019-04-22 00:00:00,400
2019-04-23 00:00:00,56.66666667
2019-04-24 00:00:00,2.127659574
2019-04-25 00:00:00,-29.16666667
2019-04-26 00:00:00,-11.76470588
2019-04-27 00:00:00,-63.33333333
2019-04-28 00:00:00,-63.63636364
2019-04-29 00:00:00,550
2019-04-30 00:00:00,11.53846154
2019-05-01 00:00:00,-16.48351648
2019-05-02 00:00:00,-16.48351648
2019-05-03 00:00:00,-26.31578947
2019-05-04 00:00:00,-75
2019-05-05 00:00:00,-42.85714286
2019-05-06 00:00:00,362.5
2019-05-07 00:00:00,0
2019-05-08 00:00:00,0
2019-05-09 00:00:00,-21.62162162
2019-05-10 00:00:00,48.27586207
2019-05-11 00:00:00,-72.09302326
2019-05-12 00:00:00,-41.66666667
2019-05-13 00:00:00,314.2857143
2019-05-14 00:00:00,-17.24137931
2019-05-15 00:00:00,25
2019-05-16 00:00:00,13.33333333
2019-05-17 00:00:00,-2.941176471
2019-05-18 00:00:00,-75.75757576
2019-05-19 00:00:00,-25
2019-05-20 00:00:00,566.6666667
2019-05-21 00:00:00,17.5
2019-05-22 00:00:00,112.7659574
2019-05-23 00:00:00,-42
2019-05-24 00:00:00,-25.86206897
2019-05-25 00:00:00,-81.39534884
2019-05-26 00:00:00,37.5
2019-05-27 00:00:00,54.54545455
2019-05-28 00:00:00,64.70588235
2019-05-29 00:00:00,3.571428571
2019-05-30 00:00:00,-3.448275862
2019-05-31 00:00:00,10.71428571
2019-06-01 00:00:00,-48.14814815
2019-06-02 00:00:00,-48.14814815
2019-06-03 00:00:00,350
2019-06-04 00:00:00,17.46031746
2019-06-05 00:00:00,-9.459459459
2019-06-06 00:00:00,-25.37313433
2019-06-07 00:00:00,26
2019-06-08 00:00:00,-66.66666667
2019-06-09 00:00:00,-23.80952381
2019-06-10 00:00:00,262.5
2019-06-11 00:00:00,32.75862069
2019-06-12 00:00:00,-7.792207792
2019-06-13 00:00:00,-19.71830986
2019-06-14 00:00:00,-28.07017544
2019-06-15 00:00:00,-53.65853659
2019-06-16 00:00:00,-36.84210526
2019-06-17 00:00:00,316.6666667
2019-06-18 00:00:00,16
2019-06-19 00:00:00,-24.13793103
2019-06-20 00:00:00,52.27272727
2019-06-21 00:00:00,-20.89552239
2019-06-22 00:00:00,-75.47169811
2019-06-23 00:00:00,-38.46153846
2019-06-24 00:00:00,450
2019-06-25 00:00:00,27.27272727
2019-06-26 00:00:00,12.5
2019-06-27 00:00:00,9.523809524
2019-06-28 00:00:00,-26.08695652
2019-06-29 00:00:00,-76.47058824
2019-06-30 00:00:00,41.66666667
2019-07-01 00:00:00,-34.11764706
2019-07-02 00:00:00,-34.11764706
2019-07-03 00:00:00,-7.142857143
2019-07-04 00:00:00,-34.61538462
2019-07-05 00:00:00,35.29411765
2019-07-06 00:00:00,-52.17391304
2019-07-07 00:00:00,-40.90909091
2019-07-08 00:00:00,153.8461538
2019-07-09 00:00:00,33.33333333
2019-07-10 00:00:00,-6.818181818
2019-07-11 00:00:00,34.14634146
2019-07-12 00:00:00,-25.45454545
2019-07-13 00:00:00,-65.85365854
2019-07-14 00:00:00,-7.142857143
2019-07-15 00:00:00,300
2019-07-16 00:00:00,15.38461538
2019-07-17 00:00:00,55
2019-07-18 00:00:00,-25.80645161
2019-07-19 00:00:00,-30.43478261
2019-07-20 00:00:00,-62.5
2019-07-21 00:00:00,-38.88888889
2019-07-22 00:00:00,372.7272727
2019-07-23 00:00:00,11.53846154
2019-07-24 00:00:00,10.34482759
2019-07-25 00:00:00,-7.8125
2019-07-26 00:00:00,-18.6440678
2019-07-27 00:00:00,-45.83333333
2019-07-28 00:00:00,-65.38461538
2019-07-29 00:00:00,266.6666667
2019-07-30 00:00:00,51.51515152
2019-07-31 00:00:00,52
2019-08-01 00:00:00,-47
2019-08-02 00:00:00,-47
2019-08-03 00:00:00,-49.05660377
2019-08-04 00:00:00,-100
2019-08-05 00:00:00,inf
2019-08-06 00:00:00,15.90909091
2019-08-07 00:00:00,-19.60784314
2019-08-08 00:00:00,9.756097561
2019-08-09 00:00:00,-4.444444444
2019-08-10 00:00:00,-53.48837209
2019-08-11 00:00:00,-60
2019-08-12 00:00:00,462.5
2019-08-13 00:00:00,-6.666666667
2019-08-14 00:00:00,7.142857143
2019-08-15 00:00:00,-24.44444444
2019-08-16 00:00:00,41.17647059
2019-08-17 00:00:00,-60.41666667
2019-08-18 00:00:00,-57.89473684
2019-08-19 00:00:00,487.5
2019-08-20 00:00:00,59.57446809
2019-08-21 00:00:00,-22.66666667
2019-08-22 00:00:00,13.79310345
2019-08-23 00:00:00,-6.060606061
2019-08-24 00:00:00,-62.90322581
2019-08-25 00:00:00,-65.2173913
2019-08-26 00:00:00,725
2019-08-27 00:00:00,-31.81818182
2019-08-28 00:00:00,33.33333333
2019-08-29 00:00:00,-26.66666667
2019-08-30 00:00:00,34.09090909
2019-08-31 00:00:00,-61.01694915
2019-09-01 00:00:00,36.84210526
2019-09-02 00:00:00,36.84210526
2019-09-03 00:00:00,138.4615385
2019-09-04 00:00:00,29.03225806
2019-09-05 00:00:00,2.5
2019-09-06 00:00:00,2.43902439
2019-09-07 00:00:00,-60.71428571
2019-09-08 00:00:00,-27.27272727
2019-09-09 00:00:00,116.6666667
2019-09-10 00:00:00,38.46153846
2019-09-11 00:00:00,2.777777778
2019-09-12 00:00:00,35.13513514
2019-09-13 00:00:00,-13
2019-09-14 00:00:00,-81.6091954
2019-09-15 00:00:00,25
2019-09-16 00:00:00,200
2019-09-17 00:00:00,0
2019-09-18 00:00:00,16.66666667
2019-09-19 00:00:00,-4.285714286
2019-09-20 00:00:00,-8.955223881
2019-09-21 00:00:00,-81.96721311
2019-09-22 00:00:00,-27.27272727
2019-09-23 00:00:00,500
2019-09-24 00:00:00,25
2019-09-25 00:00:00,-5
2019-09-26 00:00:00,12.28070175
2019-09-27 00:00:00,6.25
2019-09-28 00:00:00,-85.29411765
2019-09-29 00:00:00,-10
2019-09-30 00:00:00,355.5555556
2019-10-01 00:00:00,15
2019-10-02 00:00:00,15
2019-10-03 00:00:00,-21.73913043
2019-10-04 00:00:00,72.22222222
2019-10-05 00:00:00,-67.74193548
2019-10-06 00:00:00,-50
2019-10-07 00:00:00,240
2019-10-08 00:00:00,5.882352941
2019-10-09 00:00:00,77.77777778
2019-10-10 00:00:00,-21.875
2019-10-11 00:00:00,32
2019-10-12 00:00:00,-72.72727273
2019-10-13 00:00:00,-11.11111111
2019-10-14 00:00:00,87.5
2019-10-15 00:00:00,113.3333333
2019-10-16 00:00:00,-9.375
2019-10-17 00:00:00,10.34482759
2019-10-18 00:00:00,-28.125
2019-10-19 00:00:00,-60.86956522
2019-10-20 00:00:00,-55.55555556
2019-10-21 00:00:00,450
2019-10-22 00:00:00,31.81818182
2019-10-23 00:00:00,-31.03448276
2019-10-24 00:00:00,25
2019-10-25 00:00:00,-16
2019-10-26 00:00:00,-52.38095238
2019-10-27 00:00:00,-70
2019-10-28 00:00:00,1200
2019-10-29 00:00:00,2.564102564
2019-10-30 00:00:00,-7.5
2019-10-31 00:00:00,-10.81081081
2019-11-01 00:00:00,-47.05882353
2019-11-02 00:00:00,-47.05882353
2019-11-03 00:00:00,-44.44444444
2019-11-04 00:00:00,340
2019-11-05 00:00:00,9.090909091
2019-11-06 00:00:00,75
2019-11-07 00:00:00,19.04761905
2019-11-08 00:00:00,-12
2019-11-09 00:00:00,-61.36363636
2019-11-10 00:00:00,-58.82352941
2019-11-11 00:00:00,221.4285714
2019-11-12 00:00:00,-17.77777778
2019-11-13 00:00:00,27.02702703
2019-11-14 00:00:00,-29.78723404
2019-11-15 00:00:00,27.27272727
2019-11-16 00:00:00,-73.80952381
2019-11-17 00:00:00,27.27272727
2019-11-18 00:00:00,150
2019-11-19 00:00:00,34.28571429
2019-11-20 00:00:00,-6.382978723
2019-11-21 00:00:00,-4.545454545
2019-11-22 00:00:00,-7.142857143
2019-11-23 00:00:00,-66.66666667
2019-11-24 00:00:00,-53.84615385
2019-11-25 00:00:00,400
2019-11-26 00:00:00,6.666666667
2019-11-27 00:00:00,-15.625
2019-11-28 00:00:00,-48.14814815
2019-11-29 00:00:00,71.42857143
2019-11-30 00:00:00,-41.66666667
2019-12-01 00:00:00,263.6363636
2019-12-02 00:00:00,263.6363636
2019-12-03 00:00:00,67.5
2019-12-04 00:00:00,-22.3880597
2019-12-05 00:00:00,15.38461538
2019-12-06 00:00:00,-26.66666667
2019-12-07 00:00:00,-50
2019-12-08 00:00:00,-54.54545455
2019-12-09 00:00:00,210
2019-12-10 00:00:00,38.70967742
2019-12-11 00:00:00,44.18604651
2019-12-12 00:00:00,35.48387097
2019-12-13 00:00:00,-11.9047619
2019-12-14 00:00:00,-68.91891892
2019-12-15 00:00:00,-43.47826087
2019-12-16 00:00:00,430.7692308
2019-12-17 00:00:00,-20.28985507
2019-12-18 00:00:00,-14.54545455
2019-12-19 00:00:00,23.40425532
2019-12-20 00:00:00,-18.96551724
2019-12-21 00:00:00,-70.21276596
2019-12-22 00:00:00,-57.14285714
2019-12-23 00:00:00,766.6666667
2019-12-24 00:00:00,-13.46153846
2019-12-25 00:00:00,-51.11111111
2019-12-26 00:00:00,54.54545455
2019-12-27 00:00:00,79.41176471
2019-12-28 00:00:00,-57.37704918
2019-12-29 00:00:00,-50
2019-12-30 00:00:00,300
2019-12-31 00:00:00,7.692307692
2020-01-01 00:00:00,164.2857143
2020-01-02 00:00:00,164.2857143
2020-01-03 00:00:00,-2.702702703
2020-01-04 00:00:00,-52.77777778
2020-01-05 00:00:00,-11.76470588
2020-01-06 00:00:00,140
2020-01-07 00:00:00,33.33333333
2020-01-08 00:00:00,14.58333333
2020-01-09 00:00:00,-16.36363636
2020-01-10 00:00:00,52.17391304
2020-01-11 00:00:00,-70
2020-01-12 00:00:00,-52.38095238
2020-01-13 00:00:00,440
2020-01-14 00:00:00,-3.703703704
2020-01-15 00:00:00,-23.07692308
2020-01-16 00:00:00,45
2020-01-17 00:00:00,25.86206897
2020-01-18 00:00:00,-54.79452055
2020-01-19 00:00:00,-72.72727273
2020-01-20 00:00:00,333.3333333
2020-01-21 00:00:00,56.41025641
2020-01-22 00:00:00,-16.39344262
2020-01-23 00:00:00,-9.803921569
2020-01-24 00:00:00,13.04347826
2020-01-25 00:00:00,-59.61538462
2020-01-26 00:00:00,-76.19047619
2020-01-27 00:00:00,820
2020-01-28 00:00:00,-4.347826087
2020-01-29 00:00:00,-9.090909091
2020-01-30 00:00:00,-5
2020-01-31 00:00:00,13.15789474
2020-02-01 00:00:00,-41.66666667
2020-02-02 00:00:00,-41.66666667
2020-02-03 00:00:00,642.8571429
2020-02-04 00:00:00,7.692307692
2020-02-05 00:00:00,78.57142857
2020-02-06 00:00:00,-2
2020-02-07 00:00:00,-29.59183673
2020-02-08 00:00:00,-68.11594203
2020-02-09 00:00:00,-50
2020-02-10 00:00:00,309.0909091
2020-02-11 00:00:00,55.55555556
2020-02-12 00:00:00,-20
2020-02-13 00:00:00,-21.42857143
2020-02-14 00:00:00,27.27272727
2020-02-15 00:00:00,-75
2020-02-16 00:00:00,-14.28571429
2020-02-17 00:00:00,133.3333333
2020-02-18 00:00:00,92.85714286
2020-02-19 00:00:00,-7.407407407
2020-02-20 00:00:00,2
2020-02-21 00:00:00,-11.76470588
2020-02-22 00:00:00,-73.33333333
2020-02-23 00:00:00,-41.66666667
2020-02-24 00:00:00,542.8571429
2020-02-25 00:00:00,4.444444444
2020-02-26 00:00:00,-4.255319149
2020-02-27 00:00:00,11.11111111
2020-02-28 00:00:00,10
2020-02-29 00:00:00,-43.63636364
2020-03-01 00:00:00,356.25
2020-03-02 00:00:00,356.25
2020-03-03 00:00:00,10.95890411
2020-03-04 00:00:00,-22.22222222
2020-03-05 00:00:00,-7.936507937
2020-03-06 00:00:00,-8.620689655
2020-03-07 00:00:00,-50.94339623
2020-03-08 00:00:00,-30.76923077
2020-03-09 00:00:00,333.3333333
2020-03-10 00:00:00,-6.41025641
2020-03-11 00:00:00,-2.739726027
2020-03-12 00:00:00,1.408450704
2020-03-13 00:00:00,34.72222222
2020-03-14 00:00:00,-60.82474227
2020-03-15 00:00:00,-52.63157895
2020-03-16 00:00:00,355.5555556
2020-03-17 00:00:00,13.41463415
2020-03-18 00:00:00,-5.376344086
2020-03-19 00:00:00,9.090909091
2020-03-20 00:00:00,-11.45833333
2020-03-21 00:00:00,-71.76470588
2020-03-22 00:00:00,-12.5
2020-03-23 00:00:00,209.5238095
2020-03-24 00:00:00,-7.692307692
2020-03-25 00:00:00,6.666666667
2020-03-26 00:00:00,23.4375
2020-03-27 00:00:00,-6.329113924
2020-03-28 00:00:00,-71.62162162
2020-03-29 00:00:00,-14.28571429
2020-03-30 00:00:00,188.8888889
2020-03-31 00:00:00,7.692307692
2020-04-01 00:00:00,-22.58064516
2020-04-02 00:00:00,-22.58064516
2020-04-03 00:00:00,-4.166666667
2020-04-04 00:00:00,-43.47826087
2020-04-05 00:00:00,-30.76923077
2020-04-06 00:00:00,222.2222222
2020-04-07 00:00:00,37.93103448
2020-04-08 00:00:00,-15
2020-04-09 00:00:00,-11.76470588
2020-04-10 00:00:00,-58.33333333
2020-04-11 00:00:00,-64
2020-04-12 00:00:00,44.44444444
2020-04-13 00:00:00,292.3076923
2020-04-14 00:00:00,29.41176471
2020-04-15 00:00:00,-4.545454545
2020-04-16 00:00:00,-1.587301587
2020-04-17 00:00:00,17.74193548
2020-04-18 00:00:00,-71.23287671
2020-04-19 00:00:00,-14.28571429
2020-04-20 00:00:00,183.3333333
2020-04-21 00:00:00,-17.64705882
2020-04-22 00:00:00,-2.380952381
2020-04-23 00:00:00,21.95121951
2020-04-24 00:00:00,-20
2020-04-25 00:00:00,-65
2020-04-26 00:00:00,-7.142857143
2020-04-27 00:00:00,207.6923077
2020-04-28 00:00:00,57.5
2020-04-29 00:00:00,58.73015873
2020-04-30 00:00:00,-14
2020-05-01 00:00:00,-61.40350877
2020-05-02 00:00:00,-61.40350877
2020-05-03 00:00:00,-31.81818182
2020-05-04 00:00:00,206.6666667
2020-05-05 00:00:00,32.60869565
2020-05-06 00:00:00,-8.196721311
2020-05-07 00:00:00,1.785714286
2020-05-08 00:00:00,-3.50877193
2020-05-09 00:00:00,-54.54545455
2020-05-10 00:00:00,-28
2020-05-11 00:00:00,211.1111111
2020-05-12 00:00:00,10.71428571
2020-05-13 00:00:00,-14.51612903
2020-05-14 00:00:00,7.547169811
2020-05-15 00:00:00,22.80701754
2020-05-16 00:00:00,-62.85714286
2020-05-17 00:00:00,-15.38461538
2020-05-18 00:00:00,200
2020-05-19 00:00:00,-24.24242424
2020-05-20 00:00:00,20
2020-05-21 00:00:00,8.333333333
2020-05-22 00:00:00,15.38461538
2020-05-23 00:00:00,-64
2020-05-24 00:00:00,-37.03703704
2020-05-25 00:00:00,5.882352941
2020-05-26 00:00:00,233.3333333
2020-05-27 00:00:00,3.333333333
2020-05-28 00:00:00,-4.838709677
2020-05-29 00:00:00,-15.25423729
2020-05-30 00:00:00,-52
2020-05-31 00:00:00,-58.33333333
2020-06-01 00:00:00,25
2020-06-02 00:00:00,25
2020-06-03 00:00:00,48
2020-06-04 00:00:00,-18.91891892
2020-06-05 00:00:00,23.33333333
2020-06-06 00:00:00,-72.97297297
2020-06-07 00:00:00,-30
2020-06-08 00:00:00,328.5714286
2020-06-09 00:00:00,3.333333333
2020-06-10 00:00:00,9.677419355
2020-06-11 00:00:00,-2.941176471
2020-06-12 00:00:00,6.060606061
2020-06-13 00:00:00,-74.28571429
2020-06-14 00:00:00,11.11111111
2020-06-15 00:00:00,100
2020-06-16 00:00:00,40
2020-06-17 00:00:00,14.28571429
2020-06-18 00:00:00,-34.375
2020-06-19 00:00:00,19.04761905
2020-06-20 00:00:00,-52
2020-06-21 00:00:00,-41.66666667
2020-06-22 00:00:00,185.7142857
2020-06-23 00:00:00,30
2020-06-24 00:00:00,-26.92307692
2020-06-25 00:00:00,10.52631579
2020-06-26 00:00:00,4.761904762
2020-06-27 00:00:00,-45.45454545
2020-06-28 00:00:00,-41.66666667
2020-06-29 00:00:00,114.2857143
2020-06-30 00:00:00,46.66666667
2020-07-01 00:00:00,12
2020-07-02 00:00:00,12
2020-07-03 00:00:00,-57.14285714
2020-07-04 00:00:00,-50
2020-07-05 00:00:00,50
2020-07-06 00:00:00,177.7777778
2020-07-07 00:00:00,8
2020-07-08 00:00:00,-3.703703704
2020-07-09 00:00:00,-7.692307692
2020-07-10 00:00:00,-16.66666667
2020-07-11 00:00:00,-45
2020-07-12 00:00:00,-63.63636364
2020-07-13 00:00:00,500
2020-07-14 00:00:00,-12.5
2020-07-15 00:00:00,-9.523809524
2020-07-16 00:00:00,5.263157895
2020-07-17 00:00:00,15
2020-07-18 00:00:00,-78.26086957
2020-07-19 00:00:00,-60
2020-07-20 00:00:00,900
2020-07-21 00:00:00,-5
2020-07-22 00:00:00,5.263157895
2020-07-23 00:00:00,-15
2020-07-24 00:00:00,11.76470588
2020-07-25 00:00:00,-42.10526316
2020-07-26 00:00:00,-63.63636364
2020-07-27 00:00:00,550
2020-07-28 00:00:00,0
2020-07-29 00:00:00,134.6153846
2020-07-30 00:00:00,63.93442623
2020-07-31 00:00:00,-34
2020-08-01 00:00:00,-23.33333333
2020-08-02 00:00:00,-23.33333333
2020-08-03 00:00:00,313.0434783
2020-08-04 00:00:00,0
2020-08-05 00:00:00,-6.315789474
2020-08-06 00:00:00,2.247191011
2020-08-07 00:00:00,-20.87912088
2020-08-08 00:00:00,-50
2020-08-09 00:00:00,-11.11111111
2020-08-10 00:00:00,87.5
2020-08-11 00:00:00,50
2020-08-12 00:00:00,7.777777778
2020-08-13 00:00:00,3.092783505
2020-08-14 00:00:00,-30
2020-08-15 00:00:00,-65.71428571
2020-08-16 00:00:00,-33.33333333
2020-08-17 00:00:00,218.75
2020-08-18 00:00:00,27.45098039
2020-08-19 00:00:00,12.30769231
2020-08-20 00:00:00,-27.39726027
2020-08-21 00:00:00,30.18867925
2020-08-22 00:00:00,-57.97101449
2020-08-23 00:00:00,-17.24137931
2020-08-24 00:00:00,175
2020-08-25 00:00:00,-6.060606061
2020-08-26 00:00:00,14.51612903
2020-08-27 00:00:00,-7.042253521
2020-08-28 00:00:00,-1.515151515
2020-08-29 00:00:00,-58.46153846
2020-08-30 00:00:00,-48.14814815
2020-08-31 00:00:00,464.2857143
2020-09-01 00:00:00,0
2020-09-02 00:00:00,0
2020-09-03 00:00:00,-1.162790698
2020-09-04 00:00:00,17.64705882
2020-09-05 00:00:00,-69
2020-09-06 00:00:00,-54.83870968
2020-09-07 00:00:00,150
2020-09-08 00:00:00,80
2020-09-09 00:00:00,-1.587301587
2020-09-10 00:00:00,30.64516129
2020-09-11 00:00:00,-25.92592593
2020-09-12 00:00:00,-71.66666667
2020-09-13 00:00:00,0
2020-09-14 00:00:00,276.4705882
2020-09-15 00:00:00,-14.0625
2020-09-16 00:00:00,5.454545455
2020-09-17 00:00:00,6.896551724
2020-09-18 00:00:00,-11.29032258
2020-09-19 00:00:00,-65.45454545
2020-09-20 00:00:00,-52.63157895
2020-09-21 00:00:00,477.7777778
2020-09-22 00:00:00,0
2020-09-23 00:00:00,3.846153846
2020-09-24 00:00:00,-38.88888889
2020-09-25 00:00:00,93.93939394
2020-09-26 00:00:00,-75
2020-09-27 00:00:00,-50
2020-09-28 00:00:00,625
2020-09-29 00:00:00,5.172413793
2020-09-30 00:00:00,-4.918032787
2020-10-01 00:00:00,-3.448275862
2020-10-02 00:00:00,-3.448275862
2020-10-03 00:00:00,-71.42857143
2020-10-04 00:00:00,-62.5
2020-10-05 00:00:00,733.3333333
2020-10-06 00:00:00,20
2020-10-07 00:00:00,-10
2020-10-08 00:00:00,-7.407407407
2020-10-09 00:00:00,52
2020-10-10 00:00:00,-68.42105263
2020-10-11 00:00:00,-58.33333333
2020-10-12 00:00:00,500
2020-10-13 00:00:00,10
2020-10-14 00:00:00,42.42424242
2020-10-15 00:00:00,-34.04255319
2020-10-16 00:00:00,0
2020-10-17 00:00:00,-67.74193548
2020-10-18 00:00:00,-10
2020-10-19 00:00:00,266.6666667
2020-10-20 00:00:00,-9.090909091
2020-10-21 00:00:00,13.33333333
2020-10-22 00:00:00,-20.58823529
2020-10-23 00:00:00,-22.22222222
2020-10-24 00:00:00,-47.61904762
2020-10-25 00:00:00,-45.45454545
2020-10-26 00:00:00,200
2020-10-27 00:00:00,50
2020-10-28 00:00:00,-7.407407407
2020-10-29 00:00:00,24
2020-10-30 00:00:00,-22.58064516
2020-10-31 00:00:00,-70.83333333
2020-11-01 00:00:00,144.4444444
2020-11-02 00:00:00,144.4444444
2020-11-03 00:00:00,22.72727273
2020-11-04 00:00:00,96.2962963
2020-11-05 00:00:00,88.67924528
2020-11-06 00:00:00,-53
2020-11-07 00:00:00,-63.82978723
2020-11-08 00:00:00,-58.82352941
2020-11-09 00:00:00,442.8571429
2020-11-10 00:00:00,-2.631578947
2020-11-11 00:00:00,5.405405405
2020-11-12 00:00:00,7.692307692
2020-11-13 00:00:00,-38.0952381
2020-11-14 00:00:00,-46.15384615
2020-11-15 00:00:00,-35.71428571
2020-11-16 00:00:00,266.6666667
2020-11-17 00:00:00,18.18181818
2020-11-18 00:00:00,17.94871795
2020-11-19 00:00:00,-19.56521739
2020-11-20 00:00:00,-2.702702703
2020-11-21 00:00:00,-75
2020-11-22 00:00:00,-22.22222222
2020-11-23 00:00:00,328.5714286
2020-11-24 00:00:00,43.33333333
2020-11-25 00:00:00,-23.25581395
2020-11-26 00:00:00,-36.36363636
2020-11-27 00:00:00,23.80952381
2020-11-28 00:00:00,-65.38461538
2020-11-29 00:00:00,44.44444444
2020-11-30 00:00:00,146.1538462
2020-12-01 00:00:00,-5.660377358
2020-12-02 00:00:00,-5.660377358
2020-12-03 00:00:00,-18
2020-12-04 00:00:00,53.65853659
2020-12-05 00:00:00,-61.9047619
2020-12-06 00:00:00,-58.33333333
2020-12-07 00:00:00,400
2020-12-08 00:00:00,-14
2020-12-09 00:00:00,13.95348837
2020-12-10 00:00:00,2.040816327
2020-12-11 00:00:00,100
2020-12-12 00:00:00,-76
2020-12-13 00:00:00,-62.5
2020-12-14 00:00:00,511.1111111
2020-12-15 00:00:00,-3.636363636
2020-12-16 00:00:00,-32.0754717
2020-12-17 00:00:00,36.11111111
2020-12-18 00:00:00,-18.36734694
2020-12-19 00:00:00,-62.5
2020-12-20 00:00:00,-33.33333333
2020-12-21 00:00:00,240
2020-12-22 00:00:00,14.70588235
2020-12-23 00:00:00,20.51282051
2020-12-24 00:00:00,-25.53191489
2020-12-25 00:00:00,-54.28571429
2020-12-26 00:00:00,-25
2020-12-27 00:00:00,-8.333333333
2020-12-28 00:00:00,263.6363636
2020-12-29 00:00:00,-2.5
2020-12-30 00:00:00,-28.20512821
2020-12-31 00:00:00,57.14285714
2021-01-01 00:00:00,0
2021-01-02 00:00:00,0
2021-01-03 00:00:00,-77.77777778
2021-01-04 00:00:00,1150
2021-01-05 00:00:00,24
2021-01-06 00:00:00,-29.03225806
2021-01-07 00:00:00,-4.545454545
2021-01-08 00:00:00,28.57142857
2021-01-09 00:00:00,-55.55555556
2021-01-10 00:00:00,-8.333333333
2021-01-11 00:00:00,127.2727273
2021-01-12 00:00:00,-32
2021-01-13 00:00:00,47.05882353
2021-01-14 00:00:00,20
2021-01-15 00:00:00,-6.666666667
2021-01-16 00:00:00,-67.85714286
2021-01-17 00:00:00,-22.22222222
2021-01-18 00:00:00,14.28571429
2021-01-19 00:00:00,225
2021-01-20 00:00:00,23.07692308
2021-01-21 00:00:00,-15.625
2021-01-22 00:00:00,-3.703703704
2021-01-23 00:00:00,-65.38461538
2021-01-24 00:00:00,-55.55555556
2021-01-25 00:00:00,500
2021-01-26 00:00:00,4.166666667
2021-01-27 00:00:00,4
2021-01-28 00:00:00,7.692307692
2021-01-29 00:00:00,10.71428571
2021-01-30 00:00:00,-64.51612903
2021-01-31 00:00:00,-36.36363636
2021-02-01 00:00:00,14.81481481
2021-02-02 00:00:00,14.81481481
2021-02-03 00:00:00,90.32258065
2021-02-04 00:00:00,69.49152542
2021-02-05 00:00:00,-32
2021-02-06 00:00:00,-73.52941176
2021-02-07 00:00:00,-44.44444444
2021-02-08 00:00:00,320
2021-02-09 00:00:00,9.523809524
2021-02-10 00:00:00,-10.86956522
2021-02-11 00:00:00,-4.87804878
2021-02-12 00:00:00,-7.692307692
2021-02-13 00:00:00,-69.44444444
2021-02-14 00:00:00,-45.45454545
2021-02-15 00:00:00,116.6666667
2021-02-16 00:00:00,138.4615385
2021-02-17 00:00:00,-12.90322581
2021-02-18 00:00:00,14.81481481
2021-02-19 00:00:00,-25.80645161
2021-02-20 00:00:00,-60.86956522
2021-02-21 00:00:00,-33.33333333
2021-02-22 00:00:00,366.6666667
2021-02-23 00:00:00,7.142857143
2021-02-24 00:00:00,6.666666667
2021-02-25 00:00:00,-9.375
2021-02-26 00:00:00,-27.5862069
2021-02-27 00:00:00,-52.38095238
2021-02-28 00:00:00,0
2021-03-01 00:00:00,-24.63768116
2021-03-02 00:00:00,-24.63768116
2021-03-03 00:00:00,-9.615384615
2021-03-04 00:00:00,36.17021277
2021-03-05 00:00:00,-6.25
2021-03-06 00:00:00,-71.66666667
2021-03-07 00:00:00,-35.29411765
2021-03-08 00:00:00,472.7272727
2021-03-09 00:00:00,17.46031746
2021-03-10 00:00:00,6.756756757
2021-03-11 00:00:00,-26.58227848
2021-03-12 00:00:00,13.79310345
2021-03-13 00:00:00,-62.12121212
2021-03-14 00:00:00,-56
2021-03-15 00:00:00,363.6363636
2021-03-16 00:00:00,7.843137255
2021-03-17 00:00:00,-20
2021-03-18 00:00:00,18.18181818
2021-03-19 00:00:00,-9.615384615
2021-03-20 00:00:00,-61.70212766
2021-03-21 00:00:00,-16.66666667
2021-03-22 00:00:00,260
2021-03-23 00:00:00,-11.11111111
2021-03-24 00:00:00,39.58333333
2021-03-25 00:00:00,-20.89552239
2021-03-26 00:00:00,0
2021-03-27 00:00:00,-62.26415094
2021-03-28 00:00:00,-20
2021-03-29 00:00:00,200
2021-03-30 00:00:00,25
2021-03-31 00:00:00,-18.33333333
2021-04-01 00:00:00,-50.74626866
2021-04-02 00:00:00,-50.74626866
2021-04-03 00:00:00,-75.75757576
2021-04-04 00:00:00,12.5
2021-04-05 00:00:00,688.8888889
2021-04-06 00:00:00,-8.450704225
2021-04-07 00:00:00,-10.76923077
2021-04-08 00:00:00,6.896551724
2021-04-09 00:00:00,-8.064516129
2021-04-10 00:00:00,-59.64912281
2021-04-11 00:00:00,-39.13043478
2021-04-12 00:00:00,285.7142857
2021-04-13 00:00:00,-18.51851852
2021-04-14 00:00:00,20.45454545
2021-04-15 00:00:00,3.773584906
2021-04-16 00:00:00,-20
2021-04-17 00:00:00,-56.81818182
2021-04-18 00:00:00,-36.84210526
2021-04-19 00:00:00,233.3333333
2021-04-20 00:00:00,2.5
2021-04-21 00:00:00,21.95121951
2021-04-22 00:00:00,-4
2021-04-23 00:00:00,-27.08333333
2021-04-24 00:00:00,-80
2021-04-25 00:00:00,100
2021-04-26 00:00:00,178.5714286
2021-04-27 00:00:00,43.58974359
2021-04-28 00:00:00,58.92857143
2021-04-29 00:00:00,12.35955056
2021-04-30 00:00:00,-30
2021-05-01 00:00:00,-13.33333333
2021-05-02 00:00:00,-13.33333333
2021-05-03 00:00:00,180.7692308
2021-05-04 00:00:00,-26.02739726
2021-05-05 00:00:00,16.66666667
2021-05-06 00:00:00,11.11111111
2021-05-07 00:00:00,2.857142857
2021-05-08 00:00:00,-51.38888889
2021-05-09 00:00:00,-40
2021-05-10 00:00:00,252.3809524
2021-05-11 00:00:00,35.13513514
2021-05-12 00:00:00,-29
2021-05-13 00:00:00,-14.08450704
2021-05-14 00:00:00,1.639344262
2021-05-15 00:00:00,-67.74193548
2021-05-16 00:00:00,-15
2021-05-17 00:00:00,252.9411765
2021-05-18 00:00:00,41.66666667
2021-05-19 00:00:00,-24.70588235
2021-05-20 00:00:00,23.4375
2021-05-21 00:00:00,17.72151899
2021-05-22 00:00:00,-73.11827957
2021-05-23 00:00:00,4
2021-05-24 00:00:00,196.1538462
2021-05-25 00:00:00,18.18181818
2021-05-26 00:00:00,-5.494505495
2021-05-27 00:00:00,-3.488372093
2021-05-28 00:00:00,-3.614457831
2021-05-29 00:00:00,-61.25
2021-05-30 00:00:00,-6.451612903
2021-05-31 00:00:00,27.5862069
2021-06-01 00:00:00,0
2021-06-02 00:00:00,0
2021-06-03 00:00:00,0
2021-06-04 00:00:00,-5.555555556
2021-06-05 00:00:00,-44.11764706
2021-06-06 00:00:00,-57.89473684
2021-06-07 00:00:00,337.5
2021-06-08 00:00:00,-5.714285714
2021-06-09 00:00:00,9.090909091
2021-06-10 00:00:00,-22.22222222
2021-06-11 00:00:00,35.71428571
2021-06-12 00:00:00,-60.52631579
2021-06-13 00:00:00,-46.66666667
2021-06-14 00:00:00,362.5
2021-06-15 00:00:00,35.13513514
2021-06-16 00:00:00,-28
2021-06-17 00:00:00,5.555555556
2021-06-18 00:00:00,21.05263158
2021-06-19 00:00:00,-47.82608696
2021-06-20 00:00:00,-29.16666667
2021-06-21 00:00:00,129.4117647
2021-06-22 00:00:00,-12.82051282
2021-06-23 00:00:00,0
2021-06-24 00:00:00,23.52941176
2021-06-25 00:00:00,-14.28571429
2021-06-26 00:00:00,-52.77777778
2021-06-27 00:00:00,-41.17647059
2021-06-28 00:00:00,330
2021-06-29 00:00:00,-13.95348837
2021-06-30 00:00:00,35.13513514
2021-07-01 00:00:00,-2.325581395
2021-07-02 00:00:00,-2.325581395
2021-07-03 00:00:00,-64.28571429
2021-07-04 00:00:00,26.66666667
2021-07-05 00:00:00,36.84210526
2021-07-06 00:00:00,61.53846154
2021-07-07 00:00:00,-2.380952381
2021-07-08 00:00:00,-14.63414634
2021-07-09 00:00:00,-2.857142857
2021-07-10 00:00:00,-35.29411765
2021-07-11 00:00:00,-50
2021-07-12 00:00:00,227.2727273
2021-07-13 00:00:00,-2.777777778
2021-07-14 00:00:00,2.857142857
2021-07-15 00:00:00,19.44444444
2021-07-16 00:00:00,-18.60465116
2021-07-17 00:00:00,-48.57142857
2021-07-18 00:00:00,-44.44444444
2021-07-19 00:00:00,230
2021-07-20 00:00:00,15.15151515
2021-07-21 00:00:00,5.263157895
2021-07-22 00:00:00,-30
2021-07-23 00:00:00,42.85714286
2021-07-24 00:00:00,-65
2021-07-25 00:00:00,-21.42857143
2021-07-26 00:00:00,363.6363636
2021-07-27 00:00:00,-33.33333333
2021-07-28 00:00:00,58.82352941
2021-07-29 00:00:00,85.18518519
2021-07-30 00:00:00,-35
2021-07-31 00:00:00,-72.30769231
2021-08-01 00:00:00,257.1428571
2021-08-02 00:00:00,257.1428571
2021-08-03 00:00:00,-20
2021-08-04 00:00:00,-2.5
2021-08-05 00:00:00,7.692307692
2021-08-06 00:00:00,-34.52380952
2021-08-07 00:00:00,-47.27272727
2021-08-08 00:00:00,-72.4137931
2021-08-09 00:00:00,800
2021-08-10 00:00:00,-16.66666667
2021-08-11 00:00:00,11.66666667
2021-08-12 00:00:00,-20.89552239
2021-08-13 00:00:00,24.52830189
2021-08-14 00:00:00,-71.21212121
2021-08-15 00:00:00,5.263157895
2021-08-16 00:00:00,175
2021-08-17 00:00:00,10.90909091
2021-08-18 00:00:00,21.31147541
2021-08-19 00:00:00,-16.21621622
2021-08-20 00:00:00,-11.29032258
2021-08-21 00:00:00,-45.45454545
2021-08-22 00:00:00,-26.66666667
2021-08-23 00:00:00,204.5454545
2021-08-24 00:00:00,17.91044776
2021-08-25 00:00:00,-29.11392405
2021-08-26 00:00:00,-8.928571429
2021-08-27 00:00:00,11.76470588
2021-08-28 00:00:00,-56.14035088
2021-08-29 00:00:00,-28
2021-08-30 00:00:00,211.1111111
2021-08-31 00:00:00,17.85714286
2021-09-01 00:00:00,18.05555556
2021-09-02 00:00:00,18.05555556
2021-09-03 00:00:00,-27.05882353
2021-09-04 00:00:00,-82.25806452
2021-09-05 00:00:00,136.3636364
2021-09-06 00:00:00,73.07692308
2021-09-07 00:00:00,51.11111111
2021-09-08 00:00:00,8.823529412
2021-09-09 00:00:00,-21.62162162
2021-09-10 00:00:00,22.4137931
2021-09-11 00:00:00,-57.74647887
2021-09-12 00:00:00,3.333333333
2021-09-13 00:00:00,64.51612903
2021-09-14 00:00:00,25.49019608
2021-09-15 00:00:00,-10.9375
2021-09-16 00:00:00,28.07017544
2021-09-17 00:00:00,36.98630137
2021-09-18 00:00:00,-72
2021-09-19 00:00:00,-21.42857143
2021-09-20 00:00:00,195.4545455
2021-09-21 00:00:00,1.538461538
2021-09-22 00:00:00,-12.12121212
2021-09-23 00:00:00,17.24137931
2021-09-24 00:00:00,36.76470588
2021-09-25 00:00:00,-89.24731183
2021-09-26 00:00:00,0
2021-09-27 00:00:00,780
2021-09-28 00:00:00,-18.18181818
2021-09-29 00:00:00,-4.166666667
2021-09-30 00:00:00,-8.695652174
2021-10-01 00:00:00,-50
2021-10-02 00:00:00,-50
2021-10-03 00:00:00,-100
2021-10-04 00:00:00,inf
2021-10-05 00:00:00,-12.5
2021-10-06 00:00:00,4.761904762
2021-10-07 00:00:00,9.090909091
2021-10-08 00:00:00,-16.66666667
2021-10-09 00:00:00,-45
2021-10-10 00:00:00,-54.54545455
2021-10-11 00:00:00,320
2021-10-12 00:00:00,9.523809524
2021-10-13 00:00:00,13.04347826
2021-10-14 00:00:00,7.692307692
2021-10-15 00:00:00,-3.571428571
2021-10-16 00:00:00,-55.55555556
2021-10-17 00:00:00,-75
2021-10-18 00:00:00,633.3333333
2021-10-19 00:00:00,13.63636364
2021-10-20 00:00:00,-12
2021-10-21 00:00:00,4.545454545
2021-10-22 00:00:00,8.695652174
2021-10-23 00:00:00,-84
2021-10-24 00:00:00,-50
2021-10-25 00:00:00,700
2021-10-26 00:00:00,31.25
2021-10-27 00:00:00,9.523809524
2021-10-28 00:00:00,4.347826087
2021-10-29 00:00:00,-12.5
2021-10-30 00:00:00,-38.0952381
2021-10-31 00:00:00,-61.53846154
2021-11-01 00:00:00,65
2021-11-02 00:00:00,65
2021-11-03 00:00:00,66.66666667
2021-11-04 00:00:00,81.81818182
2021-11-05 00:00:00,-25
2021-11-06 00:00:00,-77.33333333
2021-11-07 00:00:00,11.76470588
2021-11-08 00:00:00,189.4736842
2021-11-09 00:00:00,1.818181818
2021-11-10 00:00:00,-37.5
2021-11-11 00:00:00,25.71428571
2021-11-12 00:00:00,-11.36363636
2021-11-13 00:00:00,-74.35897436
2021-11-14 00:00:00,20
2021-11-15 00:00:00,233.3333333
2021-11-16 00:00:00,85
2021-11-17 00:00:00,10.81081081
2021-11-18 00:00:00,-8.536585366
2021-11-19 00:00:00,-36
2021-11-20 00:00:00,-64.58333333
2021-11-21 00:00:00,-35.29411765
2021-11-22 00:00:00,281.8181818
2021-11-23 00:00:00,4.761904762
2021-11-24 00:00:00,-22.72727273
2021-11-25 00:00:00,-41.17647059
2021-11-26 00:00:00,45
2021-11-27 00:00:00,-65.51724138
2021-11-28 00:00:00,-30
2021-11-29 00:00:00,385.7142857
2021-11-30 00:00:00,23.52941176
2021-12-01 00:00:00,16.39344262
2021-12-02 00:00:00,16.39344262
2021-12-03 00:00:00,-28.16901408
2021-12-04 00:00:00,-64.70588235
2021-12-05 00:00:00,-77.77777778
2021-12-06 00:00:00,1375
2021-12-07 00:00:00,-8.474576271
2021-12-08 00:00:00,3.703703704
2021-12-09 00:00:00,10.71428571
2021-12-10 00:00:00,-4.838709677
2021-12-11 00:00:00,-62.71186441
2021-12-12 00:00:00,-27.27272727
2021-12-13 00:00:00,293.75
2021-12-14 00:00:00,-9.523809524
2021-12-15 00:00:00,-1.754385965
2021-12-16 00:00:00,42.85714286
2021-12-17 00:00:00,-35
2021-12-18 00:00:00,-71.15384615
2021-12-19 00:00:00,-20
2021-12-20 00:00:00,375
2021-12-21 00:00:00,-10.52631579
2021-12-22 00:00:00,-9.803921569
2021-12-23 00:00:00,6.52173913
2021-12-24 00:00:00,-59.18367347
2021-12-25 00:00:00,-55
2021-12-26 00:00:00,-33.33333333
2021-12-27 00:00:00,583.3333333
2021-12-28 00:00:00,19.51219512
2021-12-29 00:00:00,0
2021-12-30 00:00:00,-6.12244898
2021-12-31 00:00:00,-23.91304348
2022-01-01 00:00:00,-16.66666667
2022-01-02 00:00:00,-16.66666667
2022-01-03 00:00:00,150
2022-01-04 00:00:00,124
2022-01-05 00:00:00,-26.78571429
2022-01-06 00:00:00,-36.58536585
2022-01-07 00:00:00,3.846153846
2022-01-08 00:00:00,-51.85185185
2022-01-09 00:00:00,-30.76923077
2022-01-10 00:00:00,266.6666667
2022-01-11 00:00:00,-21.21212121
2022-01-12 00:00:00,23.07692308
2022-01-13 00:00:00,-12.5
2022-01-14 00:00:00,-32.14285714
2022-01-15 00:00:00,-15.78947368
2022-01-16 00:00:00,-68.75
2022-01-17 00:00:00,120
2022-01-18 00:00:00,163.6363636
2022-01-19 00:00:00,-17.24137931
2022-01-20 00:00:00,25
2022-01-21 00:00:00,0
2022-01-22 00:00:00,-60
2022-01-23 00:00:00,-58.33333333
2022-01-24 00:00:00,520
2022-01-25 00:00:00,-6.451612903
2022-01-26 00:00:00,-10.34482759
2022-01-27 00:00:00,-3.846153846
2022-01-28 00:00:00,8
2022-01-29 00:00:00,-59.25925926
2022-01-30 00:00:00,-36.36363636
2022-01-31 00:00:00,271.4285714
2022-02-01 00:00:00,163.1578947
2022-02-02 00:00:00,163.1578947
2022-02-03 00:00:00,-28
2022-02-04 00:00:00,-37.5
2022-02-05 00:00:00,-82.22222222
2022-02-06 00:00:00,-12.5
2022-02-07 00:00:00,371.4285714
2022-02-08 00:00:00,-6.060606061
2022-02-09 00:00:00,0
2022-02-10 00:00:00,-12.90322581
2022-02-11 00:00:00,29.62962963
2022-02-12 00:00:00,-74.28571429
2022-02-13 00:00:00,0
2022-02-14 00:00:00,211.1111111
2022-02-15 00:00:00,21.42857143
2022-02-16 00:00:00,-17.64705882
2022-02-17 00:00:00,7.142857143
2022-02-18 00:00:00,-6.666666667
2022-02-19 00:00:00,-60.71428571
2022-02-20 00:00:00,-27.27272727
2022-02-21 00:00:00,62.5
2022-02-22 00:00:00,84.61538462
2022-02-23 00:00:00,0
2022-02-24 00:00:00,62.5
2022-02-25 00:00:00,-25.64102564
2022-02-26 00:00:00,-55.17241379
2022-02-27 00:00:00,-61.53846154
2022-02-28 00:00:00,300
2022-03-01 00:00:00,12.82051282
2022-03-02 00:00:00,12.82051282
2022-03-03 00:00:00,-27.27272727
2022-03-04 00:00:00,12.5
2022-03-05 00:00:00,-58.33333333
2022-03-06 00:00:00,-40
2022-03-07 00:00:00,411.1111111
2022-03-08 00:00:00,-6.52173913
2022-03-09 00:00:00,9.302325581
2022-03-10 00:00:00,2.127659574
2022-03-11 00:00:00,-18.75
2022-03-12 00:00:00,-66.66666667
2022-03-13 00:00:00,-61.53846154
2022-03-14 00:00:00,920
2022-03-15 00:00:00,-3.921568627
2022-03-16 00:00:00,6.12244898
2022-03-17 00:00:00,-23.07692308
2022-03-18 00:00:00,-7.5
2022-03-19 00:00:00,-62.16216216
2022-03-20 00:00:00,-42.85714286
2022-03-21 00:00:00,350
2022-03-22 00:00:00,11.11111111
2022-03-23 00:00:00,2.5
2022-03-24 00:00:00,4.87804878
2022-03-25 00:00:00,11.62790698
2022-03-26 00:00:00,-75
2022-03-27 00:00:00,-16.66666667
2022-03-28 00:00:00,250
2022-03-29 00:00:00,8.571428571
2022-03-30 00:00:00,21.05263158
2022-03-31 00:00:00,-6.52173913
