date,Fed_monthly
2015-04-01 00:00:00,-6
2015-04-02 00:00:00,-8.510638298
2015-04-03 00:00:00,-25.58139535
2015-04-04 00:00:00,-15.625
2015-04-05 00:00:00,59.25925926
2015-04-06 00:00:00,20.93023256
2015-04-07 00:00:00,3.846153846
2015-04-08 00:00:00,-11.11111111
2015-04-09 00:00:00,2.083333333
2015-04-10 00:00:00,-32.65306122
2015-04-11 00:00:00,-9.090909091
2015-04-12 00:00:00,63.33333333
2015-04-13 00:00:00,6.12244898
2015-04-14 00:00:00,-1.923076923
2015-04-15 00:00:00,3.921568627
2015-04-16 00:00:00,3.773584906
2015-04-17 00:00:00,32.72727273
2015-04-18 00:00:00,36.98630137
2015-04-19 00:00:00,-35
2015-04-20 00:00:00,-18.46153846
2015-04-21 00:00:00,-7.547169811
2015-04-22 00:00:00,6.12244898
2015-04-23 00:00:00,-3.846153846
2015-04-24 00:00:00,-30
2015-04-25 00:00:00,-11.42857143
2015-04-26 00:00:00,64.51612903
2015-04-27 00:00:00,9.803921569
2015-04-28 00:00:00,21.42857143
2015-04-29 00:00:00,-16.17647059
2015-04-30 00:00:00,-37.31343284
2015-05-01 00:00:00,-37.31343284
2015-05-02 00:00:00,-2.380952381
2015-05-03 00:00:00,70.73170732
2015-05-04 00:00:00,-1.428571429
2015-05-05 00:00:00,2.898550725
2015-05-06 00:00:00,0
2015-05-07 00:00:00,-7.042253521
2015-05-08 00:00:00,-31.81818182
2015-05-09 00:00:00,-4.444444444
2015-05-10 00:00:00,58.13953488
2015-05-11 00:00:00,5.882352941
2015-05-12 00:00:00,-5.555555556
2015-05-13 00:00:00,4.411764706
2015-05-14 00:00:00,-9.85915493
2015-05-15 00:00:00,-28.125
2015-05-16 00:00:00,-10.86956522
2015-05-17 00:00:00,53.65853659
2015-05-18 00:00:00,12.6984127
2015-05-19 00:00:00,9.85915493
2015-05-20 00:00:00,-16.66666667
2015-05-21 00:00:00,3.076923077
2015-05-22 00:00:00,-34.32835821
2015-05-23 00:00:00,-9.090909091
2015-05-24 00:00:00,7.5
2015-05-25 00:00:00,58.13953488
2015-05-26 00:00:00,-2.941176471
2015-05-27 00:00:00,4.545454545
2015-05-28 00:00:00,-2.898550725
2015-05-29 00:00:00,-29.85074627
2015-05-30 00:00:00,-14.89361702
2015-05-31 00:00:00,4.6875
2015-06-01 00:00:00,4.6875
2015-06-02 00:00:00,2.985074627
2015-06-03 00:00:00,0
2015-06-04 00:00:00,2.898550725
2015-06-05 00:00:00,-36.61971831
2015-06-06 00:00:00,-2.222222222
2015-06-07 00:00:00,52.27272727
2015-06-08 00:00:00,2.985074627
2015-06-09 00:00:00,-7.246376812
2015-06-10 00:00:00,1.5625
2015-06-11 00:00:00,3.076923077
2015-06-12 00:00:00,-26.86567164
2015-06-13 00:00:00,-12.24489796
2015-06-14 00:00:00,55.81395349
2015-06-15 00:00:00,8.955223881
2015-06-16 00:00:00,36.98630137
2015-06-17 00:00:00,-18
2015-06-18 00:00:00,-20.73170732
2015-06-19 00:00:00,-30.76923077
2015-06-20 00:00:00,-13.33333333
2015-06-21 00:00:00,64.1025641
2015-06-22 00:00:00,1.5625
2015-06-23 00:00:00,-3.076923077
2015-06-24 00:00:00,1.587301587
2015-06-25 00:00:00,-1.5625
2015-06-26 00:00:00,-33.33333333
2015-06-27 00:00:00,-14.28571429
2015-06-28 00:00:00,80.55555556
2015-06-29 00:00:00,12.30769231
2015-06-30 00:00:00,8.955223881
2015-07-01 00:00:00,8.955223881
2015-07-02 00:00:00,-23.28767123
2015-07-03 00:00:00,-28.57142857
2015-07-04 00:00:00,0
2015-07-05 00:00:00,70
2015-07-06 00:00:00,-1.470588235
2015-07-07 00:00:00,13.43283582
2015-07-08 00:00:00,-11.84210526
2015-07-09 00:00:00,0
2015-07-10 00:00:00,-26.86567164
2015-07-11 00:00:00,-14.28571429
2015-07-12 00:00:00,71.42857143
2015-07-13 00:00:00,0
2015-07-14 00:00:00,4.166666667
2015-07-15 00:00:00,-8
2015-07-16 00:00:00,4.347826087
2015-07-17 00:00:00,-23.61111111
2015-07-18 00:00:00,-18.18181818
2015-07-19 00:00:00,77.77777778
2015-07-20 00:00:00,-2.5
2015-07-21 00:00:00,-10.25641026
2015-07-22 00:00:00,1.428571429
2015-07-23 00:00:00,0
2015-07-24 00:00:00,-30.98591549
2015-07-25 00:00:00,-8.163265306
2015-07-26 00:00:00,66.66666667
2015-07-27 00:00:00,5.333333333
2015-07-28 00:00:00,26.58227848
2015-07-29 00:00:00,-22
2015-07-30 00:00:00,-15.38461538
2015-07-31 00:00:00,-14.28571429
2015-08-01 00:00:00,-14.28571429
2015-08-02 00:00:00,50
2015-08-03 00:00:00,11.11111111
2015-08-04 00:00:00,0
2015-08-05 00:00:00,-5
2015-08-06 00:00:00,0
2015-08-07 00:00:00,-31.57894737
2015-08-08 00:00:00,0
2015-08-09 00:00:00,46.15384615
2015-08-10 00:00:00,0
2015-08-11 00:00:00,5.263157895
2015-08-12 00:00:00,0
2015-08-13 00:00:00,-10
2015-08-14 00:00:00,-27.77777778
2015-08-15 00:00:00,-7.692307692
2015-08-16 00:00:00,50
2015-08-17 00:00:00,16.66666667
2015-08-18 00:00:00,9.523809524
2015-08-19 00:00:00,0
2015-08-20 00:00:00,-13.04347826
2015-08-21 00:00:00,-25
2015-08-22 00:00:00,-6.666666667
2015-08-23 00:00:00,64.28571429
2015-08-24 00:00:00,-4.347826087
2015-08-25 00:00:00,0
2015-08-26 00:00:00,-4.545454545
2015-08-27 00:00:00,0
2015-08-28 00:00:00,-19.04761905
2015-08-29 00:00:00,-11.76470588
2015-08-30 00:00:00,53.33333333
2015-08-31 00:00:00,4.347826087
2015-09-01 00:00:00,4.347826087
2015-09-02 00:00:00,-4.166666667
2015-09-03 00:00:00,-4.347826087
2015-09-04 00:00:00,-40.90909091
2015-09-05 00:00:00,0
2015-09-06 00:00:00,30.76923077
2015-09-07 00:00:00,29.41176471
2015-09-08 00:00:00,13.63636364
2015-09-09 00:00:00,-4
2015-09-10 00:00:00,-4.166666667
2015-09-11 00:00:00,-21.73913043
2015-09-12 00:00:00,-11.11111111
2015-09-13 00:00:00,81.25
2015-09-14 00:00:00,10.34482759
2015-09-15 00:00:00,40.625
2015-09-16 00:00:00,122.2222222
2015-09-17 00:00:00,-58
2015-09-18 00:00:00,-54.76190476
2015-09-19 00:00:00,-26.31578947
2015-09-20 00:00:00,64.28571429
2015-09-21 00:00:00,-4.347826087
2015-09-22 00:00:00,-9.090909091
2015-09-23 00:00:00,5
2015-09-24 00:00:00,9.523809524
2015-09-25 00:00:00,-34.7826087
2015-09-26 00:00:00,-6.666666667
2015-09-27 00:00:00,50
2015-09-28 00:00:00,0
2015-09-29 00:00:00,4.761904762
2015-09-30 00:00:00,3.448275862
2015-10-01 00:00:00,3.448275862
2015-10-02 00:00:00,-33.33333333
2015-10-03 00:00:00,-2.5
2015-10-04 00:00:00,53.84615385
2015-10-05 00:00:00,1.666666667
2015-10-06 00:00:00,-3.278688525
2015-10-07 00:00:00,11.86440678
2015-10-08 00:00:00,-10.60606061
2015-10-09 00:00:00,-33.89830508
2015-10-10 00:00:00,-10.25641026
2015-10-11 00:00:00,68.57142857
2015-10-12 00:00:00,5.084745763
2015-10-13 00:00:00,3.225806452
2015-10-14 00:00:00,3.125
2015-10-15 00:00:00,-12.12121212
2015-10-16 00:00:00,-36.20689655
2015-10-17 00:00:00,-8.108108108
2015-10-18 00:00:00,70.58823529
2015-10-19 00:00:00,10.34482759
2015-10-20 00:00:00,-14.0625
2015-10-21 00:00:00,3.636363636
2015-10-22 00:00:00,-1.754385965
2015-10-23 00:00:00,-33.92857143
2015-10-24 00:00:00,-10.81081081
2015-10-25 00:00:00,81.81818182
2015-10-26 00:00:00,11.66666667
2015-10-27 00:00:00,49.25373134
2015-10-28 00:00:00,-29
2015-10-29 00:00:00,-16.90140845
2015-10-30 00:00:00,-33.89830508
2015-10-31 00:00:00,100
2015-11-01 00:00:00,100
2015-11-02 00:00:00,-5
2015-11-03 00:00:00,0
2015-11-04 00:00:00,5.263157895
2015-11-05 00:00:00,5
2015-11-06 00:00:00,-42.85714286
2015-11-07 00:00:00,-8.333333333
2015-11-08 00:00:00,81.81818182
2015-11-09 00:00:00,0
2015-11-10 00:00:00,-5
2015-11-11 00:00:00,5.263157895
2015-11-12 00:00:00,0
2015-11-13 00:00:00,-20
2015-11-14 00:00:00,50
2015-11-15 00:00:00,-12.5
2015-11-16 00:00:00,0
2015-11-17 00:00:00,9.523809524
2015-11-18 00:00:00,-4.347826087
2015-11-19 00:00:00,-18.18181818
2015-11-20 00:00:00,-33.33333333
2015-11-21 00:00:00,0
2015-11-22 00:00:00,66.66666667
2015-11-23 00:00:00,0
2015-11-24 00:00:00,-10
2015-11-25 00:00:00,-44.44444444
2015-11-26 00:00:00,30
2015-11-27 00:00:00,-7.692307692
2015-11-28 00:00:00,-8.333333333
2015-11-29 00:00:00,90.90909091
2015-11-30 00:00:00,9.523809524
2015-12-01 00:00:00,9.523809524
2015-12-02 00:00:00,-4.347826087
2015-12-03 00:00:00,4.545454545
2015-12-04 00:00:00,-34.7826087
2015-12-05 00:00:00,-13.33333333
2015-12-06 00:00:00,61.53846154
2015-12-07 00:00:00,4.761904762
2015-12-08 00:00:00,4.545454545
2015-12-09 00:00:00,0
2015-12-10 00:00:00,8.695652174
2015-12-11 00:00:00,-36
2015-12-12 00:00:00,-6.25
2015-12-13 00:00:00,100
2015-12-14 00:00:00,30
2015-12-15 00:00:00,156.4102564
2015-12-16 00:00:00,-47
2015-12-17 00:00:00,-47.16981132
2015-12-18 00:00:00,-35.71428571
2015-12-19 00:00:00,-27.77777778
2015-12-20 00:00:00,69.23076923
2015-12-21 00:00:00,0
2015-12-22 00:00:00,-9.090909091
2015-12-23 00:00:00,-15
2015-12-24 00:00:00,-41.17647059
2015-12-25 00:00:00,10
2015-12-26 00:00:00,-9.090909091
2015-12-27 00:00:00,60
2015-12-28 00:00:00,0
2015-12-29 00:00:00,6.25
2015-12-30 00:00:00,-11.76470588
2015-12-31 00:00:00,21.05263158
2016-01-01 00:00:00,21.05263158
2016-01-02 00:00:00,-13.04347826
2016-01-03 00:00:00,65
2016-01-04 00:00:00,6.060606061
2016-01-05 00:00:00,2.857142857
2016-01-06 00:00:00,-8.333333333
2016-01-07 00:00:00,3.03030303
2016-01-08 00:00:00,-35.29411765
2016-01-09 00:00:00,-4.545454545
2016-01-10 00:00:00,57.14285714
2016-01-11 00:00:00,6.060606061
2016-01-12 00:00:00,8.571428571
2016-01-13 00:00:00,-13.15789474
2016-01-14 00:00:00,-3.03030303
2016-01-15 00:00:00,-28.125
2016-01-16 00:00:00,-13.04347826
2016-01-17 00:00:00,55
2016-01-18 00:00:00,3.225806452
2016-01-19 00:00:00,6.25
2016-01-20 00:00:00,2.941176471
2016-01-21 00:00:00,-11.42857143
2016-01-22 00:00:00,-29.03225806
2016-01-23 00:00:00,-9.090909091
2016-01-24 00:00:00,75
2016-01-25 00:00:00,5.714285714
2016-01-26 00:00:00,37.83783784
2016-01-27 00:00:00,-17.64705882
2016-01-28 00:00:00,-16.66666667
2016-01-29 00:00:00,-22.85714286
2016-01-30 00:00:00,-18.51851852
2016-01-31 00:00:00,5.405405405
2016-02-01 00:00:00,5.405405405
2016-02-02 00:00:00,-2.564102564
2016-02-03 00:00:00,7.894736842
2016-02-04 00:00:00,14.63414634
2016-02-05 00:00:00,51.06382979
2016-02-06 00:00:00,40.84507042
2016-02-07 00:00:00,-55
2016-02-08 00:00:00,-11.11111111
2016-02-09 00:00:00,0
2016-02-10 00:00:00,-5
2016-02-11 00:00:00,-13.15789474
2016-02-12 00:00:00,-33.33333333
2016-02-13 00:00:00,-4.545454545
2016-02-14 00:00:00,42.85714286
2016-02-15 00:00:00,16.66666667
2016-02-16 00:00:00,2.857142857
2016-02-17 00:00:00,-8.333333333
2016-02-18 00:00:00,-9.090909091
2016-02-19 00:00:00,-30
2016-02-20 00:00:00,-4.761904762
2016-02-21 00:00:00,70
2016-02-22 00:00:00,-5.882352941
2016-02-23 00:00:00,6.25
2016-02-24 00:00:00,0
2016-02-25 00:00:00,0
2016-02-26 00:00:00,-35.29411765
2016-02-27 00:00:00,-4.545454545
2016-02-28 00:00:00,61.9047619
2016-02-29 00:00:00,-4.081632653
2016-03-01 00:00:00,-4.081632653
2016-03-02 00:00:00,-2.127659574
2016-03-03 00:00:00,-2.173913043
2016-03-04 00:00:00,-31.11111111
2016-03-05 00:00:00,-3.225806452
2016-03-06 00:00:00,56.66666667
2016-03-07 00:00:00,-4.255319149
2016-03-08 00:00:00,6.666666667
2016-03-09 00:00:00,14.58333333
2016-03-10 00:00:00,-14.54545455
2016-03-11 00:00:00,-34.04255319
2016-03-12 00:00:00,-3.225806452
2016-03-13 00:00:00,60
2016-03-14 00:00:00,14.58333333
2016-03-15 00:00:00,56.36363636
2016-03-16 00:00:00,-39.53488372
2016-03-17 00:00:00,-17.30769231
2016-03-18 00:00:00,-27.90697674
2016-03-19 00:00:00,-6.451612903
2016-03-20 00:00:00,62.06896552
2016-03-21 00:00:00,0
2016-03-22 00:00:00,-6.382978723
2016-03-23 00:00:00,2.272727273
2016-03-24 00:00:00,-8.888888889
2016-03-25 00:00:00,-29.26829268
2016-03-26 00:00:00,-13.79310345
2016-03-27 00:00:00,88
2016-03-28 00:00:00,12.76595745
2016-03-29 00:00:00,-11.32075472
2016-03-30 00:00:00,-4.255319149
2016-03-31 00:00:00,-31.81818182
2016-04-01 00:00:00,-31.81818182
2016-04-02 00:00:00,-6.666666667
2016-04-03 00:00:00,60.71428571
2016-04-04 00:00:00,2.222222222
2016-04-05 00:00:00,10.86956522
2016-04-06 00:00:00,-7.843137255
2016-04-07 00:00:00,-8.510638298
2016-04-08 00:00:00,-23.25581395
2016-04-09 00:00:00,-9.090909091
2016-04-10 00:00:00,70
2016-04-11 00:00:00,0
2016-04-12 00:00:00,1.960784314
2016-04-13 00:00:00,-5.769230769
2016-04-14 00:00:00,14.28571429
2016-04-15 00:00:00,30.35714286
2016-04-16 00:00:00,36.98630137
2016-04-17 00:00:00,-45
2016-04-18 00:00:00,-9.090909091
2016-04-19 00:00:00,-8
2016-04-20 00:00:00,-4.347826087
2016-04-21 00:00:00,-9.090909091
2016-04-22 00:00:00,-25
2016-04-23 00:00:00,-6.666666667
2016-04-24 00:00:00,67.85714286
2016-04-25 00:00:00,6.382978723
2016-04-26 00:00:00,28
2016-04-27 00:00:00,-29.6875
2016-04-28 00:00:00,2.222222222
2016-04-29 00:00:00,-28.26086957
2016-04-30 00:00:00,47.61904762
2016-05-01 00:00:00,47.61904762
2016-05-02 00:00:00,9.677419355
2016-05-03 00:00:00,-1.470588235
2016-05-04 00:00:00,-2.985074627
2016-05-05 00:00:00,-3.076923077
2016-05-06 00:00:00,-33.33333333
2016-05-07 00:00:00,-9.523809524
2016-05-08 00:00:00,71.05263158
2016-05-09 00:00:00,3.076923077
2016-05-10 00:00:00,-11.94029851
2016-05-11 00:00:00,1.694915254
2016-05-12 00:00:00,-3.333333333
2016-05-13 00:00:00,-27.5862069
2016-05-14 00:00:00,-14.28571429
2016-05-15 00:00:00,66.66666667
2016-05-16 00:00:00,0
2016-05-17 00:00:00,30
2016-05-18 00:00:00,-7.692307692
2016-05-19 00:00:00,-8.333333333
2016-05-20 00:00:00,-28.78787879
2016-05-21 00:00:00,-14.89361702
2016-05-22 00:00:00,65
2016-05-23 00:00:00,6.060606061
2016-05-24 00:00:00,-2.857142857
2016-05-25 00:00:00,-5.882352941
2016-05-26 00:00:00,14.0625
2016-05-27 00:00:00,-38.35616438
2016-05-28 00:00:00,-13.33333333
2016-05-29 00:00:00,5.128205128
2016-05-30 00:00:00,43.90243902
2016-05-31 00:00:00,0
2016-06-01 00:00:00,0
2016-06-02 00:00:00,-8.823529412
2016-06-03 00:00:00,-29.03225806
2016-06-04 00:00:00,-11.36363636
2016-06-05 00:00:00,84.61538462
2016-06-06 00:00:00,-8.333333333
2016-06-07 00:00:00,-6.060606061
2016-06-08 00:00:00,-4.838709677
2016-06-09 00:00:00,3.389830508
2016-06-10 00:00:00,-29.50819672
2016-06-11 00:00:00,-9.302325581
2016-06-12 00:00:00,51.28205128
2016-06-13 00:00:00,22.03389831
2016-06-14 00:00:00,38.88888889
2016-06-15 00:00:00,-28
2016-06-16 00:00:00,-16.66666667
2016-06-17 00:00:00,-30
2016-06-18 00:00:00,-11.9047619
2016-06-19 00:00:00,51.35135135
2016-06-20 00:00:00,16.07142857
2016-06-21 00:00:00,-7.692307692
2016-06-22 00:00:00,3.333333333
2016-06-23 00:00:00,-6.451612903
2016-06-24 00:00:00,-25.86206897
2016-06-25 00:00:00,-13.95348837
2016-06-26 00:00:00,56.75675676
2016-06-27 00:00:00,-1.724137931
2016-06-28 00:00:00,10.52631579
2016-06-29 00:00:00,-7.936507937
2016-06-30 00:00:00,-31.81818182
2016-07-01 00:00:00,-31.81818182
2016-07-02 00:00:00,-8.888888889
2016-07-03 00:00:00,0
2016-07-04 00:00:00,68.29268293
2016-07-05 00:00:00,4.347826087
2016-07-06 00:00:00,1.388888889
2016-07-07 00:00:00,-9.589041096
2016-07-08 00:00:00,-31.81818182
2016-07-09 00:00:00,-17.77777778
2016-07-10 00:00:00,83.78378378
2016-07-11 00:00:00,-2.941176471
2016-07-12 00:00:00,-1.515151515
2016-07-13 00:00:00,-9.230769231
2016-07-14 00:00:00,6.779661017
2016-07-15 00:00:00,-25.3968254
2016-07-16 00:00:00,-17.0212766
2016-07-17 00:00:00,69.23076923
2016-07-18 00:00:00,-4.545454545
2016-07-19 00:00:00,7.936507937
2016-07-20 00:00:00,-2.941176471
2016-07-21 00:00:00,-4.545454545
2016-07-22 00:00:00,-25.3968254
2016-07-23 00:00:00,-6.382978723
2016-07-24 00:00:00,45.45454545
2016-07-25 00:00:00,18.75
2016-07-26 00:00:00,31.57894737
2016-07-27 00:00:00,-19
2016-07-28 00:00:00,-19.75308642
2016-07-29 00:00:00,-26.15384615
2016-07-30 00:00:00,-12.5
2016-07-31 00:00:00,8.108108108
2016-08-01 00:00:00,8.108108108
2016-08-02 00:00:00,-5
2016-08-03 00:00:00,-7.894736842
2016-08-04 00:00:00,2.857142857
2016-08-05 00:00:00,-33.33333333
2016-08-06 00:00:00,-12.5
2016-08-07 00:00:00,66.66666667
2016-08-08 00:00:00,5.714285714
2016-08-09 00:00:00,-5.405405405
2016-08-10 00:00:00,8.571428571
2016-08-11 00:00:00,-10.52631579
2016-08-12 00:00:00,-29.41176471
2016-08-13 00:00:00,-4.166666667
2016-08-14 00:00:00,65.2173913
2016-08-15 00:00:00,-2.631578947
2016-08-16 00:00:00,35.13513514
2016-08-17 00:00:00,-22
2016-08-18 00:00:00,-2.564102564
2016-08-19 00:00:00,-34.21052632
2016-08-20 00:00:00,-4
2016-08-21 00:00:00,66.66666667
2016-08-22 00:00:00,0
2016-08-23 00:00:00,0
2016-08-24 00:00:00,17.5
2016-08-25 00:00:00,19.14893617
2016-08-26 00:00:00,-42.85714286
2016-08-27 00:00:00,-9.375
2016-08-28 00:00:00,41.37931034
2016-08-29 00:00:00,7.317073171
2016-08-30 00:00:00,-4.545454545
2016-08-31 00:00:00,0
2016-09-01 00:00:00,0
2016-09-02 00:00:00,-31.70731707
2016-09-03 00:00:00,-14.28571429
2016-09-04 00:00:00,25
2016-09-05 00:00:00,40
2016-09-06 00:00:00,2.380952381
2016-09-07 00:00:00,-9.302325581
2016-09-08 00:00:00,12.82051282
2016-09-09 00:00:00,-34.09090909
2016-09-10 00:00:00,-3.448275862
2016-09-11 00:00:00,82.14285714
2016-09-12 00:00:00,-1.960784314
2016-09-13 00:00:00,-10
2016-09-14 00:00:00,2.222222222
2016-09-15 00:00:00,-4.347826087
2016-09-16 00:00:00,-34.09090909
2016-09-17 00:00:00,-10.34482759
2016-09-18 00:00:00,76.92307692
2016-09-19 00:00:00,26.08695652
2016-09-20 00:00:00,72.4137931
2016-09-21 00:00:00,-41
2016-09-22 00:00:00,-23.72881356
2016-09-23 00:00:00,-37.77777778
2016-09-24 00:00:00,14.28571429
2016-09-25 00:00:00,40.625
2016-09-26 00:00:00,0
2016-09-27 00:00:00,2.222222222
2016-09-28 00:00:00,-15.2173913
2016-09-29 00:00:00,0
2016-09-30 00:00:00,-7.692307692
2016-10-01 00:00:00,-7.692307692
2016-10-02 00:00:00,50
2016-10-03 00:00:00,13.88888889
2016-10-04 00:00:00,-9.756097561
2016-10-05 00:00:00,-2.702702703
2016-10-06 00:00:00,2.777777778
2016-10-07 00:00:00,-32.43243243
2016-10-08 00:00:00,-4
2016-10-09 00:00:00,58.33333333
2016-10-10 00:00:00,10.52631579
2016-10-11 00:00:00,9.523809524
2016-10-12 00:00:00,-8.695652174
2016-10-13 00:00:00,-7.142857143
2016-10-14 00:00:00,-38.46153846
2016-10-15 00:00:00,4.166666667
2016-10-16 00:00:00,48
2016-10-17 00:00:00,10.81081081
2016-10-18 00:00:00,-7.317073171
2016-10-19 00:00:00,-2.631578947
2016-10-20 00:00:00,-8.108108108
2016-10-21 00:00:00,-29.41176471
2016-10-22 00:00:00,-4.166666667
2016-10-23 00:00:00,56.52173913
2016-10-24 00:00:00,11.11111111
2016-10-25 00:00:00,-7.5
2016-10-26 00:00:00,2.702702703
2016-10-27 00:00:00,-2.631578947
2016-10-28 00:00:00,-27.02702703
2016-10-29 00:00:00,-11.11111111
2016-10-30 00:00:00,50
2016-10-31 00:00:00,33.33333333
2016-11-01 00:00:00,33.33333333
2016-11-02 00:00:00,-13.88888889
2016-11-03 00:00:00,-12.90322581
2016-11-04 00:00:00,-33.33333333
2016-11-05 00:00:00,0
2016-11-06 00:00:00,66.66666667
2016-11-07 00:00:00,-10
2016-11-08 00:00:00,3.703703704
2016-11-09 00:00:00,14.28571429
2016-11-10 00:00:00,-6.25
2016-11-11 00:00:00,50
2016-11-12 00:00:00,66.66666667
2016-11-13 00:00:00,-50.66666667
2016-11-14 00:00:00,-5.405405405
2016-11-15 00:00:00,-11.42857143
2016-11-16 00:00:00,16.12903226
2016-11-17 00:00:00,-16.66666667
2016-11-18 00:00:00,-33.33333333
2016-11-19 00:00:00,-10
2016-11-20 00:00:00,61.11111111
2016-11-21 00:00:00,3.448275862
2016-11-22 00:00:00,-3.333333333
2016-11-23 00:00:00,-37.93103448
2016-11-24 00:00:00,27.77777778
2016-11-25 00:00:00,-26.08695652
2016-11-26 00:00:00,5.882352941
2016-11-27 00:00:00,66.66666667
2016-11-28 00:00:00,6.666666667
2016-11-29 00:00:00,3.125
2016-11-30 00:00:00,12.5
2016-12-01 00:00:00,12.5
2016-12-02 00:00:00,-41.66666667
2016-12-03 00:00:00,-9.523809524
2016-12-04 00:00:00,68.42105263
2016-12-05 00:00:00,12.5
2016-12-06 00:00:00,0
2016-12-07 00:00:00,0
2016-12-08 00:00:00,-2.777777778
2016-12-09 00:00:00,-37.14285714
2016-12-10 00:00:00,-13.63636364
2016-12-11 00:00:00,105.2631579
2016-12-12 00:00:00,30.76923077
2016-12-13 00:00:00,96.07843137
2016-12-14 00:00:00,-40
2016-12-15 00:00:00,-40
2016-12-16 00:00:00,-27.77777778
2016-12-17 00:00:00,-26.92307692
2016-12-18 00:00:00,73.68421053
2016-12-19 00:00:00,-3.03030303
2016-12-20 00:00:00,3.125
2016-12-21 00:00:00,0
2016-12-22 00:00:00,-15.15151515
2016-12-23 00:00:00,-25
2016-12-24 00:00:00,-42.85714286
2016-12-25 00:00:00,33.33333333
2016-12-26 00:00:00,37.5
2016-12-27 00:00:00,22.72727273
2016-12-28 00:00:00,-3.703703704
2016-12-29 00:00:00,3.846153846
2016-12-30 00:00:00,-33.33333333
2016-12-31 00:00:00,30.76923077
2017-01-01 00:00:00,30.76923077
2017-01-02 00:00:00,29.41176471
2017-01-03 00:00:00,11.36363636
2017-01-04 00:00:00,2.040816327
2017-01-05 00:00:00,-4
2017-01-06 00:00:00,-29.16666667
2017-01-07 00:00:00,-8.823529412
2017-01-08 00:00:00,38.70967742
2017-01-09 00:00:00,13.95348837
2017-01-10 00:00:00,-2.040816327
2017-01-11 00:00:00,0
2017-01-12 00:00:00,0
2017-01-13 00:00:00,-31.25
2017-01-14 00:00:00,-18.18181818
2017-01-15 00:00:00,59.25925926
2017-01-16 00:00:00,9.302325581
2017-01-17 00:00:00,4.255319149
2017-01-18 00:00:00,-6.12244898
2017-01-19 00:00:00,-4.347826087
2017-01-20 00:00:00,-22.72727273
2017-01-21 00:00:00,-17.64705882
2017-01-22 00:00:00,64.28571429
2017-01-23 00:00:00,10.86956522
2017-01-24 00:00:00,5.882352941
2017-01-25 00:00:00,-7.407407407
2017-01-26 00:00:00,6
2017-01-27 00:00:00,-15.09433962
2017-01-28 00:00:00,15.55555556
2017-01-29 00:00:00,1.923076923
2017-01-30 00:00:00,1.886792453
2017-01-31 00:00:00,-12.76595745
2017-02-01 00:00:00,-12.76595745
2017-02-02 00:00:00,-9.756097561
2017-02-03 00:00:00,-24.32432432
2017-02-04 00:00:00,-14.28571429
2017-02-05 00:00:00,50
2017-02-06 00:00:00,11.11111111
2017-02-07 00:00:00,7.5
2017-02-08 00:00:00,-2.325581395
2017-02-09 00:00:00,7.142857143
2017-02-10 00:00:00,28.88888889
2017-02-11 00:00:00,32.75862069
2017-02-12 00:00:00,-38.96103896
2017-02-13 00:00:00,-10.63829787
2017-02-14 00:00:00,-2.380952381
2017-02-15 00:00:00,-7.317073171
2017-02-16 00:00:00,-2.631578947
2017-02-17 00:00:00,-24.32432432
2017-02-18 00:00:00,-17.85714286
2017-02-19 00:00:00,43.47826087
2017-02-20 00:00:00,15.15151515
2017-02-21 00:00:00,21.05263158
2017-02-22 00:00:00,-17.39130435
2017-02-23 00:00:00,-2.631578947
2017-02-24 00:00:00,-27.02702703
2017-02-25 00:00:00,-11.11111111
2017-02-26 00:00:00,58.33333333
2017-02-27 00:00:00,5.263157895
2017-02-28 00:00:00,2.5
2017-03-01 00:00:00,2.5
2017-03-02 00:00:00,9.756097561
2017-03-03 00:00:00,-31.11111111
2017-03-04 00:00:00,-22.58064516
2017-03-05 00:00:00,62.5
2017-03-06 00:00:00,0
2017-03-07 00:00:00,2.564102564
2017-03-08 00:00:00,-2.5
2017-03-09 00:00:00,5.128205128
2017-03-10 00:00:00,-31.70731707
2017-03-11 00:00:00,-7.142857143
2017-03-12 00:00:00,61.53846154
2017-03-13 00:00:00,28.57142857
2017-03-14 00:00:00,85.18518519
2017-03-15 00:00:00,-37
2017-03-16 00:00:00,-34.92063492
2017-03-17 00:00:00,-39.02439024
2017-03-18 00:00:00,-4
2017-03-19 00:00:00,62.5
2017-03-20 00:00:00,5.128205128
2017-03-21 00:00:00,-4.87804878
2017-03-22 00:00:00,-2.564102564
2017-03-23 00:00:00,-13.15789474
2017-03-24 00:00:00,-24.24242424
2017-03-25 00:00:00,-4
2017-03-26 00:00:00,54.16666667
2017-03-27 00:00:00,5.405405405
2017-03-28 00:00:00,-2.564102564
2017-03-29 00:00:00,-2.631578947
2017-03-30 00:00:00,0
2017-03-31 00:00:00,0
2017-04-01 00:00:00,0
2017-04-02 00:00:00,66.66666667
2017-04-03 00:00:00,3.636363636
2017-04-04 00:00:00,0
2017-04-05 00:00:00,1.754385965
2017-04-06 00:00:00,-12.06896552
2017-04-07 00:00:00,-29.41176471
2017-04-08 00:00:00,-8.333333333
2017-04-09 00:00:00,69.6969697
2017-04-10 00:00:00,0
2017-04-11 00:00:00,3.571428571
2017-04-12 00:00:00,-5.172413793
2017-04-13 00:00:00,-10.90909091
2017-04-14 00:00:00,-26.53061224
2017-04-15 00:00:00,-8.333333333
2017-04-16 00:00:00,63.63636364
2017-04-17 00:00:00,9.259259259
2017-04-18 00:00:00,-6.779661017
2017-04-19 00:00:00,0
2017-04-20 00:00:00,1.818181818
2017-04-21 00:00:00,48.21428571
2017-04-22 00:00:00,20.48192771
2017-04-23 00:00:00,-38
2017-04-24 00:00:00,-9.677419355
2017-04-25 00:00:00,-3.571428571
2017-04-26 00:00:00,1.851851852
2017-04-27 00:00:00,1.818181818
2017-04-28 00:00:00,-37.5
2017-04-29 00:00:00,-5.714285714
2017-04-30 00:00:00,1.754385965
2017-05-01 00:00:00,1.754385965
2017-05-02 00:00:00,13.79310345
2017-05-03 00:00:00,-13.63636364
2017-05-04 00:00:00,-10.52631579
2017-05-05 00:00:00,-33.33333333
2017-05-06 00:00:00,0
2017-05-07 00:00:00,58.82352941
2017-05-08 00:00:00,3.703703704
2017-05-09 00:00:00,-5.357142857
2017-05-10 00:00:00,3.773584906
2017-05-11 00:00:00,-1.818181818
2017-05-12 00:00:00,-33.33333333
2017-05-13 00:00:00,-2.777777778
2017-05-14 00:00:00,37.14285714
2017-05-15 00:00:00,4.166666667
2017-05-16 00:00:00,-10
2017-05-17 00:00:00,6.666666667
2017-05-18 00:00:00,-2.083333333
2017-05-19 00:00:00,-34.04255319
2017-05-20 00:00:00,12.90322581
2017-05-21 00:00:00,34.28571429
2017-05-22 00:00:00,0
2017-05-23 00:00:00,17.0212766
2017-05-24 00:00:00,-3.636363636
2017-05-25 00:00:00,-15.09433962
2017-05-26 00:00:00,-31.11111111
2017-05-27 00:00:00,-12.90322581
2017-05-28 00:00:00,14.81481481
2017-05-29 00:00:00,51.61290323
2017-05-30 00:00:00,8.510638298
2017-05-31 00:00:00,-4.081632653
2017-06-01 00:00:00,-4.081632653
2017-06-02 00:00:00,-27.65957447
2017-06-03 00:00:00,-14.70588235
2017-06-04 00:00:00,65.51724138
2017-06-05 00:00:00,12.5
2017-06-06 00:00:00,1.851851852
2017-06-07 00:00:00,-5.454545455
2017-06-08 00:00:00,-5.769230769
2017-06-09 00:00:00,-34.69387755
2017-06-10 00:00:00,-3.125
2017-06-11 00:00:00,64.51612903
2017-06-12 00:00:00,13.7254902
2017-06-13 00:00:00,72.4137931
2017-06-14 00:00:00,-25
2017-06-15 00:00:00,-26.66666667
2017-06-16 00:00:00,-30.90909091
2017-06-17 00:00:00,-23.68421053
2017-06-18 00:00:00,89.65517241
2017-06-19 00:00:00,-1.818181818
2017-06-20 00:00:00,-14.81481481
2017-06-21 00:00:00,4.347826087
2017-06-22 00:00:00,-6.25
2017-06-23 00:00:00,-28.88888889
2017-06-24 00:00:00,0
2017-06-25 00:00:00,53.125
2017-06-26 00:00:00,0
2017-06-27 00:00:00,8.163265306
2017-06-28 00:00:00,-3.773584906
2017-06-29 00:00:00,-5.882352941
2017-06-30 00:00:00,5.882352941
2017-07-01 00:00:00,5.882352941
2017-07-02 00:00:00,27.77777778
2017-07-03 00:00:00,-28.98550725
2017-07-04 00:00:00,73.46938776
2017-07-05 00:00:00,-2.352941176
2017-07-06 00:00:00,-8.43373494
2017-07-07 00:00:00,-28.94736842
2017-07-08 00:00:00,-7.407407407
2017-07-09 00:00:00,52
2017-07-10 00:00:00,-1.315789474
2017-07-11 00:00:00,20
2017-07-12 00:00:00,-12.22222222
2017-07-13 00:00:00,-2.53164557
2017-07-14 00:00:00,-27.27272727
2017-07-15 00:00:00,-5.357142857
2017-07-16 00:00:00,50.94339623
2017-07-17 00:00:00,-5
2017-07-18 00:00:00,0
2017-07-19 00:00:00,1.315789474
2017-07-20 00:00:00,-3.896103896
2017-07-21 00:00:00,-29.72972973
2017-07-22 00:00:00,-5.769230769
2017-07-23 00:00:00,55.10204082
2017-07-24 00:00:00,5.263157895
2017-07-25 00:00:00,25
2017-07-26 00:00:00,-13
2017-07-27 00:00:00,-10.34482759
2017-07-28 00:00:00,-34.61538462
2017-07-29 00:00:00,-7.843137255
2017-07-30 00:00:00,65.95744681
2017-07-31 00:00:00,5.454545455
2017-08-01 00:00:00,5.454545455
2017-08-02 00:00:00,-8.620689655
2017-08-03 00:00:00,0
2017-08-04 00:00:00,-32.0754717
2017-08-05 00:00:00,0
2017-08-06 00:00:00,69.44444444
2017-08-07 00:00:00,-8.196721311
2017-08-08 00:00:00,1.785714286
2017-08-09 00:00:00,-10.52631579
2017-08-10 00:00:00,5.882352941
2017-08-11 00:00:00,-33.33333333
2017-08-12 00:00:00,-8.333333333
2017-08-13 00:00:00,57.57575758
2017-08-14 00:00:00,1.923076923
2017-08-15 00:00:00,7.547169811
2017-08-16 00:00:00,-7.01754386
2017-08-17 00:00:00,-1.886792453
2017-08-18 00:00:00,-28.84615385
2017-08-19 00:00:00,-5.405405405
2017-08-20 00:00:00,45.71428571
2017-08-21 00:00:00,3.921568627
2017-08-22 00:00:00,-3.773584906
2017-08-23 00:00:00,13.7254902
2017-08-24 00:00:00,-1.724137931
2017-08-25 00:00:00,-35.0877193
2017-08-26 00:00:00,-10.81081081
2017-08-27 00:00:00,63.63636364
2017-08-28 00:00:00,-1.851851852
2017-08-29 00:00:00,3.773584906
2017-08-30 00:00:00,3.636363636
2017-08-31 00:00:00,-30.90909091
2017-09-01 00:00:00,-30.90909091
2017-09-02 00:00:00,-7.894736842
2017-09-03 00:00:00,20
2017-09-04 00:00:00,40.47619048
2017-09-05 00:00:00,8.474576271
2017-09-06 00:00:00,-4.6875
2017-09-07 00:00:00,-18.03278689
2017-09-08 00:00:00,-28
2017-09-09 00:00:00,-8.333333333
2017-09-10 00:00:00,51.51515152
2017-09-11 00:00:00,4
2017-09-12 00:00:00,7.692307692
2017-09-13 00:00:00,1.785714286
2017-09-14 00:00:00,-7.01754386
2017-09-15 00:00:00,-28.30188679
2017-09-16 00:00:00,0
2017-09-17 00:00:00,68.42105263
2017-09-18 00:00:00,1.5625
2017-09-19 00:00:00,53.84615385
2017-09-20 00:00:00,-25
2017-09-21 00:00:00,-17.33333333
2017-09-22 00:00:00,-35.48387097
2017-09-23 00:00:00,20
2017-09-24 00:00:00,31.25
2017-09-25 00:00:00,-3.174603175
2017-09-26 00:00:00,0
2017-09-27 00:00:00,-6.557377049
2017-09-28 00:00:00,0
2017-09-29 00:00:00,-31.57894737
2017-09-30 00:00:00,67.5
2017-10-01 00:00:00,67.5
2017-10-02 00:00:00,10.44776119
2017-10-03 00:00:00,-6.756756757
2017-10-04 00:00:00,-2.898550725
2017-10-05 00:00:00,-7.462686567
2017-10-06 00:00:00,-27.41935484
2017-10-07 00:00:00,-8.888888889
2017-10-08 00:00:00,56.09756098
2017-10-09 00:00:00,6.25
2017-10-10 00:00:00,8.823529412
2017-10-11 00:00:00,-1.351351351
2017-10-12 00:00:00,-10.95890411
2017-10-13 00:00:00,-27.69230769
2017-10-14 00:00:00,-4.255319149
2017-10-15 00:00:00,46.66666667
2017-10-16 00:00:00,4.545454545
2017-10-17 00:00:00,2.898550725
2017-10-18 00:00:00,-2.816901408
2017-10-19 00:00:00,-8.695652174
2017-10-20 00:00:00,-28.57142857
2017-10-21 00:00:00,-11.11111111
2017-10-22 00:00:00,72.5
2017-10-23 00:00:00,7.246376812
2017-10-24 00:00:00,-17.56756757
2017-10-25 00:00:00,19.67213115
2017-10-26 00:00:00,-5.479452055
2017-10-27 00:00:00,-36.23188406
2017-10-28 00:00:00,-4.545454545
2017-10-29 00:00:00,64.28571429
2017-10-30 00:00:00,4.347826087
2017-10-31 00:00:00,17.39130435
2017-11-01 00:00:00,17.39130435
2017-11-02 00:00:00,-20.98765432
2017-11-03 00:00:00,-35.9375
2017-11-04 00:00:00,-14.63414634
2017-11-05 00:00:00,68.57142857
2017-11-06 00:00:00,1.694915254
2017-11-07 00:00:00,-6.666666667
2017-11-08 00:00:00,-1.785714286
2017-11-09 00:00:00,0
2017-11-10 00:00:00,-14.54545455
2017-11-11 00:00:00,12.76595745
2017-11-12 00:00:00,16.98113208
2017-11-13 00:00:00,1.612903226
2017-11-14 00:00:00,-7.936507937
2017-11-15 00:00:00,0
2017-11-16 00:00:00,15.51724138
2017-11-17 00:00:00,-37.31343284
2017-11-18 00:00:00,-4.761904762
2017-11-19 00:00:00,47.5
2017-11-20 00:00:00,-5.084745763
2017-11-21 00:00:00,0
2017-11-22 00:00:00,-39.28571429
2017-11-23 00:00:00,11.76470588
2017-11-24 00:00:00,-5.263157895
2017-11-25 00:00:00,-2.777777778
2017-11-26 00:00:00,60
2017-11-27 00:00:00,8.928571429
2017-11-28 00:00:00,-3.278688525
2017-11-29 00:00:00,5.084745763
2017-11-30 00:00:00,-27.11864407
2017-12-01 00:00:00,-27.11864407
2017-12-02 00:00:00,-18.60465116
2017-12-03 00:00:00,71.42857143
2017-12-04 00:00:00,3.333333333
2017-12-05 00:00:00,-3.225806452
2017-12-06 00:00:00,1.666666667
2017-12-07 00:00:00,-4.918032787
2017-12-08 00:00:00,-34.48275862
2017-12-09 00:00:00,-10.52631579
2017-12-10 00:00:00,79.41176471
2017-12-11 00:00:00,11.47540984
2017-12-12 00:00:00,47.05882353
2017-12-13 00:00:00,-20
2017-12-14 00:00:00,-21.25
2017-12-15 00:00:00,-30.15873016
2017-12-16 00:00:00,-20.45454545
2017-12-17 00:00:00,71.42857143
2017-12-18 00:00:00,0
2017-12-19 00:00:00,6.666666667
2017-12-20 00:00:00,-3.125
2017-12-21 00:00:00,-14.51612903
2017-12-22 00:00:00,-26.41509434
2017-12-23 00:00:00,-15.38461538
2017-12-24 00:00:00,-30.3030303
2017-12-25 00:00:00,82.60869565
2017-12-26 00:00:00,11.9047619
2017-12-27 00:00:00,-2.127659574
2017-12-28 00:00:00,4.347826087
2017-12-29 00:00:00,-20.83333333
2017-12-30 00:00:00,-15.78947368
2017-12-31 00:00:00,71.42857143
2018-01-01 00:00:00,71.42857143
2018-01-02 00:00:00,8.333333333
2018-01-03 00:00:00,-2.564102564
2018-01-04 00:00:00,-7.894736842
2018-01-05 00:00:00,-20
2018-01-06 00:00:00,-21.42857143
2018-01-07 00:00:00,72.72727273
2018-01-08 00:00:00,0
2018-01-09 00:00:00,2.631578947
2018-01-10 00:00:00,0
2018-01-11 00:00:00,2.564102564
2018-01-12 00:00:00,-32.5
2018-01-13 00:00:00,-14.81481481
2018-01-14 00:00:00,52.17391304
2018-01-15 00:00:00,5.714285714
2018-01-16 00:00:00,5.405405405
2018-01-17 00:00:00,0
2018-01-18 00:00:00,2.564102564
2018-01-19 00:00:00,-22.5
2018-01-20 00:00:00,-16.12903226
2018-01-21 00:00:00,46.15384615
2018-01-22 00:00:00,7.894736842
2018-01-23 00:00:00,-2.43902439
2018-01-24 00:00:00,-10
2018-01-25 00:00:00,5.555555556
2018-01-26 00:00:00,-23.68421053
2018-01-27 00:00:00,-3.448275862
2018-01-28 00:00:00,42.85714286
2018-01-29 00:00:00,10
2018-01-30 00:00:00,11.36363636
2018-01-31 00:00:00,0
2018-02-01 00:00:00,0
2018-02-02 00:00:00,-21.42857143
2018-02-03 00:00:00,-12.12121212
2018-02-04 00:00:00,55.17241379
2018-02-05 00:00:00,11.11111111
2018-02-06 00:00:00,-4
2018-02-07 00:00:00,0
2018-02-08 00:00:00,12.5
2018-02-09 00:00:00,31.48148148
2018-02-10 00:00:00,40.84507042
2018-02-11 00:00:00,-52
2018-02-12 00:00:00,-10.41666667
2018-02-13 00:00:00,-4.651162791
2018-02-14 00:00:00,-2.43902439
2018-02-15 00:00:00,-7.5
2018-02-16 00:00:00,-24.32432432
2018-02-17 00:00:00,-14.28571429
2018-02-18 00:00:00,45.83333333
2018-02-19 00:00:00,8.571428571
2018-02-20 00:00:00,34.21052632
2018-02-21 00:00:00,-15.68627451
2018-02-22 00:00:00,-11.62790698
2018-02-23 00:00:00,-28.94736842
2018-02-24 00:00:00,-7.407407407
2018-02-25 00:00:00,52
2018-02-26 00:00:00,26.31578947
2018-02-27 00:00:00,-10.41666667
2018-02-28 00:00:00,-16
2018-03-01 00:00:00,-16
2018-03-02 00:00:00,-26.19047619
2018-03-03 00:00:00,-16.12903226
2018-03-04 00:00:00,65.38461538
2018-03-05 00:00:00,-2.325581395
2018-03-06 00:00:00,7.142857143
2018-03-07 00:00:00,-4.444444444
2018-03-08 00:00:00,9.302325581
2018-03-09 00:00:00,-34.04255319
2018-03-10 00:00:00,-12.90322581
2018-03-11 00:00:00,59.25925926
2018-03-12 00:00:00,6.976744186
2018-03-13 00:00:00,-2.173913043
2018-03-14 00:00:00,2.222222222
2018-03-15 00:00:00,-10.86956522
2018-03-16 00:00:00,-26.82926829
2018-03-17 00:00:00,-10
2018-03-18 00:00:00,96.2962963
2018-03-19 00:00:00,20.75471698
2018-03-20 00:00:00,56.25
2018-03-21 00:00:00,-35
2018-03-22 00:00:00,-27.69230769
2018-03-23 00:00:00,-29.78723404
2018-03-24 00:00:00,-9.090909091
2018-03-25 00:00:00,50
2018-03-26 00:00:00,0
2018-03-27 00:00:00,-2.222222222
2018-03-28 00:00:00,2.272727273
2018-03-29 00:00:00,-13.33333333
2018-03-30 00:00:00,-28.20512821
2018-03-31 00:00:00,60
2018-04-01 00:00:00,60
2018-04-02 00:00:00,6.25
2018-04-03 00:00:00,-3.921568627
2018-04-04 00:00:00,0
2018-04-05 00:00:00,-8.163265306
2018-04-06 00:00:00,-17.77777778
2018-04-07 00:00:00,-13.51351351
2018-04-08 00:00:00,62.5
2018-04-09 00:00:00,1.923076923
2018-04-10 00:00:00,0
2018-04-11 00:00:00,-3.773584906
2018-04-12 00:00:00,1.960784314
2018-04-13 00:00:00,-34.61538462
2018-04-14 00:00:00,5.882352941
2018-04-15 00:00:00,58.33333333
2018-04-16 00:00:00,3.50877193
2018-04-17 00:00:00,-8.474576271
2018-04-18 00:00:00,1.851851852
2018-04-19 00:00:00,7.272727273
2018-04-20 00:00:00,49.15254237
2018-04-21 00:00:00,13.63636364
2018-04-22 00:00:00,-38
2018-04-23 00:00:00,-14.51612903
2018-04-24 00:00:00,0
2018-04-25 00:00:00,-5.660377358
2018-04-26 00:00:00,-6
2018-04-27 00:00:00,-29.78723404
2018-04-28 00:00:00,-3.03030303
2018-04-29 00:00:00,71.875
2018-04-30 00:00:00,16.66666667
2018-05-01 00:00:00,16.66666667
2018-05-02 00:00:00,-15.87301587
2018-05-03 00:00:00,-7.547169811
2018-05-04 00:00:00,-34.69387755
2018-05-05 00:00:00,-3.125
2018-05-06 00:00:00,64.51612903
2018-05-07 00:00:00,0
2018-05-08 00:00:00,0
2018-05-09 00:00:00,0
2018-05-10 00:00:00,-3.921568627
2018-05-11 00:00:00,-34.69387755
2018-05-12 00:00:00,-3.125
2018-05-13 00:00:00,58.06451613
2018-05-14 00:00:00,2.040816327
2018-05-15 00:00:00,-4
2018-05-16 00:00:00,2.083333333
2018-05-17 00:00:00,-6.12244898
2018-05-18 00:00:00,-32.60869565
2018-05-19 00:00:00,0
2018-05-20 00:00:00,61.29032258
2018-05-21 00:00:00,4
2018-05-22 00:00:00,3.846153846
2018-05-23 00:00:00,0
2018-05-24 00:00:00,-18.51851852
2018-05-25 00:00:00,-29.54545455
2018-05-26 00:00:00,-6.451612903
2018-05-27 00:00:00,13.79310345
2018-05-28 00:00:00,48.48484848
2018-05-29 00:00:00,6.12244898
2018-05-30 00:00:00,-5.769230769
2018-05-31 00:00:00,-46.875
2018-06-01 00:00:00,-46.875
2018-06-02 00:00:00,0
2018-06-03 00:00:00,50
2018-06-04 00:00:00,-1.960784314
2018-06-05 00:00:00,-4
2018-06-06 00:00:00,12.5
2018-06-07 00:00:00,-14.81481481
2018-06-08 00:00:00,-28.26086957
2018-06-09 00:00:00,3.03030303
2018-06-10 00:00:00,61.76470588
2018-06-11 00:00:00,10.90909091
2018-06-12 00:00:00,63.93442623
2018-06-13 00:00:00,-36
2018-06-14 00:00:00,-21.875
2018-06-15 00:00:00,-34
2018-06-16 00:00:00,-18.18181818
2018-06-17 00:00:00,77.77777778
2018-06-18 00:00:00,0
2018-06-19 00:00:00,2.083333333
2018-06-20 00:00:00,-2.040816327
2018-06-21 00:00:00,-8.333333333
2018-06-22 00:00:00,-27.27272727
2018-06-23 00:00:00,-12.5
2018-06-24 00:00:00,64.28571429
2018-06-25 00:00:00,-4.347826087
2018-06-26 00:00:00,4.545454545
2018-06-27 00:00:00,6.52173913
2018-06-28 00:00:00,-4.081632653
2018-06-29 00:00:00,-34.04255319
2018-06-30 00:00:00,58.69565217
2018-07-01 00:00:00,58.69565217
2018-07-02 00:00:00,2.739726027
2018-07-03 00:00:00,-28
2018-07-04 00:00:00,42.59259259
2018-07-05 00:00:00,6.493506494
2018-07-06 00:00:00,-40.24390244
2018-07-07 00:00:00,4.081632653
2018-07-08 00:00:00,50.98039216
2018-07-09 00:00:00,10.38961039
2018-07-10 00:00:00,-10.58823529
2018-07-11 00:00:00,-5.263157895
2018-07-12 00:00:00,9.722222222
2018-07-13 00:00:00,-34.17721519
2018-07-14 00:00:00,-13.46153846
2018-07-15 00:00:00,71.11111111
2018-07-16 00:00:00,11.68831169
2018-07-17 00:00:00,-1.162790698
2018-07-18 00:00:00,-7.058823529
2018-07-19 00:00:00,3.797468354
2018-07-20 00:00:00,-32.92682927
2018-07-21 00:00:00,-5.454545455
2018-07-22 00:00:00,55.76923077
2018-07-23 00:00:00,-2.469135802
2018-07-24 00:00:00,0
2018-07-25 00:00:00,-6.329113924
2018-07-26 00:00:00,0
2018-07-27 00:00:00,-28.37837838
2018-07-28 00:00:00,0
2018-07-29 00:00:00,52.83018868
2018-07-30 00:00:00,6.172839506
2018-07-31 00:00:00,-16.07142857
2018-08-01 00:00:00,-16.07142857
2018-08-02 00:00:00,-8.510638298
2018-08-03 00:00:00,-20.93023256
2018-08-04 00:00:00,-17.64705882
2018-08-05 00:00:00,53.57142857
2018-08-06 00:00:00,-4.651162791
2018-08-07 00:00:00,7.317073171
2018-08-08 00:00:00,-2.272727273
2018-08-09 00:00:00,-6.976744186
2018-08-10 00:00:00,-25
2018-08-11 00:00:00,-6.666666667
2018-08-12 00:00:00,60.71428571
2018-08-13 00:00:00,-2.222222222
2018-08-14 00:00:00,-2.272727273
2018-08-15 00:00:00,6.976744186
2018-08-16 00:00:00,-13.04347826
2018-08-17 00:00:00,-25
2018-08-18 00:00:00,-10
2018-08-19 00:00:00,59.25925926
2018-08-20 00:00:00,11.62790698
2018-08-21 00:00:00,-2.083333333
2018-08-22 00:00:00,0
2018-08-23 00:00:00,2.127659574
2018-08-24 00:00:00,-27.08333333
2018-08-25 00:00:00,-14.28571429
2018-08-26 00:00:00,56.66666667
2018-08-27 00:00:00,-4.255319149
2018-08-28 00:00:00,-4.444444444
2018-08-29 00:00:00,2.325581395
2018-08-30 00:00:00,-4.545454545
2018-08-31 00:00:00,-6.666666667
2018-09-01 00:00:00,-6.666666667
2018-09-02 00:00:00,17.85714286
2018-09-03 00:00:00,42.42424242
2018-09-04 00:00:00,-4.255319149
2018-09-05 00:00:00,0
2018-09-06 00:00:00,0
2018-09-07 00:00:00,-28.88888889
2018-09-08 00:00:00,-9.375
2018-09-09 00:00:00,55.17241379
2018-09-10 00:00:00,0
2018-09-11 00:00:00,0
2018-09-12 00:00:00,8.888888889
2018-09-13 00:00:00,-12.24489796
2018-09-14 00:00:00,-25.58139535
2018-09-15 00:00:00,-12.5
2018-09-16 00:00:00,67.85714286
2018-09-17 00:00:00,-4.255319149
2018-09-18 00:00:00,4.444444444
2018-09-19 00:00:00,6.382978723
2018-09-20 00:00:00,0
2018-09-21 00:00:00,-26
2018-09-22 00:00:00,37.83783784
2018-09-23 00:00:00,21.56862745
2018-09-24 00:00:00,-1.612903226
2018-09-25 00:00:00,63.93442623
2018-09-26 00:00:00,-36
2018-09-27 00:00:00,-26.5625
2018-09-28 00:00:00,-38.29787234
2018-09-29 00:00:00,-6.896551724
2018-09-30 00:00:00,-1.369863014
2018-10-01 00:00:00,-1.369863014
2018-10-02 00:00:00,-2.777777778
2018-10-03 00:00:00,2.857142857
2018-10-04 00:00:00,-1.388888889
2018-10-05 00:00:00,-32.3943662
2018-10-06 00:00:00,-6.25
2018-10-07 00:00:00,51.11111111
2018-10-08 00:00:00,2.941176471
2018-10-09 00:00:00,10
2018-10-10 00:00:00,25.97402597
2018-10-11 00:00:00,-24.74226804
2018-10-12 00:00:00,-38.35616438
2018-10-13 00:00:00,4.444444444
2018-10-14 00:00:00,51.06382979
2018-10-15 00:00:00,0
2018-10-16 00:00:00,14.08450704
2018-10-17 00:00:00,-4.938271605
2018-10-18 00:00:00,-19.48051948
2018-10-19 00:00:00,-25.80645161
2018-10-20 00:00:00,-6.52173913
2018-10-21 00:00:00,55.81395349
2018-10-22 00:00:00,4.47761194
2018-10-23 00:00:00,1.428571429
2018-10-24 00:00:00,2.816901408
2018-10-25 00:00:00,-9.589041096
2018-10-26 00:00:00,-28.78787879
2018-10-27 00:00:00,-14.89361702
2018-10-28 00:00:00,72.5
2018-10-29 00:00:00,8.695652174
2018-10-30 00:00:00,-6.666666667
2018-10-31 00:00:00,8.333333333
2018-11-01 00:00:00,8.333333333
2018-11-02 00:00:00,-26.92307692
2018-11-03 00:00:00,-15.78947368
2018-11-04 00:00:00,56.25
2018-11-05 00:00:00,8
2018-11-06 00:00:00,0
2018-11-07 00:00:00,37.03703704
2018-11-08 00:00:00,-18.91891892
2018-11-09 00:00:00,-20
2018-11-10 00:00:00,4.166666667
2018-11-11 00:00:00,12
2018-11-12 00:00:00,0
2018-11-13 00:00:00,-3.571428571
2018-11-14 00:00:00,-3.703703704
2018-11-15 00:00:00,3.846153846
2018-11-16 00:00:00,-29.62962963
2018-11-17 00:00:00,-5.263157895
2018-11-18 00:00:00,55.55555556
2018-11-19 00:00:00,-10.71428571
2018-11-20 00:00:00,0
2018-11-21 00:00:00,-32
2018-11-22 00:00:00,17.64705882
2018-11-23 00:00:00,-20
2018-11-24 00:00:00,6.25
2018-11-25 00:00:00,58.82352941
2018-11-26 00:00:00,11.11111111
2018-11-27 00:00:00,20
2018-11-28 00:00:00,-5.555555556
2018-11-29 00:00:00,-11.76470588
2018-11-30 00:00:00,-9.090909091
2018-12-01 00:00:00,-9.090909091
2018-12-02 00:00:00,55
2018-12-03 00:00:00,3.225806452
2018-12-04 00:00:00,-9.375
2018-12-05 00:00:00,6.896551724
2018-12-06 00:00:00,-6.451612903
2018-12-07 00:00:00,-27.5862069
2018-12-08 00:00:00,-19.04761905
2018-12-09 00:00:00,70.58823529
2018-12-10 00:00:00,0
2018-12-11 00:00:00,3.448275862
2018-12-12 00:00:00,3.333333333
2018-12-13 00:00:00,0
2018-12-14 00:00:00,-29.03225806
2018-12-15 00:00:00,-18.18181818
2018-12-16 00:00:00,100
2018-12-17 00:00:00,33.33333333
2018-12-18 00:00:00,108.3333333
2018-12-19 00:00:00,-48
2018-12-20 00:00:00,-28.84615385
2018-12-21 00:00:00,-24.32432432
2018-12-22 00:00:00,-21.42857143
2018-12-23 00:00:00,36.36363636
2018-12-24 00:00:00,-36.66666667
2018-12-25 00:00:00,26.31578947
2018-12-26 00:00:00,4.166666667
2018-12-27 00:00:00,4
2018-12-28 00:00:00,-26.92307692
2018-12-29 00:00:00,-5.263157895
2018-12-30 00:00:00,27.77777778
2018-12-31 00:00:00,64
2019-01-01 00:00:00,64
2019-01-02 00:00:00,4.87804878
2019-01-03 00:00:00,6.976744186
2019-01-04 00:00:00,-30.43478261
2019-01-05 00:00:00,-9.375
2019-01-06 00:00:00,44.82758621
2019-01-07 00:00:00,-4.761904762
2019-01-08 00:00:00,15
2019-01-09 00:00:00,-6.52173913
2019-01-10 00:00:00,-6.976744186
2019-01-11 00:00:00,-32.5
2019-01-12 00:00:00,-3.703703704
2019-01-13 00:00:00,53.84615385
2019-01-14 00:00:00,2.5
2019-01-15 00:00:00,0
2019-01-16 00:00:00,0
2019-01-17 00:00:00,-7.317073171
2019-01-18 00:00:00,-26.31578947
2019-01-19 00:00:00,0
2019-01-20 00:00:00,10.71428571
2019-01-21 00:00:00,22.58064516
2019-01-22 00:00:00,5.263157895
2019-01-23 00:00:00,-2.5
2019-01-24 00:00:00,2.564102564
2019-01-25 00:00:00,-27.5
2019-01-26 00:00:00,-13.79310345
2019-01-27 00:00:00,52
2019-01-28 00:00:00,13.15789474
2019-01-29 00:00:00,32.55813953
2019-01-30 00:00:00,-15.78947368
2019-01-31 00:00:00,-23.25581395
2019-02-01 00:00:00,-23.25581395
2019-02-02 00:00:00,-15.15151515
2019-02-03 00:00:00,42.85714286
2019-02-04 00:00:00,10
2019-02-05 00:00:00,6.818181818
2019-02-06 00:00:00,8.510638298
2019-02-07 00:00:00,3.921568627
2019-02-08 00:00:00,47.16981132
2019-02-09 00:00:00,28.20512821
2019-02-10 00:00:00,-40
2019-02-11 00:00:00,-28.33333333
2019-02-12 00:00:00,-2.325581395
2019-02-13 00:00:00,-4.761904762
2019-02-14 00:00:00,2.5
2019-02-15 00:00:00,-29.26829268
2019-02-16 00:00:00,-17.24137931
2019-02-17 00:00:00,50
2019-02-18 00:00:00,8.333333333
2019-02-19 00:00:00,25.64102564
2019-02-20 00:00:00,-14.28571429
2019-02-21 00:00:00,-9.523809524
2019-02-22 00:00:00,-23.68421053
2019-02-23 00:00:00,-6.896551724
2019-02-24 00:00:00,40.74074074
2019-02-25 00:00:00,5.263157895
2019-02-26 00:00:00,-5
2019-02-27 00:00:00,5.263157895
2019-02-28 00:00:00,-28
2019-03-01 00:00:00,-28
2019-03-02 00:00:00,-11.11111111
2019-03-03 00:00:00,68.75
2019-03-04 00:00:00,0
2019-03-05 00:00:00,-3.703703704
2019-03-06 00:00:00,3.846153846
2019-03-07 00:00:00,-7.407407407
2019-03-08 00:00:00,-32
2019-03-09 00:00:00,-5.882352941
2019-03-10 00:00:00,56.25
2019-03-11 00:00:00,0
2019-03-12 00:00:00,0
2019-03-13 00:00:00,0
2019-03-14 00:00:00,-4
2019-03-15 00:00:00,-25
2019-03-16 00:00:00,-11.11111111
2019-03-17 00:00:00,75
2019-03-18 00:00:00,10.71428571
2019-03-19 00:00:00,45.16129032
2019-03-20 00:00:00,-31.11111111
2019-03-21 00:00:00,-9.677419355
2019-03-22 00:00:00,-32.14285714
2019-03-23 00:00:00,-21.05263158
2019-03-24 00:00:00,80
2019-03-25 00:00:00,0
2019-03-26 00:00:00,-3.703703704
2019-03-27 00:00:00,0
2019-03-28 00:00:00,-11.53846154
2019-03-29 00:00:00,-17.39130435
2019-03-30 00:00:00,-10.52631579
2019-03-31 00:00:00,3.846153846
2019-04-01 00:00:00,3.846153846
2019-04-02 00:00:00,-3.703703704
2019-04-03 00:00:00,3.846153846
2019-04-04 00:00:00,-3.703703704
2019-04-05 00:00:00,-26.92307692
2019-04-06 00:00:00,-5.263157895
2019-04-07 00:00:00,44.44444444
2019-04-08 00:00:00,0
2019-04-09 00:00:00,11.53846154
2019-04-10 00:00:00,-6.896551724
2019-04-11 00:00:00,0
2019-04-12 00:00:00,-29.62962963
2019-04-13 00:00:00,-5.263157895
2019-04-14 00:00:00,50
2019-04-15 00:00:00,-3.703703704
2019-04-16 00:00:00,0
2019-04-17 00:00:00,3.846153846
2019-04-18 00:00:00,11.11111111
2019-04-19 00:00:00,76.66666667
2019-04-20 00:00:00,88.67924528
2019-04-21 00:00:00,-59
2019-04-22 00:00:00,-31.70731707
2019-04-23 00:00:00,-7.142857143
2019-04-24 00:00:00,-3.846153846
2019-04-25 00:00:00,-12
2019-04-26 00:00:00,-27.27272727
2019-04-27 00:00:00,0
2019-04-28 00:00:00,56.25
2019-04-29 00:00:00,4
2019-04-30 00:00:00,-14.28571429
2019-05-01 00:00:00,-14.28571429
2019-05-02 00:00:00,-10.41666667
2019-05-03 00:00:00,-34.88372093
2019-05-04 00:00:00,-3.571428571
2019-05-05 00:00:00,59.25925926
2019-05-06 00:00:00,0
2019-05-07 00:00:00,2.325581395
2019-05-08 00:00:00,-4.545454545
2019-05-09 00:00:00,-4.761904762
2019-05-10 00:00:00,-32.5
2019-05-11 00:00:00,-14.81481481
2019-05-12 00:00:00,86.95652174
2019-05-13 00:00:00,-2.325581395
2019-05-14 00:00:00,0
2019-05-15 00:00:00,-2.380952381
2019-05-16 00:00:00,-4.87804878
2019-05-17 00:00:00,-28.20512821
2019-05-18 00:00:00,-7.142857143
2019-05-19 00:00:00,42.30769231
2019-05-20 00:00:00,5.405405405
2019-05-21 00:00:00,15.38461538
2019-05-22 00:00:00,-11.11111111
2019-05-23 00:00:00,-2.5
2019-05-24 00:00:00,-30.76923077
2019-05-25 00:00:00,-11.11111111
2019-05-26 00:00:00,16.66666667
2019-05-27 00:00:00,46.42857143
2019-05-28 00:00:00,2.43902439
2019-05-29 00:00:00,2.380952381
2019-05-30 00:00:00,0
2019-05-31 00:00:00,-6.666666667
2019-06-01 00:00:00,-6.666666667
2019-06-02 00:00:00,64.28571429
2019-06-03 00:00:00,17.39130435
2019-06-04 00:00:00,-7.407407407
2019-06-05 00:00:00,-4
2019-06-06 00:00:00,4.166666667
2019-06-07 00:00:00,-32
2019-06-08 00:00:00,-11.76470588
2019-06-09 00:00:00,53.33333333
2019-06-10 00:00:00,4.347826087
2019-06-11 00:00:00,0
2019-06-12 00:00:00,-8.333333333
2019-06-13 00:00:00,4.545454545
2019-06-14 00:00:00,-34.7826087
2019-06-15 00:00:00,-6.666666667
2019-06-16 00:00:00,85.71428571
2019-06-17 00:00:00,19.23076923
2019-06-18 00:00:00,70.96774194
2019-06-19 00:00:00,-39.62264151
2019-06-20 00:00:00,-25
2019-06-21 00:00:00,-37.5
2019-06-22 00:00:00,-6.666666667
2019-06-23 00:00:00,64.28571429
2019-06-24 00:00:00,8.695652174
2019-06-25 00:00:00,-8
2019-06-26 00:00:00,-4.347826087
2019-06-27 00:00:00,-9.090909091
2019-06-28 00:00:00,-30
2019-06-29 00:00:00,0
2019-06-30 00:00:00,4.545454545
2019-07-01 00:00:00,4.545454545
2019-07-02 00:00:00,0
2019-07-03 00:00:00,-30.43478261
2019-07-04 00:00:00,25
2019-07-05 00:00:00,-25
2019-07-06 00:00:00,-13.33333333
2019-07-07 00:00:00,84.61538462
2019-07-08 00:00:00,16.66666667
2019-07-09 00:00:00,14.28571429
2019-07-10 00:00:00,-9.375
2019-07-11 00:00:00,-13.79310345
2019-07-12 00:00:00,-36
2019-07-13 00:00:00,18.75
2019-07-14 00:00:00,31.57894737
2019-07-15 00:00:00,-4
2019-07-16 00:00:00,0
2019-07-17 00:00:00,0
2019-07-18 00:00:00,0
2019-07-19 00:00:00,-33.33333333
2019-07-20 00:00:00,-6.25
2019-07-21 00:00:00,53.33333333
2019-07-22 00:00:00,0
2019-07-23 00:00:00,0
2019-07-24 00:00:00,13.04347826
2019-07-25 00:00:00,-11.53846154
2019-07-26 00:00:00,-26.08695652
2019-07-27 00:00:00,0
2019-07-28 00:00:00,82.35294118
2019-07-29 00:00:00,29.03225806
2019-07-30 00:00:00,150
2019-07-31 00:00:00,-44.26229508
2019-08-01 00:00:00,-44.26229508
2019-08-02 00:00:00,-32.35294118
2019-08-03 00:00:00,-13.04347826
2019-08-04 00:00:00,60
2019-08-05 00:00:00,-3.125
2019-08-06 00:00:00,6.451612903
2019-08-07 00:00:00,-9.090909091
2019-08-08 00:00:00,-3.333333333
2019-08-09 00:00:00,-31.03448276
2019-08-10 00:00:00,0
2019-08-11 00:00:00,70
2019-08-12 00:00:00,-2.941176471
2019-08-13 00:00:00,-3.03030303
2019-08-14 00:00:00,3.125
2019-08-15 00:00:00,-12.12121212
2019-08-16 00:00:00,-17.24137931
2019-08-17 00:00:00,-12.5
2019-08-18 00:00:00,52.38095238
2019-08-19 00:00:00,3.125
2019-08-20 00:00:00,27.27272727
2019-08-21 00:00:00,-4.761904762
2019-08-22 00:00:00,25
2019-08-23 00:00:00,-44
2019-08-24 00:00:00,10.71428571
2019-08-25 00:00:00,9.677419355
2019-08-26 00:00:00,-2.941176471
2019-08-27 00:00:00,-3.03030303
2019-08-28 00:00:00,0
2019-08-29 00:00:00,-9.375
2019-08-30 00:00:00,-31.03448276
2019-08-31 00:00:00,17.64705882
2019-09-01 00:00:00,17.64705882
2019-09-02 00:00:00,55
2019-09-03 00:00:00,3.225806452
2019-09-04 00:00:00,-6.25
2019-09-05 00:00:00,16.66666667
2019-09-06 00:00:00,-42.85714286
2019-09-07 00:00:00,-5
2019-09-08 00:00:00,68.42105263
2019-09-09 00:00:00,0
2019-09-10 00:00:00,0
2019-09-11 00:00:00,9.375
2019-09-12 00:00:00,-8.571428571
2019-09-13 00:00:00,-28.125
2019-09-14 00:00:00,-13.04347826
2019-09-15 00:00:00,75
2019-09-16 00:00:00,40
2019-09-17 00:00:00,104.0816327
2019-09-18 00:00:00,-45
2019-09-19 00:00:00,-30.90909091
2019-09-20 00:00:00,-39.47368421
2019-09-21 00:00:00,-4.347826087
2019-09-22 00:00:00,50
2019-09-23 00:00:00,3.03030303
2019-09-24 00:00:00,-5.882352941
2019-09-25 00:00:00,0
2019-09-26 00:00:00,-3.125
2019-09-27 00:00:00,-29.03225806
2019-09-28 00:00:00,-13.63636364
2019-09-29 00:00:00,63.15789474
2019-09-30 00:00:00,-6.896551724
2019-10-01 00:00:00,-6.896551724
2019-10-02 00:00:00,3.703703704
2019-10-03 00:00:00,3.571428571
2019-10-04 00:00:00,-31.03448276
2019-10-05 00:00:00,-15
2019-10-06 00:00:00,70.58823529
2019-10-07 00:00:00,0
2019-10-08 00:00:00,6.896551724
2019-10-09 00:00:00,-16.12903226
2019-10-10 00:00:00,7.692307692
2019-10-11 00:00:00,-32.14285714
2019-10-12 00:00:00,-5.263157895
2019-10-13 00:00:00,38.88888889
2019-10-14 00:00:00,8
2019-10-15 00:00:00,7.407407407
2019-10-16 00:00:00,-10.34482759
2019-10-17 00:00:00,3.846153846
2019-10-18 00:00:00,-37.03703704
2019-10-19 00:00:00,-5.882352941
2019-10-20 00:00:00,68.75
2019-10-21 00:00:00,0
2019-10-22 00:00:00,0
2019-10-23 00:00:00,3.703703704
2019-10-24 00:00:00,-7.142857143
2019-10-25 00:00:00,-30.76923077
2019-10-26 00:00:00,-5.555555556
2019-10-27 00:00:00,76.47058824
2019-10-28 00:00:00,13.33333333
2019-10-29 00:00:00,82.35294118
2019-10-30 00:00:00,-37.09677419
2019-10-31 00:00:00,-39.28571429
2019-11-01 00:00:00,-39.28571429
2019-11-02 00:00:00,11.76470588
2019-11-03 00:00:00,57.89473684
2019-11-04 00:00:00,-6.666666667
2019-11-05 00:00:00,3.571428571
2019-11-06 00:00:00,-3.448275862
2019-11-07 00:00:00,10.71428571
2019-11-08 00:00:00,45.16129032
2019-11-09 00:00:00,122.2222222
2019-11-10 00:00:00,-70
2019-11-11 00:00:00,3.333333333
2019-11-12 00:00:00,-3.225806452
2019-11-13 00:00:00,-6.666666667
2019-11-14 00:00:00,-3.571428571
2019-11-15 00:00:00,-18.51851852
2019-11-16 00:00:00,-22.72727273
2019-11-17 00:00:00,70.58823529
2019-11-18 00:00:00,0
2019-11-19 00:00:00,3.448275862
2019-11-20 00:00:00,-6.666666667
2019-11-21 00:00:00,-7.142857143
2019-11-22 00:00:00,-30.76923077
2019-11-23 00:00:00,-11.11111111
2019-11-24 00:00:00,62.5
2019-11-25 00:00:00,0
2019-11-26 00:00:00,-3.846153846
2019-11-27 00:00:00,-40
2019-11-28 00:00:00,20
2019-11-29 00:00:00,-5.555555556
2019-11-30 00:00:00,75.67567568
2019-12-01 00:00:00,75.67567568
2019-12-02 00:00:00,6.153846154
2019-12-03 00:00:00,2.898550725
2019-12-04 00:00:00,11.26760563
2019-12-05 00:00:00,-7.594936709
2019-12-06 00:00:00,-24.65753425
2019-12-07 00:00:00,-10.90909091
2019-12-08 00:00:00,46.93877551
2019-12-09 00:00:00,12.5
2019-12-10 00:00:00,23.45679012
2019-12-11 00:00:00,-17
2019-12-12 00:00:00,-9.638554217
2019-12-13 00:00:00,-26.66666667
2019-12-14 00:00:00,-20
2019-12-15 00:00:00,63.63636364
2019-12-16 00:00:00,4.166666667
2019-12-17 00:00:00,-1.333333333
2019-12-18 00:00:00,-1.351351351
2019-12-19 00:00:00,0
2019-12-20 00:00:00,-28.76712329
2019-12-21 00:00:00,-15.38461538
2019-12-22 00:00:00,38.63636364
2019-12-23 00:00:00,-11.47540984
2019-12-24 00:00:00,-42.59259259
2019-12-25 00:00:00,61.29032258
2019-12-26 00:00:00,8
2019-12-27 00:00:00,-16.66666667
2019-12-28 00:00:00,-11.11111111
2019-12-29 00:00:00,37.5
2019-12-30 00:00:00,3.636363636
2019-12-31 00:00:00,55.17241379
2020-01-01 00:00:00,55.17241379
2020-01-02 00:00:00,-2.222222222
2020-01-03 00:00:00,-25
2020-01-04 00:00:00,0
2020-01-05 00:00:00,36.36363636
2020-01-06 00:00:00,0
2020-01-07 00:00:00,2.222222222
2020-01-08 00:00:00,4.347826087
2020-01-09 00:00:00,-6.25
2020-01-10 00:00:00,-15.55555556
2020-01-11 00:00:00,-23.68421053
2020-01-12 00:00:00,48.27586207
2020-01-13 00:00:00,9.302325581
2020-01-14 00:00:00,4.255319149
2020-01-15 00:00:00,-2.040816327
2020-01-16 00:00:00,-2.083333333
2020-01-17 00:00:00,-21.27659574
2020-01-18 00:00:00,-13.51351351
2020-01-19 00:00:00,37.5
2020-01-20 00:00:00,9.090909091
2020-01-21 00:00:00,4.166666667
2020-01-22 00:00:00,0
2020-01-23 00:00:00,-10
2020-01-24 00:00:00,-26.66666667
2020-01-25 00:00:00,-3.03030303
2020-01-26 00:00:00,40.625
2020-01-27 00:00:00,17.77777778
2020-01-28 00:00:00,15.09433962
2020-01-29 00:00:00,-6.557377049
2020-01-30 00:00:00,-15.78947368
2020-01-31 00:00:00,-11.76470588
2020-02-01 00:00:00,-11.76470588
2020-02-02 00:00:00,53.33333333
2020-02-03 00:00:00,4.347826087
2020-02-04 00:00:00,4.166666667
2020-02-05 00:00:00,12
2020-02-06 00:00:00,35.71428571
2020-02-07 00:00:00,31.57894737
2020-02-08 00:00:00,-36
2020-02-09 00:00:00,-21.875
2020-02-10 00:00:00,8
2020-02-11 00:00:00,-3.703703704
2020-02-12 00:00:00,-3.846153846
2020-02-13 00:00:00,-8
2020-02-14 00:00:00,-26.08695652
2020-02-15 00:00:00,-5.882352941
2020-02-16 00:00:00,31.25
2020-02-17 00:00:00,14.28571429
2020-02-18 00:00:00,0
2020-02-19 00:00:00,-4.166666667
2020-02-20 00:00:00,0
2020-02-21 00:00:00,-26.08695652
2020-02-22 00:00:00,-5.882352941
2020-02-23 00:00:00,43.75
2020-02-24 00:00:00,8.695652174
2020-02-25 00:00:00,-4
2020-02-26 00:00:00,0
2020-02-27 00:00:00,20.83333333
2020-02-28 00:00:00,-31.03448276
2020-02-29 00:00:00,66.66666667
2020-03-01 00:00:00,66.66666667
2020-03-02 00:00:00,136.6666667
2020-03-03 00:00:00,-42.25352113
2020-03-04 00:00:00,-26.82926829
2020-03-05 00:00:00,0
2020-03-06 00:00:00,-33.33333333
2020-03-07 00:00:00,-10
2020-03-08 00:00:00,83.33333333
2020-03-09 00:00:00,-15.15151515
2020-03-10 00:00:00,-3.571428571
2020-03-11 00:00:00,55.55555556
2020-03-12 00:00:00,-11.9047619
2020-03-13 00:00:00,-35.13513514
2020-03-14 00:00:00,316.6666667
2020-03-15 00:00:00,-13
2020-03-16 00:00:00,-56.32183908
2020-03-17 00:00:00,-15.78947368
2020-03-18 00:00:00,-12.5
2020-03-19 00:00:00,0
2020-03-20 00:00:00,-21.42857143
2020-03-21 00:00:00,-13.63636364
2020-03-22 00:00:00,100
2020-03-23 00:00:00,-7.894736842
2020-03-24 00:00:00,-11.42857143
2020-03-25 00:00:00,-6.451612903
2020-03-26 00:00:00,-3.448275862
2020-03-27 00:00:00,3.571428571
2020-03-28 00:00:00,-17.24137931
2020-03-29 00:00:00,20.83333333
2020-03-30 00:00:00,3.448275862
2020-03-31 00:00:00,-2.985074627
2020-04-01 00:00:00,-2.985074627
2020-04-02 00:00:00,-1.538461538
2020-04-03 00:00:00,-23.4375
2020-04-04 00:00:00,-6.12244898
2020-04-05 00:00:00,43.47826087
2020-04-06 00:00:00,0
2020-04-07 00:00:00,12.12121212
2020-04-08 00:00:00,21.62162162
2020-04-09 00:00:00,-16.66666667
2020-04-10 00:00:00,-28
2020-04-11 00:00:00,-18.51851852
2020-04-12 00:00:00,56.81818182
2020-04-13 00:00:00,2.898550725
2020-04-14 00:00:00,4.225352113
2020-04-15 00:00:00,-1.351351351
2020-04-16 00:00:00,-8.219178082
2020-04-17 00:00:00,-19.40298507
2020-04-18 00:00:00,-12.96296296
2020-04-19 00:00:00,38.29787234
2020-04-20 00:00:00,1.538461538
2020-04-21 00:00:00,1.515151515
2020-04-22 00:00:00,0
2020-04-23 00:00:00,2.985074627
2020-04-24 00:00:00,-23.1884058
2020-04-25 00:00:00,-3.773584906
2020-04-26 00:00:00,29.41176471
2020-04-27 00:00:00,13.63636364
2020-04-28 00:00:00,33.33333333
2020-04-29 00:00:00,-23
2020-04-30 00:00:00,-22.44897959
2020-05-01 00:00:00,-22.44897959
2020-05-02 00:00:00,-15.78947368
2020-05-03 00:00:00,50
2020-05-04 00:00:00,4.166666667
2020-05-05 00:00:00,-4
2020-05-06 00:00:00,-4.166666667
2020-05-07 00:00:00,4.347826087
2020-05-08 00:00:00,-16.66666667
2020-05-09 00:00:00,-22.5
2020-05-10 00:00:00,61.29032258
2020-05-11 00:00:00,0
2020-05-12 00:00:00,16
2020-05-13 00:00:00,-17.24137931
2020-05-14 00:00:00,-8.333333333
2020-05-15 00:00:00,-25
2020-05-16 00:00:00,0
2020-05-17 00:00:00,51.51515152
2020-05-18 00:00:00,-6
2020-05-19 00:00:00,2.127659574
2020-05-20 00:00:00,4.166666667
2020-05-21 00:00:00,-18
2020-05-22 00:00:00,-21.95121951
2020-05-23 00:00:00,-12.5
2020-05-24 00:00:00,3.571428571
2020-05-25 00:00:00,51.72413793
2020-05-26 00:00:00,0
2020-05-27 00:00:00,2.272727273
2020-05-28 00:00:00,0
2020-05-29 00:00:00,-26.66666667
2020-05-30 00:00:00,15.15151515
2020-05-31 00:00:00,-4.081632653
2020-06-01 00:00:00,-4.081632653
2020-06-02 00:00:00,10.63829787
2020-06-03 00:00:00,-13.46153846
2020-06-04 00:00:00,-4.444444444
2020-06-05 00:00:00,-25.58139535
2020-06-06 00:00:00,-6.25
2020-06-07 00:00:00,43.33333333
2020-06-08 00:00:00,20.93023256
2020-06-09 00:00:00,92.30769231
2020-06-10 00:00:00,-38
2020-06-11 00:00:00,-29.03225806
2020-06-12 00:00:00,-29.54545455
2020-06-13 00:00:00,-6.451612903
2020-06-14 00:00:00,72.4137931
2020-06-15 00:00:00,12
2020-06-16 00:00:00,-19.64285714
2020-06-17 00:00:00,-4.444444444
2020-06-18 00:00:00,2.325581395
2020-06-19 00:00:00,-27.27272727
2020-06-20 00:00:00,-18.75
2020-06-21 00:00:00,61.53846154
2020-06-22 00:00:00,-4.761904762
2020-06-23 00:00:00,10
2020-06-24 00:00:00,6.818181818
2020-06-25 00:00:00,-17.0212766
2020-06-26 00:00:00,-20.51282051
2020-06-27 00:00:00,38.70967742
2020-06-28 00:00:00,39.53488372
2020-06-29 00:00:00,-13.33333333
2020-06-30 00:00:00,-12.85714286
2020-07-01 00:00:00,-12.85714286
2020-07-02 00:00:00,-13.1147541
2020-07-03 00:00:00,-22.64150943
2020-07-04 00:00:00,-2.43902439
2020-07-05 00:00:00,52.5
2020-07-06 00:00:00,3.278688525
2020-07-07 00:00:00,-6.349206349
2020-07-08 00:00:00,1.694915254
2020-07-09 00:00:00,1.666666667
2020-07-10 00:00:00,-27.86885246
2020-07-11 00:00:00,-2.272727273
2020-07-12 00:00:00,48.8372093
2020-07-13 00:00:00,1.5625
2020-07-14 00:00:00,-4.615384615
2020-07-15 00:00:00,0
2020-07-16 00:00:00,0
2020-07-17 00:00:00,-24.19354839
2020-07-18 00:00:00,-14.89361702
2020-07-19 00:00:00,70
2020-07-20 00:00:00,2.941176471
2020-07-21 00:00:00,-5.714285714
2020-07-22 00:00:00,-6.060606061
2020-07-23 00:00:00,-1.612903226
2020-07-24 00:00:00,-24.59016393
2020-07-25 00:00:00,-4.347826087
2020-07-26 00:00:00,52.27272727
2020-07-27 00:00:00,8.955223881
2020-07-28 00:00:00,36.98630137
2020-07-29 00:00:00,-26
2020-07-30 00:00:00,-14.86486486
2020-07-31 00:00:00,-2.272727273
2020-08-01 00:00:00,-2.272727273
2020-08-02 00:00:00,30.23255814
2020-08-03 00:00:00,5.357142857
2020-08-04 00:00:00,-1.694915254
2020-08-05 00:00:00,3.448275862
2020-08-06 00:00:00,-3.333333333
2020-08-07 00:00:00,-25.86206897
2020-08-08 00:00:00,-2.325581395
2020-08-09 00:00:00,35.71428571
2020-08-10 00:00:00,5.263157895
2020-08-11 00:00:00,-1.666666667
2020-08-12 00:00:00,0
2020-08-13 00:00:00,-3.389830508
2020-08-14 00:00:00,-22.80701754
2020-08-15 00:00:00,-6.818181818
2020-08-16 00:00:00,48.7804878
2020-08-17 00:00:00,-1.639344262
2020-08-18 00:00:00,21.66666667
2020-08-19 00:00:00,-6.849315068
2020-08-20 00:00:00,-11.76470588
2020-08-21 00:00:00,-23.33333333
2020-08-22 00:00:00,-4.347826087
2020-08-23 00:00:00,40.90909091
2020-08-24 00:00:00,-1.612903226
2020-08-25 00:00:00,9.836065574
2020-08-26 00:00:00,34.32835821
2020-08-27 00:00:00,-22.22222222
2020-08-28 00:00:00,-32.85714286
2020-08-29 00:00:00,-2.127659574
2020-08-30 00:00:00,34.7826087
2020-08-31 00:00:00,0
2020-09-01 00:00:00,0
2020-09-02 00:00:00,6.557377049
2020-09-03 00:00:00,-9.230769231
2020-09-04 00:00:00,-18.6440678
2020-09-05 00:00:00,-10.41666667
2020-09-06 00:00:00,25.58139535
2020-09-07 00:00:00,14.81481481
2020-09-08 00:00:00,-8.064516129
2020-09-09 00:00:00,-3.50877193
2020-09-10 00:00:00,-5.454545455
2020-09-11 00:00:00,-19.23076923
2020-09-12 00:00:00,-9.523809524
2020-09-13 00:00:00,55.26315789
2020-09-14 00:00:00,11.86440678
2020-09-15 00:00:00,51.51515152
2020-09-16 00:00:00,-29
2020-09-17 00:00:00,-18.30985915
2020-09-18 00:00:00,-27.5862069
2020-09-19 00:00:00,-21.42857143
2020-09-20 00:00:00,84.84848485
2020-09-21 00:00:00,-8.196721311
2020-09-22 00:00:00,10.71428571
2020-09-23 00:00:00,-4.838709677
2020-09-24 00:00:00,-11.86440678
2020-09-25 00:00:00,-21.15384615
2020-09-26 00:00:00,-12.19512195
2020-09-27 00:00:00,44.44444444
2020-09-28 00:00:00,0
2020-09-29 00:00:00,0
2020-09-30 00:00:00,-1.123595506
2020-10-01 00:00:00,-1.123595506
2020-10-02 00:00:00,-23.86363636
2020-10-03 00:00:00,-10.44776119
2020-10-04 00:00:00,41.66666667
2020-10-05 00:00:00,14.11764706
2020-10-06 00:00:00,-1.030927835
2020-10-07 00:00:00,-1.041666667
2020-10-08 00:00:00,-11.57894737
2020-10-09 00:00:00,-20.23809524
2020-10-10 00:00:00,-5.970149254
2020-10-11 00:00:00,31.74603175
2020-10-12 00:00:00,10.84337349
2020-10-13 00:00:00,-13.04347826
2020-10-14 00:00:00,11.25
2020-10-15 00:00:00,-4.494382022
2020-10-16 00:00:00,-23.52941176
2020-10-17 00:00:00,-7.692307692
2020-10-18 00:00:00,46.66666667
2020-10-19 00:00:00,4.545454545
2020-10-20 00:00:00,-6.52173913
2020-10-21 00:00:00,5.813953488
2020-10-22 00:00:00,-5.494505495
2020-10-23 00:00:00,-32.55813953
2020-10-24 00:00:00,12.06896552
2020-10-25 00:00:00,35.38461538
2020-10-26 00:00:00,-1.136363636
2020-10-27 00:00:00,0
2020-10-28 00:00:00,2.298850575
2020-10-29 00:00:00,0
2020-10-30 00:00:00,-25.84269663
2020-10-31 00:00:00,63.15789474
2020-11-01 00:00:00,63.15789474
2020-11-02 00:00:00,-3.225806452
2020-11-03 00:00:00,-20
2020-11-04 00:00:00,27.08333333
2020-11-05 00:00:00,-8.196721311
2020-11-06 00:00:00,-33.92857143
2020-11-07 00:00:00,8.108108108
2020-11-08 00:00:00,47.5
2020-11-09 00:00:00,1.694915254
2020-11-10 00:00:00,-5
2020-11-11 00:00:00,12.28070175
2020-11-12 00:00:00,-7.8125
2020-11-13 00:00:00,-22.03389831
2020-11-14 00:00:00,-15.2173913
2020-11-15 00:00:00,53.84615385
2020-11-16 00:00:00,6.666666667
2020-11-17 00:00:00,1.5625
2020-11-18 00:00:00,3.076923077
2020-11-19 00:00:00,1.492537313
2020-11-20 00:00:00,-29.41176471
2020-11-21 00:00:00,-8.333333333
2020-11-22 00:00:00,45.45454545
2020-11-23 00:00:00,1.5625
2020-11-24 00:00:00,6.153846154
2020-11-25 00:00:00,-27.53623188
2020-11-26 00:00:00,0
2020-11-27 00:00:00,0
2020-11-28 00:00:00,-12
2020-11-29 00:00:00,54.54545455
2020-11-30 00:00:00,-3.076923077
2020-12-01 00:00:00,-3.076923077
2020-12-02 00:00:00,4.761904762
2020-12-03 00:00:00,-6.060606061
2020-12-04 00:00:00,-16.12903226
2020-12-05 00:00:00,-15.38461538
2020-12-06 00:00:00,52.27272727
2020-12-07 00:00:00,-4.47761194
2020-12-08 00:00:00,6.25
2020-12-09 00:00:00,-5.882352941
2020-12-10 00:00:00,1.5625
2020-12-11 00:00:00,-13.84615385
2020-12-12 00:00:00,-14.28571429
2020-12-13 00:00:00,39.58333333
2020-12-14 00:00:00,7.462686567
2020-12-15 00:00:00,31.94444444
2020-12-16 00:00:00,-23.15789474
2020-12-17 00:00:00,8.219178082
2020-12-18 00:00:00,-25.3164557
2020-12-19 00:00:00,-15.25423729
2020-12-20 00:00:00,32
2020-12-21 00:00:00,1.515151515
2020-12-22 00:00:00,-8.955223881
2020-12-23 00:00:00,-13.1147541
2020-12-24 00:00:00,-43.39622642
2020-12-25 00:00:00,20
2020-12-26 00:00:00,0
2020-12-27 00:00:00,55.55555556
2020-12-28 00:00:00,-3.571428571
2020-12-29 00:00:00,3.703703704
2020-12-30 00:00:00,0
2020-12-31 00:00:00,29.72972973
2021-01-01 00:00:00,29.72972973
2021-01-02 00:00:00,-12.5
2021-01-03 00:00:00,35.71428571
2021-01-04 00:00:00,7.01754386
2021-01-05 00:00:00,-4.918032787
2021-01-06 00:00:00,0
2021-01-07 00:00:00,1.724137931
2021-01-08 00:00:00,-18.6440678
2021-01-09 00:00:00,-14.58333333
2021-01-10 00:00:00,36.58536585
2021-01-11 00:00:00,10.71428571
2021-01-12 00:00:00,-3.225806452
2021-01-13 00:00:00,3.333333333
2021-01-14 00:00:00,-9.677419355
2021-01-15 00:00:00,-17.85714286
2021-01-16 00:00:00,-10.86956522
2021-01-17 00:00:00,24.3902439
2021-01-18 00:00:00,19.60784314
2021-01-19 00:00:00,-6.557377049
2021-01-20 00:00:00,7.01754386
2021-01-21 00:00:00,-6.557377049
2021-01-22 00:00:00,-17.54385965
2021-01-23 00:00:00,-10.63829787
2021-01-24 00:00:00,42.85714286
2021-01-25 00:00:00,1.666666667
2021-01-26 00:00:00,63.93442623
2021-01-27 00:00:00,-36
2021-01-28 00:00:00,-9.375
2021-01-29 00:00:00,-20.68965517
2021-01-30 00:00:00,-8.695652174
2021-01-31 00:00:00,0
2021-02-01 00:00:00,0
2021-02-02 00:00:00,0
2021-02-03 00:00:00,0
2021-02-04 00:00:00,2.777777778
2021-02-05 00:00:00,-24.32432432
2021-02-06 00:00:00,-10.71428571
2021-02-07 00:00:00,40
2021-02-08 00:00:00,8.571428571
2021-02-09 00:00:00,2.631578947
2021-02-10 00:00:00,0
2021-02-11 00:00:00,2.564102564
2021-02-12 00:00:00,-27.5
2021-02-13 00:00:00,-10.34482759
2021-02-14 00:00:00,34.61538462
2021-02-15 00:00:00,5.714285714
2021-02-16 00:00:00,8.108108108
2021-02-17 00:00:00,2.5
2021-02-18 00:00:00,-2.43902439
2021-02-19 00:00:00,-17.5
2021-02-20 00:00:00,-12.12121212
2021-02-21 00:00:00,41.37931034
2021-02-22 00:00:00,21.95121951
2021-02-23 00:00:00,-2
2021-02-24 00:00:00,-2.040816327
2021-02-25 00:00:00,-12.5
2021-02-26 00:00:00,-21.42857143
2021-02-27 00:00:00,-6.060606061
2021-02-28 00:00:00,0
2021-03-01 00:00:00,0
2021-03-02 00:00:00,0
2021-03-03 00:00:00,26.82926829
2021-03-04 00:00:00,-17.30769231
2021-03-05 00:00:00,-34.88372093
2021-03-06 00:00:00,-3.571428571
2021-03-07 00:00:00,33.33333333
2021-03-08 00:00:00,8.333333333
2021-03-09 00:00:00,-5.128205128
2021-03-10 00:00:00,0
2021-03-11 00:00:00,-2.702702703
2021-03-12 00:00:00,-16.66666667
2021-03-13 00:00:00,-10
2021-03-14 00:00:00,33.33333333
2021-03-15 00:00:00,27.77777778
2021-03-16 00:00:00,117.3913043
2021-03-17 00:00:00,-47
2021-03-18 00:00:00,-26.41509434
2021-03-19 00:00:00,-23.07692308
2021-03-20 00:00:00,-6.666666667
2021-03-21 00:00:00,42.85714286
2021-03-22 00:00:00,2.5
2021-03-23 00:00:00,0
2021-03-24 00:00:00,-2.43902439
2021-03-25 00:00:00,-10
2021-03-26 00:00:00,-19.44444444
2021-03-27 00:00:00,-13.79310345
2021-03-28 00:00:00,48
2021-03-29 00:00:00,2.702702703
2021-03-30 00:00:00,0
2021-03-31 00:00:00,-9.090909091
2021-04-01 00:00:00,-9.090909091
2021-04-02 00:00:00,-18
2021-04-03 00:00:00,-24.3902439
2021-04-04 00:00:00,64.51612903
2021-04-05 00:00:00,7.843137255
2021-04-06 00:00:00,10.90909091
2021-04-07 00:00:00,-9.836065574
2021-04-08 00:00:00,-7.272727273
2021-04-09 00:00:00,-21.56862745
2021-04-10 00:00:00,2.5
2021-04-11 00:00:00,41.46341463
2021-04-12 00:00:00,-5.172413793
2021-04-13 00:00:00,-1.818181818
2021-04-14 00:00:00,3.703703704
2021-04-15 00:00:00,78.57142857
2021-04-16 00:00:00,-35
2021-04-17 00:00:00,-27.69230769
2021-04-18 00:00:00,21.27659574
2021-04-19 00:00:00,1.754385965
2021-04-20 00:00:00,-5.172413793
2021-04-21 00:00:00,0
2021-04-22 00:00:00,-9.090909091
2021-04-23 00:00:00,-20
2021-04-24 00:00:00,-10
2021-04-25 00:00:00,44.44444444
2021-04-26 00:00:00,15.38461538
2021-04-27 00:00:00,56.66666667
2021-04-28 00:00:00,-37.23404255
2021-04-29 00:00:00,-10.16949153
2021-04-30 00:00:00,0
2021-05-01 00:00:00,0
2021-05-02 00:00:00,52.63157895
2021-05-03 00:00:00,10.34482759
2021-05-04 00:00:00,-6.25
2021-05-05 00:00:00,3.333333333
2021-05-06 00:00:00,0
2021-05-07 00:00:00,-25.80645161
2021-05-08 00:00:00,-4.347826087
2021-05-09 00:00:00,40.90909091
2021-05-10 00:00:00,3.225806452
2021-05-11 00:00:00,6.25
2021-05-12 00:00:00,-5.882352941
2021-05-13 00:00:00,-9.375
2021-05-14 00:00:00,-24.13793103
2021-05-15 00:00:00,-4.545454545
2021-05-16 00:00:00,52.38095238
2021-05-17 00:00:00,-6.25
2021-05-18 00:00:00,20
2021-05-19 00:00:00,-11.11111111
2021-05-20 00:00:00,-6.25
2021-05-21 00:00:00,-23.33333333
2021-05-22 00:00:00,-17.39130435
2021-05-23 00:00:00,52.63157895
2021-05-24 00:00:00,10.34482759
2021-05-25 00:00:00,0
2021-05-26 00:00:00,21.875
2021-05-27 00:00:00,2.564102564
2021-05-28 00:00:00,-42.5
2021-05-29 00:00:00,-8.695652174
2021-05-30 00:00:00,4.761904762
2021-05-31 00:00:00,0
2021-06-01 00:00:00,0
2021-06-02 00:00:00,-6.25
2021-06-03 00:00:00,3.333333333
2021-06-04 00:00:00,-25.80645161
2021-06-05 00:00:00,-17.39130435
2021-06-06 00:00:00,47.36842105
2021-06-07 00:00:00,0
2021-06-08 00:00:00,10.71428571
2021-06-09 00:00:00,6.451612903
2021-06-10 00:00:00,-9.090909091
2021-06-11 00:00:00,-16.66666667
2021-06-12 00:00:00,-8
2021-06-13 00:00:00,52.17391304
2021-06-14 00:00:00,34.28571429
2021-06-15 00:00:00,112.7659574
2021-06-16 00:00:00,-48
2021-06-17 00:00:00,-28.84615385
2021-06-18 00:00:00,-35.13513514
2021-06-19 00:00:00,-16.66666667
2021-06-20 00:00:00,65
2021-06-21 00:00:00,9.090909091
2021-06-22 00:00:00,-13.88888889
2021-06-23 00:00:00,0
2021-06-24 00:00:00,-9.677419355
2021-06-25 00:00:00,-17.85714286
2021-06-26 00:00:00,-13.04347826
2021-06-27 00:00:00,55
2021-06-28 00:00:00,-3.225806452
2021-06-29 00:00:00,0
2021-06-30 00:00:00,-10
2021-07-01 00:00:00,-10
2021-07-02 00:00:00,-12.96296296
2021-07-03 00:00:00,-23.40425532
2021-07-04 00:00:00,30.55555556
2021-07-05 00:00:00,23.40425532
2021-07-06 00:00:00,20.68965517
2021-07-07 00:00:00,-7.142857143
2021-07-08 00:00:00,-13.84615385
2021-07-09 00:00:00,-28.57142857
2021-07-10 00:00:00,-5
2021-07-11 00:00:00,50
2021-07-12 00:00:00,3.50877193
2021-07-13 00:00:00,5.084745763
2021-07-14 00:00:00,-6.451612903
2021-07-15 00:00:00,1.724137931
2021-07-16 00:00:00,-20.33898305
2021-07-17 00:00:00,-19.14893617
2021-07-18 00:00:00,55.26315789
2021-07-19 00:00:00,1.694915254
2021-07-20 00:00:00,-8.333333333
2021-07-21 00:00:00,5.454545455
2021-07-22 00:00:00,-3.448275862
2021-07-23 00:00:00,-28.57142857
2021-07-24 00:00:00,-5
2021-07-25 00:00:00,50
2021-07-26 00:00:00,8.771929825
2021-07-27 00:00:00,59.67741935
2021-07-28 00:00:00,-32.32323232
2021-07-29 00:00:00,-11.94029851
2021-07-30 00:00:00,-25.42372881
2021-07-31 00:00:00,56
2021-08-01 00:00:00,56
2021-08-02 00:00:00,0
2021-08-03 00:00:00,-2.564102564
2021-08-04 00:00:00,-2.631578947
2021-08-05 00:00:00,0
2021-08-06 00:00:00,-16.21621622
2021-08-07 00:00:00,0
2021-08-08 00:00:00,22.58064516
2021-08-09 00:00:00,5.263157895
2021-08-10 00:00:00,-2.5
2021-08-11 00:00:00,0
2021-08-12 00:00:00,-7.692307692
2021-08-13 00:00:00,-19.44444444
2021-08-14 00:00:00,0
2021-08-15 00:00:00,31.03448276
2021-08-16 00:00:00,7.894736842
2021-08-17 00:00:00,21.95121951
2021-08-18 00:00:00,-4
2021-08-19 00:00:00,-18.75
2021-08-20 00:00:00,-25.64102564
2021-08-21 00:00:00,0
2021-08-22 00:00:00,48.27586207
2021-08-23 00:00:00,27.90697674
2021-08-24 00:00:00,-21.81818182
2021-08-25 00:00:00,20.93023256
2021-08-26 00:00:00,23.07692308
2021-08-27 00:00:00,-42.1875
2021-08-28 00:00:00,-10.81081081
2021-08-29 00:00:00,30.3030303
2021-08-30 00:00:00,0
2021-08-31 00:00:00,0
2021-09-01 00:00:00,0
2021-09-02 00:00:00,-5
2021-09-03 00:00:00,-23.68421053
2021-09-04 00:00:00,17.24137931
2021-09-05 00:00:00,-8.823529412
2021-09-06 00:00:00,25.80645161
2021-09-07 00:00:00,2.564102564
2021-09-08 00:00:00,2.5
2021-09-09 00:00:00,-9.756097561
2021-09-10 00:00:00,-24.32432432
2021-09-11 00:00:00,-10.71428571
2021-09-12 00:00:00,68
2021-09-13 00:00:00,0
2021-09-14 00:00:00,0
2021-09-15 00:00:00,-7.142857143
2021-09-16 00:00:00,2.564102564
2021-09-17 00:00:00,-25
2021-09-18 00:00:00,0
2021-09-19 00:00:00,80
2021-09-20 00:00:00,11.11111111
2021-09-21 00:00:00,66.66666667
2021-09-22 00:00:00,-44
2021-09-23 00:00:00,-23.21428571
2021-09-24 00:00:00,-37.20930233
2021-09-25 00:00:00,-7.407407407
2021-09-26 00:00:00,60
2021-09-27 00:00:00,20
2021-09-28 00:00:00,-14.58333333
2021-09-29 00:00:00,4.87804878
2021-09-30 00:00:00,-34.09090909
2021-10-01 00:00:00,-34.09090909
2021-10-02 00:00:00,-6.896551724
2021-10-03 00:00:00,48.14814815
2021-10-04 00:00:00,10
2021-10-05 00:00:00,0
2021-10-06 00:00:00,-4.545454545
2021-10-07 00:00:00,-11.9047619
2021-10-08 00:00:00,-21.62162162
2021-10-09 00:00:00,-6.896551724
2021-10-10 00:00:00,40.74074074
2021-10-11 00:00:00,10.52631579
2021-10-12 00:00:00,9.523809524
2021-10-13 00:00:00,-4.347826087
2021-10-14 00:00:00,-11.36363636
2021-10-15 00:00:00,-23.07692308
2021-10-16 00:00:00,-13.33333333
2021-10-17 00:00:00,57.69230769
2021-10-18 00:00:00,0
2021-10-19 00:00:00,4.87804878
2021-10-20 00:00:00,2.325581395
2021-10-21 00:00:00,2.272727273
2021-10-22 00:00:00,-28.88888889
2021-10-23 00:00:00,-15.625
2021-10-24 00:00:00,55.55555556
2021-10-25 00:00:00,2.380952381
2021-10-26 00:00:00,2.325581395
2021-10-27 00:00:00,-2.272727273
2021-10-28 00:00:00,2.325581395
2021-10-29 00:00:00,-27.27272727
2021-10-30 00:00:00,-12.5
2021-10-31 00:00:00,27.77777778
2021-11-01 00:00:00,27.77777778
2021-11-02 00:00:00,56.52173913
2021-11-03 00:00:00,-41.66666667
2021-11-04 00:00:00,-23.80952381
2021-11-05 00:00:00,-25
2021-11-06 00:00:00,-16.66666667
2021-11-07 00:00:00,60
2021-11-08 00:00:00,6.25
2021-11-09 00:00:00,-5.882352941
2021-11-10 00:00:00,0
2021-11-11 00:00:00,-12.5
2021-11-12 00:00:00,-14.28571429
2021-11-13 00:00:00,-8.333333333
2021-11-14 00:00:00,45.45454545
2021-11-15 00:00:00,0
2021-11-16 00:00:00,0
2021-11-17 00:00:00,12.5
2021-11-18 00:00:00,-11.11111111
2021-11-19 00:00:00,-25
2021-11-20 00:00:00,-8.333333333
2021-11-21 00:00:00,72.72727273
2021-11-22 00:00:00,-10.52631579
2021-11-23 00:00:00,-5.882352941
2021-11-24 00:00:00,-31.25
2021-11-25 00:00:00,9.090909091
2021-11-26 00:00:00,0
2021-11-27 00:00:00,-16.66666667
2021-11-28 00:00:00,60
2021-11-29 00:00:00,18.75
2021-11-30 00:00:00,0
2021-12-01 00:00:00,0
2021-12-02 00:00:00,-6.25
2021-12-03 00:00:00,-20
2021-12-04 00:00:00,-8.333333333
2021-12-05 00:00:00,36.36363636
2021-12-06 00:00:00,6.666666667
2021-12-07 00:00:00,0
2021-12-08 00:00:00,6.25
2021-12-09 00:00:00,5.882352941
2021-12-10 00:00:00,-27.77777778
2021-12-11 00:00:00,-15.38461538
2021-12-12 00:00:00,90.90909091
2021-12-13 00:00:00,57.14285714
2021-12-14 00:00:00,160.6060606
2021-12-15 00:00:00,-66.27906977
2021-12-16 00:00:00,-41.37931034
2021-12-17 00:00:00,-23.52941176
2021-12-18 00:00:00,-23.07692308
2021-12-19 00:00:00,50
2021-12-20 00:00:00,0
2021-12-21 00:00:00,0
2021-12-22 00:00:00,0
2021-12-23 00:00:00,-20
2021-12-24 00:00:00,-41.66666667
2021-12-25 00:00:00,14.28571429
2021-12-26 00:00:00,37.5
2021-12-27 00:00:00,9.090909091
2021-12-28 00:00:00,0
2021-12-29 00:00:00,8.333333333
2021-12-30 00:00:00,-7.692307692
2021-12-31 00:00:00,12.5
2022-01-01 00:00:00,12.5
2022-01-02 00:00:00,55.55555556
2022-01-03 00:00:00,28.57142857
2022-01-04 00:00:00,-5.555555556
2022-01-05 00:00:00,17.64705882
2022-01-06 00:00:00,-10
2022-01-07 00:00:00,-33.33333333
2022-01-08 00:00:00,-8.333333333
2022-01-09 00:00:00,63.63636364
2022-01-10 00:00:00,22.22222222
2022-01-11 00:00:00,9.090909091
2022-01-12 00:00:00,-45.83333333
2022-01-13 00:00:00,0
2022-01-14 00:00:00,-7.692307692
2022-01-15 00:00:00,-25
2022-01-16 00:00:00,22.22222222
2022-01-17 00:00:00,36.36363636
2022-01-18 00:00:00,6.666666667
2022-01-19 00:00:00,0
2022-01-20 00:00:00,12.5
2022-01-21 00:00:00,-16.66666667
2022-01-22 00:00:00,-13.33333333
2022-01-23 00:00:00,84.61538462
2022-01-24 00:00:00,45.83333333
2022-01-25 00:00:00,185.7142857
2022-01-26 00:00:00,-70
2022-01-27 00:00:00,-40
2022-01-28 00:00:00,-33.33333333
2022-01-29 00:00:00,-8.333333333
2022-01-30 00:00:00,45.45454545
2022-01-31 00:00:00,5.555555556
2022-02-01 00:00:00,5.555555556
2022-02-02 00:00:00,-5.263157895
2022-02-03 00:00:00,0
2022-02-04 00:00:00,-16.66666667
2022-02-05 00:00:00,-6.666666667
2022-02-06 00:00:00,42.85714286
2022-02-07 00:00:00,0
2022-02-08 00:00:00,0
2022-02-09 00:00:00,10
2022-02-10 00:00:00,27.27272727
2022-02-11 00:00:00,-39.28571429
2022-02-12 00:00:00,-5.882352941
2022-02-13 00:00:00,125
2022-02-14 00:00:00,-30.55555556
2022-02-15 00:00:00,12
2022-02-16 00:00:00,-25
2022-02-17 00:00:00,0
2022-02-18 00:00:00,-33.33333333
2022-02-19 00:00:00,0
2022-02-20 00:00:00,28.57142857
2022-02-21 00:00:00,5.555555556
2022-02-22 00:00:00,-5.263157895
2022-02-23 00:00:00,-5.555555556
2022-02-24 00:00:00,5.882352941
2022-02-25 00:00:00,-22.22222222
2022-02-26 00:00:00,-7.142857143
2022-02-27 00:00:00,38.46153846
2022-02-28 00:00:00,15.78947368
2022-03-01 00:00:00,15.78947368
2022-03-02 00:00:00,-9.090909091
2022-03-03 00:00:00,-15
2022-03-04 00:00:00,-17.64705882
2022-03-05 00:00:00,-14.28571429
2022-03-06 00:00:00,58.33333333
2022-03-07 00:00:00,0
2022-03-08 00:00:00,-10.52631579
2022-03-09 00:00:00,29.41176471
2022-03-10 00:00:00,-9.090909091
2022-03-11 00:00:00,-20
2022-03-12 00:00:00,-6.25
2022-03-13 00:00:00,80
2022-03-14 00:00:00,33.33333333
2022-03-15 00:00:00,177.7777778
2022-03-16 00:00:00,-67
2022-03-17 00:00:00,-39.39393939
2022-03-18 00:00:00,-30
2022-03-19 00:00:00,-7.142857143
2022-03-20 00:00:00,53.84615385
2022-03-21 00:00:00,0
2022-03-22 00:00:00,0
2022-03-23 00:00:00,-5
2022-03-24 00:00:00,-5.263157895
2022-03-25 00:00:00,-22.22222222
2022-03-26 00:00:00,-14.28571429
2022-03-27 00:00:00,50
2022-03-28 00:00:00,5.555555556
2022-03-29 00:00:00,-10.52631579
2022-03-30 00:00:00,5.882352941
2022-03-31 00:00:00,5.882352941
